us_medicine,indian_medicine_equivalent,active_ingredient,drug_class,price_in_rupees,pricing_source
Potassium Chloride,None,Potassium chloride,Electrolyte,270.53,Global Indian Medicine Average
Furosemide,Lasix Tablet,Furosemide,Loop diuretic,13.94,Indian Medicine Dataset Match
Insulin,Insulin 40IU/ml Injection,Insulin,Insulin,143.42,Indian Medicine Dataset Match
0.9% Sodium Chloride,Normal Saline 0.9% Infusion,Sodium chloride,Crystalloid,31.28,Indian Medicine Dataset Match
5% Dextrose,Dextrose 5% Infusion,Dextrose,Crystalloid,33.45,Indian Medicine Dataset Match
Sodium Chloride 0.9%  Flush,Normal Saline 0.9% Infusion,Sodium chloride,Crystalloid,31.28,Indian Medicine Dataset Match
Warfarin,None,Warfarin,Vitamin K antagonist,270.53,Global Indian Medicine Average
Metoprolol Tartrate,Genericart Metoprolol Tartrate 50mg Tablet,Metoprolol,Beta-blocker,44.5,Indian Medicine Dataset Match
Acetaminophen,None,Acetaminophen,Analgesic and antipyretic,270.53,Global Indian Medicine Average
Magnesium Sulfate,Magnesium Sulphate 50%  Injection,Magnesium sulfate,Electrolyte,11.45,Indian Medicine Dataset Match
Heparin,Heparin Sodium 10000 IU Injection,Heparin,Anticoagulant,185.71,Indian Medicine Dataset Match
Bag,None,Unknown,Unknown,270.53,Global Indian Medicine Average
Iso-Osmotic Dextrose,Dextrose 5% Infusion,Dextrose,Crystalloid,33.45,Indian Medicine Dataset Match
Docusate Sodium,Constimilk Laxative,Docusate sodium,Stool softener,129.0,Indian Medicine Dataset Match
Senna,Laxocip 10mg Tablet,Sennosides,Stimulant laxative,49.0,Indian Medicine Dataset Match
Vancomycin,Vancomycin 500mg Injection,Vancomycin,Glycopeptide antibiotic,281.25,Indian Medicine Dataset Match
Aspirin,Aspirin 300mg Tablet,Aspirin,NSAID,2.0,Indian Medicine Dataset Match
Heparin Sodium,Heparin Sodium 10000 IU Injection,Heparin Sodium,Unfractionated heparin,185.71,Indian Medicine Dataset Match
Lisinopril,DavaIndia Lisinopril 2.5mg Tablet,Lisinopril,ACE Inhibitor,12.0,Indian Medicine Dataset Match
Metoprolol Succinate XL,DavaIndia Metoprolol Succinate 12.5mg Tablet ER,Metoprolol succinate,Beta-blocker,14.0,Indian Medicine Dataset Match
Torsemide,Genericart Torasemide 20mg Tablet,Torsemide,Loop diuretic,67.0,Indian Medicine Dataset Match
Amiodarone,None,Amiodarone,Class III antiarrhythmic,270.53,Global Indian Medicine Average
HYDROmorphone (Dilaudid),None,Hydromorphone,Opioid agonist,270.53,Global Indian Medicine Average
D5W,Dextrose 5% Infusion,Dextrose,Crystalloid,33.45,Indian Medicine Dataset Match
Dextrose 50%,Dextrose 25% Infusion,Dextrose,Hypertonic glucose solution,18.85,Indian Medicine Dataset Match
Lorazepam,StayHappi Lorazepam 2mg Tablet,Lorazepam,Benzodiazepine,16.0,Indian Medicine Dataset Match
Calcium Gluconate,None,Calcium gluconate,Calcium salt,270.53,Global Indian Medicine Average
Bisacodyl,DavaIndia Bisacodyl 5mg Tablet,Bisacodyl,Stimulant laxative,7.0,Indian Medicine Dataset Match
SW,None,Unknown,Unknown,270.53,Global Indian Medicine Average
Glucagon,None,Glucagon,Hormone,270.53,Global Indian Medicine Average
Carvedilol,None,Carvedilol,Beta-blocker,270.53,Global Indian Medicine Average
Morphine Sulfate,Opigesic 50mg Tablet,Morphine sulfate,Opioid analgesic,42.0,Indian Medicine Dataset Match
Ondansetron,DavaIndia Ondansetron 4mg Tablet,Ondansetron,Serotonin 5-HT3 receptor antagonist,15.0,Indian Medicine Dataset Match
Sodium Chloride 0.9%,Normal Saline 0.9% Infusion,Sodium chloride,Crystalloid,31.28,Indian Medicine Dataset Match
Sterile Water,None,Water,Diluent,270.53,Global Indian Medicine Average
Atorvastatin,DavaIndia Atorvastatin 80mg Tablet,Atorvastatin,HMG-CoA reductase inhibitor,55.0,Indian Medicine Dataset Match
OxycoDONE (Immediate Release),None,Oxycodone,Opioid agonist,270.53,Global Indian Medicine Average
Pantoprazole,Genericart Pantoprazole 40mg Tablet,Pantoprazole,Proton pump inhibitor,80.0,Indian Medicine Dataset Match
Spironolactone,Genericart Spironolactone 25mg Tablet,Spironolactone,Aldosterone receptor antagonist,30.0,Indian Medicine Dataset Match
Digoxin,Digoxin 0.25mg Tablet,Digoxin,Cardiac glycoside,7.73,Indian Medicine Dataset Match
0.9% Sodium Chloride (Mini Bag Plus),Normal Saline 0.9% Infusion,Sodium chloride,Crystalloid,31.28,Indian Medicine Dataset Match
Vial,None,Unknown,Unknown,270.53,Global Indian Medicine Average
Omeprazole,None,Omeprazole,Proton pump inhibitor,270.53,Global Indian Medicine Average
Polyethylene Glycol,Laxoviz Laxative Oral Suspension,Polyethylene glycol,Osmotic laxative,85.0,Indian Medicine Dataset Match
Potassium Chloride Replacement (Critical Care and Oncology),None,Potassium chloride,Electrolyte,270.53,Global Indian Medicine Average
Albuterol 0.083% Neb Soln,Salbutamol Resp Solution,Albuterol,Beta2-adrenergic agonist,13.27,Indian Medicine Dataset Match
Magnesium Oxide,None,Magnesium oxide,Mineral supplement,270.53,Global Indian Medicine Average
NS,Normal Saline 0.9% Infusion,Sodium chloride,Isotonic crystalloid,31.28,Indian Medicine Dataset Match
Lactated Ringers,RINGER LACTATE SOLUTION,"Sodium chloride, sodium lactate, potassium chloride, calcium chloride",Crystalloid,26.0,Indian Medicine Dataset Match
Glucose Gel,None,Glucose,Carbohydrate,270.53,Global Indian Medicine Average
Heparin Flush (10 units/ml),Heparin Sodium 10000 IU Injection,Heparin,Anticoagulant,185.71,Indian Medicine Dataset Match
HydrALAzine,Hydralazine Hydrochloride 20mg Injection,Hydralazine,Direct vasodilator,400.0,Indian Medicine Dataset Match
Levothyroxine Sodium,None,Levothyroxine sodium,Thyroid hormone,270.53,Global Indian Medicine Average
PredniSONE,None,Prednisone,Corticosteroid,270.53,Global Indian Medicine Average
Fentanyl Citrate,None,Fentanyl citrate,Opioid agonist,270.53,Global Indian Medicine Average
Simvastatin,StayHappi Simvastatin 10mg Tablet,Simvastatin,HMG-CoA reductase inhibitor,14.0,Indian Medicine Dataset Match
HydrALAZINE,Hydralazine Hydrochloride 20mg Injection,Hydralazine,Direct vasodilator,400.0,Indian Medicine Dataset Match
Multivitamins,None,Multiple vitamins,Vitamins,270.53,Global Indian Medicine Average
CefePIME,Cefaprime 1000mg Injection,Cefepime,Fourth-generation cephalosporin,210.0,Indian Medicine Dataset Match
Propofol,Propofol 1% Infusion,Propofol,Intravenous anesthetic,396.0,Indian Medicine Dataset Match
Gabapentin,DavaIndia Gabapentin 100mg Capsule,Gabapentin,Gabapentinoid,27.0,Indian Medicine Dataset Match
Influenza Virus Vaccine,Influenza Injection,Influenza virus vaccine,Vaccine,738.68,Indian Medicine Dataset Match
Ranitidine,Rantidine 150mg Tablet,Ranitidine,H2 receptor antagonist,7.67,Indian Medicine Dataset Match
Neutra-Phos,None,Sodium phosphate and potassium phosphate,Electrolyte supplement,270.53,Global Indian Medicine Average
OxyCODONE (Immediate Release),OXYZEN 10 MG TABLET,Oxycodone,Opioid agonist,120.0,Indian Medicine Dataset Match
Ipratropium Bromide Neb,Inhalex Respules,Ipratropium bromide,Anticholinergic,150.0,Indian Medicine Dataset Match
Vitamin D,None,Cholecalciferol,Fat-soluble vitamin,270.53,Global Indian Medicine Average
Captopril,Normopril 10mg Tablet,Captopril,ACE Inhibitor,60.57,Indian Medicine Dataset Match
Calcium Carbonate,Antacid Tablet,Calcium carbonate,Antacid,2.0,Indian Medicine Dataset Match
Acetaminophen IV,None,Acetaminophen,Non-opioid analgesic,270.53,Global Indian Medicine Average
Aspirin EC,Aspirin  50mg Tablet DR,Aspirin,NSAID,3.7,Indian Medicine Dataset Match
Midazolam,None,Midazolam,Benzodiazepine,270.53,Global Indian Medicine Average
Allopurinol,DavaIndia Allopurinol 100mg Tablet,Allopurinol,Xanthine oxidase inhibitor,15.0,Indian Medicine Dataset Match
Clopidogrel,Genericart Clopidogrel 75mg Tablet,Clopidogrel,Antiplatelet,73.0,Indian Medicine Dataset Match
Valsartan,DavaIndia Valsartan 80mg Tablet,Valsartan,Angiotensin II Receptor Blocker,28.0,Indian Medicine Dataset Match
Isosorbide Dinitrate,None,Isosorbide dinitrate,Nitrate,270.53,Global Indian Medicine Average
Lactulose,DavaIndia Lactulose 10gm Oral Solution,Lactulose,Osmotic laxative,62.0,Indian Medicine Dataset Match
Losartan Potassium,Genericart Losartan Potassium 50mg Tablet,Losartan potassium,Angiotensin II Receptor Blocker,53.2,Indian Medicine Dataset Match
Soln,None,Unknown,Unknown,270.53,Global Indian Medicine Average
FoLIC Acid,Folicon 5mg Tablet,Folic acid,Vitamin,19.0,Indian Medicine Dataset Match
Famotidine,Femotidine 20mg Tablet,Famotidine,H2-receptor antagonist,10.0,Indian Medicine Dataset Match
Albuterol Inhaler,Salbutamol Resp Solution,Albuterol,Beta2-adrenergic agonist,13.27,Indian Medicine Dataset Match
Diltiazem,DavaIndia Diltiazem 120mg Tablet,Diltiazem,Calcium channel blocker,28.0,Indian Medicine Dataset Match
Simethicone,None,Simethicone,Antiflatulent,270.53,Global Indian Medicine Average
Haloperidol,None,Haloperidol,Typical antipsychotic,270.53,Global Indian Medicine Average
Sodium Bicarbonate,None,Sodium bicarbonate,Alkalinizing agent,270.53,Global Indian Medicine Average
DiphenhydrAMINE,StayHappi Diphenhydramine 25mg Capsule,Diphenhydramine,First-generation antihistamine,19.0,Indian Medicine Dataset Match
Influenza Vaccine Quadrivalent,FluQuadri NH 2020-2021 Vaccine,Influenza virus vaccine,Vaccine,1690.0,Indian Medicine Dataset Match
Milrinone,None,Milrinone,Phosphodiesterase-3 (PDE3) inhibitor,270.53,Global Indian Medicine Average
TraZODone,None,Trazodone,Serotonin antagonist and reuptake inhibitor (SARI),270.53,Global Indian Medicine Average
Nitroglycerin,None,Nitroglycerin,Nitrate,270.53,Global Indian Medicine Average
LORazepam,StayHappi Lorazepam 2mg Tablet,Lorazepam,Benzodiazepine,16.0,Indian Medicine Dataset Match
CefazoLIN,Cefadin 1000mg Injection,Cefazolin,First-generation cephalosporin,54.28,Indian Medicine Dataset Match
Phytonadione,Phyto K1 5mg Tablet,Phytonadione,Vitamin K analog,66.28,Indian Medicine Dataset Match
Pneumococcal Vac Polyvalent,None,Pneumococcal polysaccharide vaccine,Vaccine,270.53,Global Indian Medicine Average
Chlorhexidine Gluconate 0.12% Oral Rinse,Clohex Mouth Wash,Chlorhexidine gluconate,Antiseptic,148.75,Indian Medicine Dataset Match
Isosorbide Mononitrate (Extended Release),DavaIndia Isosorbide Mononitrate 60mg Tablet ER,Isosorbide mononitrate,Nitrate,20.0,Indian Medicine Dataset Match
NORepinephrine,None,Norepinephrine,Alpha/Beta-adrenergic agonist,270.53,Global Indian Medicine Average
Lidocaine 5% Patch,Lignocaine 4% Cream,Lidocaine,Local anesthetic,11.87,Indian Medicine Dataset Match
Piperacillin-Tazobactam,Tazacillin 4000 mg/500 mg Injection,Piperacillin and tazobactam,Beta-lactam / beta-lactamase inhibitor combination,461.25,Indian Medicine Dataset Match
Oxycodone-Acetaminophen,None,Oxycodone and Acetaminophen,Opioid agonist and non-opioid analgesic combination,270.53,Global Indian Medicine Average
Iso-Osmotic Sodium Chloride,Normal Saline 0.9% Infusion,Sodium chloride,Crystalloid,31.28,Indian Medicine Dataset Match
PHENYLEPHrine,Solvin Decongestant Tablet,Phenylephrine,Alpha-1 adrenergic agonist,70.75,Indian Medicine Dataset Match
Ferrous Sulfate,Ferrous Max Tablet,Ferrous sulfate,Iron supplement,89.9,Indian Medicine Dataset Match
Thiamine,Thiamin Injection,Thiamine,Vitamin,55.68,Indian Medicine Dataset Match
TraMADOL (Ultram),Tramadol 50mg Capsule,Tramadol,Opioid analgesic,45.9,Indian Medicine Dataset Match
MetRONIDAZOLE (FLagyl),None,Metronidazole,Nitroimidazole,270.53,Global Indian Medicine Average
5% Dextrose (EXCEL BAG),Dextrose 5% Infusion,Dextrose,Crystalloid,33.45,Indian Medicine Dataset Match
Metoclopramide,Metoclopramide Hcl Injection,Metoclopramide,Dopamine receptor antagonist,9.3,Indian Medicine Dataset Match
Milk of Magnesia,None,Magnesium hydroxide,Saline laxative,270.53,Global Indian Medicine Average
Metolazone,None,Metolazone,Thiazide-like diuretic,270.53,Global Indian Medicine Average
D5 1/2NS,Electrolyte M 5% Infusion,"Dextrose, Sodium Chloride",Crystalloid,29.68,Indian Medicine Dataset Match
Lidocaine 1%,Xylocaine 1% Injection,Lidocaine,Local anesthetic,34.5,Indian Medicine Dataset Match
Enoxaparin Sodium,Nexaparin 60mg Injection,Enoxaparin sodium,Low molecular weight heparin,569.0,Indian Medicine Dataset Match
traZODONE,None,Trazodone,Serotonin antagonist and reuptake inhibitor (SARI),270.53,Global Indian Medicine Average
Aluminum-Magnesium Hydrox.-Simethicone,None,"Aluminum hydroxide, Magnesium hydroxide, Simethicone",Antacid/Antiflatulent Combination,270.53,Global Indian Medicine Average
LR,None,"Sodium chloride, sodium lactate, potassium chloride, calcium chloride",Crystalloid,270.53,Global Indian Medicine Average
Zolpidem Tartrate,Zoldem 10mg Tablet,Zolpidem tartrate,Non-benzodiazepine sedative-hypnotic,92.88,Indian Medicine Dataset Match
Amlodipine,DavaIndia Amlodipine 10mg Tablet,Amlodipine,Calcium channel blocker,10.0,Indian Medicine Dataset Match
DOBUTamine,None,Dobutamine,Beta-1 adrenergic agonist,270.53,Global Indian Medicine Average
Diazepam,None,Diazepam,Benzodiazepine,270.53,Global Indian Medicine Average
Potassium Chloride (Powder),None,Potassium chloride,Electrolyte,270.53,Global Indian Medicine Average
Nitroglycerin SL,None,Nitroglycerin,Nitrate,270.53,Global Indian Medicine Average
Ciprofloxacin HCl,StayHappi Ciprofloxacin 500mg Tablet,Ciprofloxacin,Fluoroquinolone,34.0,Indian Medicine Dataset Match
Tacrolimus,Lanolimus 0.25mg Tablet,Tacrolimus,Calcineurin inhibitor,406.0,Indian Medicine Dataset Match
Chlorothiazide Sodium,None,Chlorothiazide,Thiazide diuretic,270.53,Global Indian Medicine Average
Docusate Sodium (Liquid),Constimilk Laxative,Docusate sodium,Stool softener,129.0,Indian Medicine Dataset Match
Syringe,None,Unknown,Medical Device,270.53,Global Indian Medicine Average
Epoetin Alfa,Epofer 10000IU Injection,Epoetin alfa,Erythropoiesis-stimulating agent,2700.0,Indian Medicine Dataset Match
Heparin Dwell (1000 Units/mL),None,Heparin,Anticoagulant,270.53,Global Indian Medicine Average
Levofloxacin,None,Levofloxacin,Fluoroquinolone,270.53,Global Indian Medicine Average
Labetalol,DavaIndia Labetalol 100mg Tablet,Labetalol,Alpha and beta-blocker,45.0,Indian Medicine Dataset Match
Pravastatin,Cholvastatin 10mg Tablet,Pravastatin,HMG-CoA reductase inhibitor,135.0,Indian Medicine Dataset Match
Dextrose 5%,Dextrose 5% Infusion,Dextrose,Crystalloid,33.45,Indian Medicine Dataset Match
Tamsulosin,Genericart Tamsulosin 0.4mg Tablet,Tamsulosin,Alpha-1 blocker,81.0,Indian Medicine Dataset Match
Bumetanide,None,Bumetanide,Loop diuretic,270.53,Global Indian Medicine Average
CeftriaXONE,Ceftriobiotic 1000mg Injection,Ceftriaxone,Third-generation cephalosporin,59.0,Indian Medicine Dataset Match
Lidocaine Jelly 2% (Urojet),Xylocaine 2% Jelly,Lidocaine,Local anesthetic,66.7,Indian Medicine Dataset Match
LeVETiracetam,None,Levetiracetam,Anticonvulsant,270.53,Global Indian Medicine Average
Colchicine,Colchicindon 0.5mg Tablet,Colchicine,Antigout agent,12.29,Indian Medicine Dataset Match
Insulin Human Regular,Huminsulin R 100IU/ml Solution for Injection,Insulin Human,Short-acting insulin,539.0,Indian Medicine Dataset Match
Meropenem,Amropenem 500mg Injection,Meropenem,Carbapenem,1390.0,Indian Medicine Dataset Match
PNEUMOcoccal 23-valent polysaccharide vaccine,Pulmovax 23 Injection,Pneumococcal vaccine polyvalent,Vaccine,1365.0,Indian Medicine Dataset Match
Ramelteon,None,Ramelteon,Melatonin receptor agonist,270.53,Global Indian Medicine Average
Apixaban,Apxaban 5 Tablet,Apixaban,Factor Xa inhibitor,695.0,Indian Medicine Dataset Match
Albumin 25% (12.5g / 50mL),HUMAN ALBUMIN 20% INFUSION,Albumin human,Colloid volume expander,4332.0,Indian Medicine Dataset Match
MethylPREDNISolone Sodium Succ,Solu Medrol 250mg Injection,Methylprednisolone,Corticosteroid,662.45,Indian Medicine Dataset Match
Sertraline,None,Sertraline,Selective Serotonin Reuptake Inhibitor (SSRI),270.53,Global Indian Medicine Average
Potassium Phosphate,None,Potassium phosphate,Electrolyte,270.53,Global Indian Medicine Average
Ciprofloxacin IV,Ciprofloxacin Usp 200mg Infusion,Ciprofloxacin,Fluoroquinolone,11.67,Indian Medicine Dataset Match
Alteplase (Catheter Clearance),Actilyse 50mg Injection,Alteplase,Tissue plasminogen activator,49899.0,Indian Medicine Dataset Match
Ketorolac,Alkem Ketorolac 100mg Injection,Ketorolac,NSAID,24.0,Indian Medicine Dataset Match
Sodium Polystyrene Sulfonate,None,Sodium polystyrene sulfonate,Cation exchange resin,270.53,Global Indian Medicine Average
Cyanocobalamin,Vita B12 2500mcg Injection,Cyanocobalamin,Vitamin B12 analog,84.0,Indian Medicine Dataset Match
Prochlorperazine,DavaIndia Prochlorperazine 5mg Tablet,Prochlorperazine,Phenothiazine,15.0,Indian Medicine Dataset Match
Azithromycin,None,Azithromycin,Macrolide antibiotic,270.53,Global Indian Medicine Average
Oxycodone-Acetaminophen (5mg-325mg),StayHappi Tramadol+Paracetamol 37.5mg/325mg Tablet,Oxycodone and Acetaminophen,Opioid agonist and non-opioid analgesic combination,30.0,Indian Medicine Dataset Match
Rosuvastatin Calcium,DavaIndia Rosuvastatin 40mg Tablet,Rosuvastatin,HMG-CoA reductase inhibitor,50.0,Indian Medicine Dataset Match
1/2 NS,Normal Saline 0.9% Infusion,Sodium chloride,Crystalloid,31.28,Indian Medicine Dataset Match
Neomycin-Polymyxin-Bacitracin,None,"Neomycin, Polymyxin B, and Bacitracin",Topical Antibiotic,270.53,Global Indian Medicine Average
Cephalexin,CEPHALEXIN 250 MG TABLET,Cephalexin,First-generation cephalosporin,63.0,Indian Medicine Dataset Match
QUEtiapine Fumarate,StayHappi Quetiapine 100mg Tablet,Quetiapine,Atypical antipsychotic,40.0,Indian Medicine Dataset Match
Fluticasone Propionate NASAL,Rinomist-FP Nasal Spray,Fluticasone propionate,Corticosteroid,269.0,Indian Medicine Dataset Match
Ibuprofen,Ibugesic 600mg Tablet,Ibuprofen,Nonsteroidal anti-inflammatory drug (NSAID),15.21,Indian Medicine Dataset Match
Vasopressin,None,Vasopressin,Vasopressor,270.53,Global Indian Medicine Average
Potassium Chloride Replacement (Oncology),None,Potassium chloride,Electrolyte,270.53,Global Indian Medicine Average
Phenylephrine,None,Phenylephrine,Alpha-1 adrenergic agonist,270.53,Global Indian Medicine Average
Fluticasone Propionate 110mcg,None,Fluticasone propionate,Corticosteroid,270.53,Global Indian Medicine Average
Dexmedetomidine,Dexmedine Injection,Dexmedetomidine,Alpha-2 adrenergic agonist,241.56,Indian Medicine Dataset Match
Syringe (0.9% Sodium Chloride),None,Unknown,Isotonic Saline / Diluent,270.53,Global Indian Medicine Average
sevelamer CARBONATE,None,Sevelamer carbonate,Phosphate binder,270.53,Global Indian Medicine Average
Albumin 5% (12.5g / 250mL),Human Albumin 5% Infusion,Human albumin,Colloid plasma expander,5490.0,Indian Medicine Dataset Match
Nephrocaps,None,"B-complex vitamins, Vitamin C, Folic Acid",Water-soluble vitamins,270.53,Global Indian Medicine Average
Atropine Sulfate,Atropine Sulphate Injection,Atropine sulfate,Anticholinergic,11.25,Indian Medicine Dataset Match
CARVedilol,Genericart Carvedilol 3.125mg Tablet,Carvedilol,Beta-blocker,34.8,Indian Medicine Dataset Match
Benzonatate,None,Benzonatate,Antitussive,270.53,Global Indian Medicine Average
Sarna Lotion,None,Camphor and Menthol,Topical antipruritic,270.53,Global Indian Medicine Average
Tiotropium Bromide,Tiotrop Inhaler,Tiotropium bromide,Long-acting muscarinic antagonist,375.37,Indian Medicine Dataset Match
Acyclovir,Aciclovir 400 Tablet,Acyclovir,Nucleoside analogue antiviral,67.42,Indian Medicine Dataset Match
Fluticasone-Salmeterol Diskus (250/50),Avessa 250 Inhaler,Fluticasone propionate and Salmeterol,Inhaled corticosteroid (ICS) and long-acting beta2-adrenergic agonist (LABA) combination,698.0,Indian Medicine Dataset Match
Ipratropium-Albuterol Neb,Inhalex Respules,Ipratropium bromide / Albuterol sulfate,Anticholinergic and Beta2-adrenergic agonist combination,150.0,Indian Medicine Dataset Match
Lidocaine 1% (For PICC/Midline Insertions),None,Lidocaine,Local anesthetic,270.53,Global Indian Medicine Average
Calcitriol,None,Calcitriol,Vitamin D analog,270.53,Global Indian Medicine Average
Albumin 5% (25g / 500mL),Human Albumin 5% Infusion,Human albumin,Colloid plasma expander,5490.0,Indian Medicine Dataset Match
Mirtazapine,None,Mirtazapine,Tetracyclic antidepressant,270.53,Global Indian Medicine Average
Glycopyrrolate,None,Glycopyrrolate,Anticholinergic,270.53,Global Indian Medicine Average
Multivitamins W/minerals,None,Vitamins and Minerals,Vitamin/Mineral Combinations,270.53,Global Indian Medicine Average
Phosphorus,None,Phosphorus,Electrolyte,270.53,Global Indian Medicine Average
Midodrine,Mobrine 10mg Tablet IR,Midodrine,Alpha-1 adrenergic agonist,90.0,Indian Medicine Dataset Match
EPINEPHrine,Adrenaline Tartrate Injection,Epinephrine,Alpha/Beta adrenergic agonist,14.52,Indian Medicine Dataset Match
Prismasate (B32 K2),None,"Calcium chloride, magnesium chloride, sodium chloride, sodium bicarbonate, dextrose",Dialysis solution,270.53,Global Indian Medicine Average
0.45% Sodium Chloride,Sodium Chloride Infusion,Sodium chloride,Crystalloid,18.37,Indian Medicine Dataset Match
Sodium Chloride Nasal,Salin Saline Nasal Drops,Sodium chloride,Saline,36.0,Indian Medicine Dataset Match
Ipratropium Bromide MDI,None,Ipratropium bromide,Anticholinergic,270.53,Global Indian Medicine Average
Atenolol,Genericart Atenolol 50mg Tablet,Atenolol,Beta-blocker,27.0,Indian Medicine Dataset Match
Dexamethasone,Dexasone 0.5mg Tablet,Dexamethasone,Corticosteroid,2.13,Indian Medicine Dataset Match
Sodium Phosphate,None,Sodium phosphate,Saline laxative,270.53,Global Indian Medicine Average
Fluconazole,None,Fluconazole,Triazole antifungal,270.53,Global Indian Medicine Average
CefTRIAXone,None,Ceftriaxone,Third-generation cephalosporin,270.53,Global Indian Medicine Average
Ascorbic Acid,C Vit 500mg Tablet,Ascorbic acid,Vitamin,122.0,Indian Medicine Dataset Match
Sulfameth/Trimethoprim DS,Co Trimoxazole DS 800mg/160mg Tablet,Sulfamethoxazole and Trimethoprim,Sulfonamide and Folate Antagonist,14.0,Indian Medicine Dataset Match
Potassium Chl 20 mEq / 1000 mL D5 1/2 NS,Electrolyte M 5% Infusion,"Potassium chloride, dextrose, sodium chloride",Intravenous fluids,29.68,Indian Medicine Dataset Match
CeFAZolin,Cefadin 1000mg Injection,Cefazolin,First-generation cephalosporin,54.28,Indian Medicine Dataset Match
Rivaroxaban,Xarelto 10mg Tablet,Rivaroxaban,Factor Xa inhibitor,1015.0,Indian Medicine Dataset Match
Hydrocortisone Na Succ.,Hydrocortisone Sodium 100mg Injection,Hydrocortisone,Corticosteroid,63.0,Indian Medicine Dataset Match
DOPamine,Dopamine 200mg Injection,Dopamine,Sympathomimetic,22.0,Indian Medicine Dataset Match
Lidocaine,Xylocaine 1% Injection,Lidocaine,Local anesthetic,34.5,Indian Medicine Dataset Match
Guaifenesin,None,Guaifenesin,Expectorant,270.53,Global Indian Medicine Average
Citalopram,DavaIndia Escitalopram Oxalate 5mg Tablet,Citalopram,Selective serotonin reuptake inhibitor (SSRI),14.0,Indian Medicine Dataset Match
MetFORMIN (Glucophage),Genericart Metformin Hydrochloride 500mg Tablet,Metformin,Biguanide,19.38,Indian Medicine Dataset Match
Finasteride,StayHappi Finasteride 5mg Tablet,Finasteride,5-alpha-reductase inhibitor,58.88,Indian Medicine Dataset Match
Ferric Gluconate,None,Ferric gluconate,Iron replacement product,270.53,Global Indian Medicine Average
Lansoprazole Oral Disintegrating Tab,Genericart Esomeprazole 40mg Tablet,Lansoprazole,Proton pump inhibitor,69.0,Indian Medicine Dataset Match
Acetylcysteine 20%,None,Acetylcysteine,Mucolytic,270.53,Global Indian Medicine Average
amLODIPine,DavaIndia Amlodipine 10mg Tablet,Amlodipine,Calcium channel blocker,10.0,Indian Medicine Dataset Match
Mycophenolate Mofetil,Nephro Mmf 500mg Tablet,Mycophenolate mofetil,Immunosuppressant,767.0,Indian Medicine Dataset Match
Nicotine Patch,None,Nicotine,Nicotinic acetylcholine receptor agonist,270.53,Global Indian Medicine Average
Nystatin Oral Suspension,None,Nystatin,Polyene antifungal,270.53,Global Indian Medicine Average
Readi-Cat 2 (Barium Sulfate 2% Suspension),None,Barium sulfate,Radiopaque contrast medium,270.53,Global Indian Medicine Average
Diltiazem Extended-Release,None,Diltiazem,Calcium channel blocker,270.53,Global Indian Medicine Average
Norepinephrine,Nor Epineph 2mg Injection,Norepinephrine,Alpha/Beta-adrenergic agonist,192.0,Indian Medicine Dataset Match
Vancomycin Oral Liquid,None,Vancomycin,Glycopeptide antibiotic,270.53,Global Indian Medicine Average
Doxercalciferol,None,Doxercalciferol,Vitamin D analog,270.53,Global Indian Medicine Average
Mexiletine,None,Mexiletine,Class IB antiarrhythmic,270.53,Global Indian Medicine Average
Neostigmine,Myostigmin 0.5mg Injection 1ml,Neostigmine,Cholinesterase inhibitor,47.4,Indian Medicine Dataset Match
Lidocaine Jelly 2% (Glydo),Xylocaine 2% Jelly,Lidocaine,Local anesthetic,66.7,Indian Medicine Dataset Match
Hydrochlorothiazide,DavaIndia Hydrochlorothiazide 12.5mg Tablet,Hydrochlorothiazide,Thiazide diuretic,8.0,Indian Medicine Dataset Match
NS (Mini Bag Plus),Normal Saline 0.9% Infusion,Sodium chloride,Isotonic crystalloid,31.28,Indian Medicine Dataset Match
Quetiapine Fumarate,StayHappi Quetiapine 100mg Tablet,Quetiapine,Atypical antipsychotic,40.0,Indian Medicine Dataset Match
NIFEdipine CR,Genericart Nifedipine 10mg Tablet SR,Nifedipine,Calcium channel blocker,12.2,Indian Medicine Dataset Match
Sacubitril-Valsartan (24mg-26mg),None,Sacubitril-Valsartan,Angiotensin Receptor-Neprilysin Inhibitor (ARNI),270.53,Global Indian Medicine Average
Pantoprazole Sodium,Genericart Pantoprazole 40mg Tablet,Pantoprazole,Proton pump inhibitor,80.0,Indian Medicine Dataset Match
Clonazepam,DR Best Clonazepam 0.5 Tablet,Clonazepam,Benzodiazepine,20.0,Indian Medicine Dataset Match
TraMADol,Tramadol 50mg Capsule,Tramadol,Opioid analgesic,45.9,Indian Medicine Dataset Match
Artificial Tears,Tears Naturale II Lubricant Eye Drops,Unknown,Ophthalmic lubricant,196.0,Indian Medicine Dataset Match
Prismasate (B22 K4),None,"Calcium chloride, magnesium chloride, sodium chloride, sodium bicarbonate, dextrose",Dialysis solution,270.53,Global Indian Medicine Average
Clindamycin,StayHappi Clindamycin 300mg Tablet,Clindamycin,Lincosamide antibiotic,80.0,Indian Medicine Dataset Match
ClonazePAM,DR Best Clonazepam 0.5 Tablet,Clonazepam,Benzodiazepine,20.0,Indian Medicine Dataset Match
Miconazole Powder 2%,DavaIndia Sertaconazole 2% Cream,Miconazole,Azole antifungal,50.0,Indian Medicine Dataset Match
Doxycycline Hyclate,Omega Doxycycline 100mg Capsule,Doxycycline,Tetracycline antibiotic,80.0,Indian Medicine Dataset Match
Sodium CITRATE 4%,None,Sodium citrate,Anticoagulant,270.53,Global Indian Medicine Average
Methadone,None,Methadone,Opioid agonist,270.53,Global Indian Medicine Average
Fexofenadine,DavaIndia Fexofenadine 120mg Tablet,Fexofenadine,Second-generation antihistamine,29.0,Indian Medicine Dataset Match
PHENObarbital,Phenobarb 30mg Tablet,Phenobarbital,Barbiturate,8.04,Indian Medicine Dataset Match
Morphine SR (MS Contin),Painadol 100mg Tablet SR,Morphine,Opioid analgesic,66.35,Indian Medicine Dataset Match
Metoprolol,None,Metoprolol,Beta-blocker,270.53,Global Indian Medicine Average
Latanoprost 0.005% Ophth. Soln.,DavaIndia Latanoprost 0.005% Eye Drop,Latanoprost,Prostaglandin analog,140.0,Indian Medicine Dataset Match
Cisatracurium Besylate,None,Cisatracurium besylate,Non-depolarizing neuromuscular blocker,270.53,Global Indian Medicine Average
Heparin Flush (100 units/ml),Heparin Sodium 10000 IU Injection,Heparin,Anticoagulant,185.71,Indian Medicine Dataset Match
OLANZapine (Disintegrating Tablet),Olanzine 10mg Tablet MD,Olanzapine,Atypical antipsychotic,65.0,Indian Medicine Dataset Match
Dofetilide,None,Dofetilide,Class III antiarrhythmic,270.53,Global Indian Medicine Average
Fish Oil (Omega 3),None,Omega-3 fatty acids,Omega-3 Fatty Acids,270.53,Global Indian Medicine Average
Sucralfate,Sucralpro 1000mg Oral Suspension,Sucralfate,Mucosal protective agent,160.0,Indian Medicine Dataset Match
Maalox/Diphenhydramine/Lidocaine,None,"Aluminum hydroxide, Magnesium hydroxide, Diphenhydramine, Lidocaine","Antacid, Antihistamine, and Local Anesthetic Combination",270.53,Global Indian Medicine Average
Cepacol (Menthol),None,"Benzocaine, Menthol",Local anesthetic,270.53,Global Indian Medicine Average
Ondansetron ODT,Lesetron 4mg Tablet MD,Ondansetron,Serotonin 5-HT3 receptor antagonist,45.0,Indian Medicine Dataset Match
Sildenafil,Grace Drugs & Pharmaceuticals Sildenafil 50mg Tablet,Sildenafil,Phosphodiesterase-5 (PDE5) inhibitor,99.0,Indian Medicine Dataset Match
Eplerenone,None,Eplerenone,Mineralocorticoid receptor antagonist,270.53,Global Indian Medicine Average
Calcium Acetate,None,Calcium acetate,Phosphate binder,270.53,Global Indian Medicine Average
Sulfameth/Trimethoprim SS,Co Trimoxazole SS 400mg/80mg Tablet,Sulfamethoxazole and Trimethoprim,Sulfonamide combination,8.0,Indian Medicine Dataset Match
BuPROPion (Sustained Release),Bupron 300mg Tablet SR,Bupropion,Norepinephrine-dopamine reuptake inhibitor (NDRI),82.0,Indian Medicine Dataset Match
Amoxicillin-Clavulanic Acid,DavaIndia Amoxycillin+Clavulanic Acid 500mg/125mg Tablet,Amoxicillin and Clavulanic Acid,Penicillin antibiotic and Beta-lactamase inhibitor,72.0,Indian Medicine Dataset Match
Mupirocin Ointment 2%,Mupactin Ointment,Mupirocin,Topical Antibiotic,99.0,Indian Medicine Dataset Match
Epoprostenol (Veletri),None,Epoprostenol,Prostacyclin analogue,270.53,Global Indian Medicine Average
MoviPrep,Coloprep Bowel Preparation Kit (177ml Each) Delicious Lemon,"Polyethylene glycol 3350, sodium sulfate, sodium chloride, potassium chloride, sodium ascorbate, and ascorbic acid",Osmotic laxative,460.0,Indian Medicine Dataset Match
Morphine Sulfate IR,Opigesic 50mg Tablet,Morphine sulfate,Opioid analgesic,42.0,Indian Medicine Dataset Match
Citalopram Hydrobromide,DavaIndia Escitalopram Oxalate 5mg Tablet,Citalopram,Selective Serotonin Reuptake Inhibitor (SSRI),14.0,Indian Medicine Dataset Match
Daptomycin,None,Daptomycin,Lipopeptide antibiotic,270.53,Global Indian Medicine Average
Heparin (Hemodialysis),Heparin Sodium 10000 IU Injection,Heparin,Anticoagulant,185.71,Indian Medicine Dataset Match
Sotalol,None,Sotalol,Beta-blocker,270.53,Global Indian Medicine Average
D5NS,Normal Saline 0.9% Infusion,Dextrose and Sodium Chloride,Crystalloid,31.28,Indian Medicine Dataset Match
Cyclobenzaprine,None,Cyclobenzaprine,Skeletal muscle relaxant,270.53,Global Indian Medicine Average
Fentanyl Patch,Fentrans 50mcg Transdermal Patch,Fentanyl,Opioid analgesic,940.0,Indian Medicine Dataset Match
CefTAZidime,Ceftazim 250 Injection,Ceftazidime,Third-generation cephalosporin,63.4,Indian Medicine Dataset Match
Meperidine,None,Meperidine,Opioid agonist,270.53,Global Indian Medicine Average
GlipiZIDE,DavaIndia Glipizide 5mg Tablet,Glipizide,Sulfonylurea,5.0,Indian Medicine Dataset Match
Pregabalin,None,Pregabalin,Gabapentinoid,270.53,Global Indian Medicine Average
Fluoxetine,None,Fluoxetine,Selective Serotonin Reuptake Inhibitor (SSRI),270.53,Global Indian Medicine Average
Acetaminophen (Liquid),DR Best Paracetamol 250 Oral Suspension,Acetaminophen,Analgesic and antipyretic,25.0,Indian Medicine Dataset Match
Mupirocin Nasal Ointment 2%,None,Mupirocin,Antibiotic,270.53,Global Indian Medicine Average
HYDROmorphone,None,Hydromorphone,Opioid agonist,270.53,Global Indian Medicine Average
CloniDINE,None,Clonidine,Centrally acting alpha-2 adrenergic agonist,270.53,Global Indian Medicine Average
Enalapril Maleate,Genericart Enalapril 2.5mg Tablet,Enalapril,ACE Inhibitor,19.0,Indian Medicine Dataset Match
Nitroprusside Sodium,None,Sodium nitroprusside,Vasodilator,270.53,Global Indian Medicine Average
Hydrocortisone,Hydrocortisone Sodium 100mg Injection,Hydrocortisone,Corticosteroid,63.0,Indian Medicine Dataset Match
HydrOXYzine,Genericart Hydroxyzine Hydrochloride 25mg Tablet,Hydroxyzine,First-generation antihistamine,52.0,Indian Medicine Dataset Match
OLANZapine,Genericart Olanzapine 5mg Tablet,Olanzapine,Atypical antipsychotic,30.0,Indian Medicine Dataset Match
Dabigatran Etexilate,Dabixxa 75mg Tablet,Dabigatran etexilate,Direct thrombin inhibitor,200.0,Indian Medicine Dataset Match
Heparin Flush (1000 units/mL),Heparin Sodium 10000 IU Injection,Heparin,Anticoagulant,185.71,Indian Medicine Dataset Match
Venlafaxine XR,Venfax 75mg Tablet PR,Venlafaxine,Serotonin-norepinephrine reuptake inhibitor (SNRI),39.0,Indian Medicine Dataset Match
MetroNIDAZOLE,None,Metronidazole,Nitroimidazole,270.53,Global Indian Medicine Average
Olanzapine (Disintegrating Tablet),Olanzine 10mg Tablet MD,Olanzapine,Atypical antipsychotic,65.0,Indian Medicine Dataset Match
Sacubitril-Valsartan (49mg-51mg),None,Sacubitril-Valsartan,Angiotensin Receptor-Neprilysin Inhibitor (ARNI),270.53,Global Indian Medicine Average
LevETIRAcetam,Genericart Levetiracetam 500mg Tablet,Levetiracetam,Anticonvulsant,120.0,Indian Medicine Dataset Match
Guaifenesin-Dextromethorphan,Zentoril-DX Expectorant,Guaifenesin and Dextromethorphan,Expectorant and Antitussive,75.0,Indian Medicine Dataset Match
OxyCODONE SR (OxyconTIN),None,Oxycodone,Opioid agonist,270.53,Global Indian Medicine Average
CycloSPORINE (Neoral) MODIFIED,DavaIndia Ciclosporin 100mg Capsule,Cyclosporine,Calcineurin inhibitor,125.0,Indian Medicine Dataset Match
Phenytoin Sodium,Phenytoin Sodium 100mg Injection,Phenytoin sodium,Hydantoin anticonvulsant,75.0,Indian Medicine Dataset Match
Insulin (Regular) for Hyperkalemia,Huminsulin R 100IU/ml Solution for Injection,Regular insulin,Insulin,539.0,Indian Medicine Dataset Match
LOPERamide,StayHappi Loperamide 2mg Capsule,Loperamide,Opioid agonist,14.0,Indian Medicine Dataset Match
Albuterol-Ipratropium,None,Albuterol and Ipratropium,Beta2-adrenergic agonist and Anticholinergic,270.53,Global Indian Medicine Average
Hydrocodone-Acetaminophen,Painadol P 325mg/37.5mg Tablet,Hydrocodone and Acetaminophen,Opioid analgesic combination,33.56,Indian Medicine Dataset Match
Voriconazole,DavaIndia Voriconazole 200mg Tablet MD,Voriconazole,Triazole antifungal,430.0,Indian Medicine Dataset Match
Linezolid,Linezolid 600 Tablet,Linezolid,Oxazolidinone,400.0,Indian Medicine Dataset Match
Fluticasone-Salmeterol Diskus (500/50),Avessa 250 Inhaler,Fluticasone propionate and Salmeterol,Inhaled corticosteroid (ICS) and long-acting beta2-adrenergic agonist (LABA) combination,698.0,Indian Medicine Dataset Match
AcetaZOLamide Sodium,None,Acetazolamide sodium,Carbonic anhydrase inhibitor,270.53,Global Indian Medicine Average
ALPRAZolam,None,Alprazolam,Benzodiazepine,270.53,Global Indian Medicine Average
Montelukast Sodium,Genericart Montelukast 10mg Tablet,Montelukast sodium,Leukotriene receptor antagonist,147.0,Indian Medicine Dataset Match
Piperacillin-Tazobactam Na,Tazacillin 4000 mg/500 mg Injection,Piperacillin and Tazobactam,Penicillin / Beta-lactamase inhibitor,461.25,Indian Medicine Dataset Match
OxycoDONE Liquid,Opigesic 50mg Tablet,Oxycodone,Opioid analgesic,42.0,Indian Medicine Dataset Match
Guaifenesin-CODEINE Phosphate,None,"Guaifenesin, Codeine phosphate",Expectorant and Opioid Antitussive,270.53,Global Indian Medicine Average
Ampicillin-Sulbactam,None,Ampicillin/Sulbactam,Aminopenicillin/Beta-lactamase inhibitor,270.53,Global Indian Medicine Average
Loperamide,StayHappi Loperamide 2mg Capsule,Loperamide,Opioid agonist,14.0,Indian Medicine Dataset Match
D5W (EXCEL BAG),Dextrose 5% Infusion,Dextrose,Crystalloid,33.45,Indian Medicine Dataset Match
Cinacalcet,None,Cinacalcet,Calcimimetic,270.53,Global Indian Medicine Average
MetOLazone,None,Metolazone,Thiazide-like diuretic,270.53,Global Indian Medicine Average
Oxycodone SR (OxyconTIN),None,Oxycodone,Opioid agonist,270.53,Global Indian Medicine Average
Cepacol (Sore Throat Lozenge),None,"Benzocaine, Menthol",Local anesthetic,270.53,Global Indian Medicine Average
Octreotide Acetate,None,Octreotide,Somatostatin analog,270.53,Global Indian Medicine Average
Ezetimibe,Ezetib 10mg Tablet,Ezetimibe,Cholesterol absorption inhibitor,59.0,Indian Medicine Dataset Match
0.9% Sodium Chloride (EXCEL BAG),Normal Saline 0.9% Infusion,Sodium chloride,Crystalloid,31.28,Indian Medicine Dataset Match
GlyBURIDE,DavaIndia Glibenclamide 5mg Tablet,Glyburide,Sulfonylurea,5.0,Indian Medicine Dataset Match
Fosphenytoin,None,Fosphenytoin,Hydantoin anticonvulsant,270.53,Global Indian Medicine Average
Promethazine,DavaIndia Prochlorperazine 5mg Tablet,Promethazine,Phenothiazine derivative,15.0,Indian Medicine Dataset Match
Micafungin,Micafung Plus 100mg Injection,Micafungin,Echinocandin,12999.0,Indian Medicine Dataset Match
Tuberculin Protein,None,Tuberculin Purified Protein Derivative,Diagnostic Antigen,270.53,Global Indian Medicine Average
Scopolamine Patch,None,Scopolamine,Anticholinergic,270.53,Global Indian Medicine Average
Oxymetazoline,Oxymist Adult 0.05% Nasal Spray,Oxymetazoline,Alpha-adrenergic agonist,49.0,Indian Medicine Dataset Match
Paroxetine,Paroxitin 20 Tablet,Paroxetine,Selective Serotonin Reuptake Inhibitor (SSRI),25.0,Indian Medicine Dataset Match
Atovaquone Suspension,None,Atovaquone,Hydroxynaphthoquinone,270.53,Global Indian Medicine Average
GuaiFENesin,None,Guaifenesin,Expectorant,270.53,Global Indian Medicine Average
Doxazosin,None,Doxazosin,Alpha-1 blocker,270.53,Global Indian Medicine Average
Citrate Dextrose 3% (ACD-A) CRRT,None,"Citrate, Dextrose",Calcium chelator,270.53,Global Indian Medicine Average
Sacubitril-Valsartan (97mg-103mg),None,Sacubitril-Valsartan,Angiotensin Receptor-Neprilysin Inhibitor (ARNI),270.53,Global Indian Medicine Average
Amitriptyline,None,Amitriptyline,Tricyclic antidepressant,270.53,Global Indian Medicine Average
Ursodiol,StayHappi Ursodeoxycholic Acid/Ursodiol 300mg Tablet,Ursodiol,Bile acid,230.0,Indian Medicine Dataset Match
Cepastat (Phenol) Lozenge,None,Phenol,Local anesthetic,270.53,Global Indian Medicine Average
NiCARdipine IV,None,Nicardipine,Calcium channel blocker,270.53,Global Indian Medicine Average
ValGANCIclovir,None,Valganciclovir,Nucleoside analogue antiviral,270.53,Global Indian Medicine Average
Tizanidine,Tizan 2 Tablet,Tizanidine,Centrally acting alpha-2 adrenergic agonist,164.0,Indian Medicine Dataset Match
Verapamil SR,None,Verapamil,Calcium channel blocker,270.53,Global Indian Medicine Average
Valproate Sodium,None,Valproate sodium,Anticonvulsant,270.53,Global Indian Medicine Average
Syringe (Iso-Osmotic Dextrose),None,Unknown,IV Fluid / Diluent,270.53,Global Indian Medicine Average
AcetaZOLamide,None,Acetazolamide,Carbonic anhydrase inhibitor,270.53,Global Indian Medicine Average
Influenza Vaccine High-Dose Quadrivalent,FluQuadri NH 2020-2021 Vaccine,Influenza virus vaccine,"Vaccine, Inactivated",1690.0,Indian Medicine Dataset Match
FLUoxetine,None,Fluoxetine,Selective Serotonin Reuptake Inhibitor (SSRI),270.53,Global Indian Medicine Average
Argatroban,None,Argatroban,Direct thrombin inhibitor,270.53,Global Indian Medicine Average
Terazosin,DavaIndia Terazosin 1mg Tablet,Terazosin,Alpha-1 blocker,12.0,Indian Medicine Dataset Match
Cefpodoxime Proxetil,StayHappi Cefpodoxime Proxetil 200mg Tablet,Cefpodoxime proxetil,Third-generation cephalosporin,94.0,Indian Medicine Dataset Match
Magnesium Citrate,Constimilk Laxative,Magnesium citrate,Osmotic laxative,129.0,Indian Medicine Dataset Match
quiniDINE Gluconate E.R.,None,Quinidine gluconate,Class Ia antiarrhythmic,270.53,Global Indian Medicine Average
Artificial Tear Ointment,Lacrigel Ocular Lubricant,Unknown,Ophthalmic lubricant,101.0,Indian Medicine Dataset Match
Cetirizine,Cetirizine 10mg Tablet,Cetirizine,Second-generation antihistamine,16.0,Indian Medicine Dataset Match
Duloxetine,DavaIndia Duloxetine 30mg Tablet,Duloxetine,Serotonin-norepinephrine reuptake inhibitor (SNRI),30.0,Indian Medicine Dataset Match
Loratadine,DavaIndia Loratadine 10mg Tablet,Loratadine,Second-generation antihistamine,30.0,Indian Medicine Dataset Match
Olanzapine,Genericart Olanzapine 5mg Tablet,Olanzapine,Atypical antipsychotic,30.0,Indian Medicine Dataset Match
Bivalirudin,None,Bivalirudin,Direct thrombin inhibitor,270.53,Global Indian Medicine Average
Rifaximin,DavaIndia Rifaximin 200mg Tablet,Rifaximin,Rifamycin antibiotic,80.0,Indian Medicine Dataset Match
Filgrastim,Neupogen 300mcg Injection,Filgrastim,Granulocyte colony-stimulating factor (G-CSF) analog,2600.0,Indian Medicine Dataset Match
Alprazolam,None,Alprazolam,Benzodiazepine,270.53,Global Indian Medicine Average
GlipiZIDE XL,DavaIndia Glipizide 5mg Tablet,Glipizide,Sulfonylurea,5.0,Indian Medicine Dataset Match
Esmolol,None,Esmolol,Beta-blocker,270.53,Global Indian Medicine Average
sevelamer HYDROCHLORIDE,Sevelamer 800 Tablet,Sevelamer hydrochloride,Phosphate binder,410.0,Indian Medicine Dataset Match
Albumin 5%,Human Albumin 5% Infusion,Human albumin,Colloid plasma expander,5490.0,Indian Medicine Dataset Match
Brimonidine Tartrate 0.15% Ophth.,None,Brimonidine tartrate,Alpha-2 adrenergic agonist,270.53,Global Indian Medicine Average
Azithromycin,None,Azithromycin,Macrolide antibiotic,270.53,Global Indian Medicine Average
Acetaminophen-Caff-Butalbital,None,"Acetaminophen, Caffeine, Butalbital",Analgesic combination,270.53,Global Indian Medicine Average
Nafcillin,None,Nafcillin,Antistaphylococcal penicillin,270.53,Global Indian Medicine Average
Lidocaine Viscous 2%,Mucoral 2 % Viscous Oral Topical Solution,Lidocaine,Local anesthetic,235.0,Indian Medicine Dataset Match
Paricalcitol,None,Paricalcitol,Vitamin D analog,270.53,Global Indian Medicine Average
Escitalopram Oxalate,DavaIndia Escitalopram Oxalate 5mg Tablet,Escitalopram,Selective Serotonin Reuptake Inhibitor (SSRI),14.0,Indian Medicine Dataset Match
0.9% NaCl (EXCEL/ViaFLO BAG),Normal Saline 0.9% Infusion,Sodium chloride,Crystalloid,31.28,Indian Medicine Dataset Match
Sodium Chloride,Sodium Chloride Infusion,Sodium chloride,Electrolyte,18.37,Indian Medicine Dataset Match
Epinephrine,Adrenaline Tartrate Injection,Epinephrine,Alpha/Beta adrenergic agonist,14.52,Indian Medicine Dataset Match
Creon 12,None,Pancrelipase,Pancreatic enzyme,270.53,Global Indian Medicine Average
Artificial Tears Preserv. Free,Tears Naturale II Lubricant Eye Drops,Unknown,Ophthalmic lubricant,196.0,Indian Medicine Dataset Match
CycloSPORINE (Sandimmune),DavaIndia Ciclosporin 100mg Capsule,Cyclosporine,Calcineurin inhibitor,125.0,Indian Medicine Dataset Match
Golytely,Laxolite 10gm Oral Laxative Liquid Sugar Free,Polyethylene glycol 3350 and electrolytes,Osmotic laxative,170.42,Indian Medicine Dataset Match
Sirolimus,Rapamune 1mg Tablet,Sirolimus,mTOR inhibitor,3709.67,Indian Medicine Dataset Match
Heparin (CRRT Machine Priming),Heparin Sodium 10000 IU Injection,Heparin,Anticoagulant,185.71,Indian Medicine Dataset Match
Cosyntropin,ACTH INJECTION,Cosyntropin,ACTH analog,1510.0,Indian Medicine Dataset Match
Bupivacaine 0.1%,None,Bupivacaine,Amide local anesthetic,270.53,Global Indian Medicine Average
D10W,DEXTROSE 10% INFUSION,Dextrose,Intravenous fluid,28.75,Indian Medicine Dataset Match
Potassium Chl 20 mEq / 1000 mL NS,None,"Potassium chloride, Sodium chloride",Electrolyte,270.53,Global Indian Medicine Average
Erythromycin 0.5% Ophth Oint,Elmycin Eye Drop,Erythromycin,Macrolide antibiotic,70.4,Indian Medicine Dataset Match
Baclofen,DavaIndia Baclofen 10mg Tablet,Baclofen,GABA-B receptor agonist,15.0,Indian Medicine Dataset Match
PHENObarbital Alcohol Withdrawal Dose Taper (Days 2-7),None,Phenobarbital,Barbiturate,270.53,Global Indian Medicine Average
Vitamin E,None,Alpha-tocopherol,Fat-soluble vitamin,270.53,Global Indian Medicine Average
Alendronate Sodium,Alendate 70 Tablet,Alendronate sodium,Bisphosphonate,165.0,Indian Medicine Dataset Match
Enoxaparin (Prophylaxis),None,Enoxaparin,Low molecular weight heparin,270.53,Global Indian Medicine Average
0.9 % Sodium Chloride,Normal Saline 0.9% Infusion,Sodium chloride,Crystalloid,31.28,Indian Medicine Dataset Match
Albumin 25%,HUMAN ALBUMIN 20% INFUSION,Albumin human,Colloid volume expander,4332.0,Indian Medicine Dataset Match
Dextrose 10% in Water (D10W),DEXTROSE 10% INFUSION,Dextrose,Intravenous fluid,28.75,Indian Medicine Dataset Match
Oxybutynin,Oxybuta Tablet,Oxybutynin,Anticholinergic,42.25,Indian Medicine Dataset Match
Ampicillin Sodium,None,Ampicillin,Aminopenicillin,270.53,Global Indian Medicine Average
BuPROPion,Buprex 150mg Tablet SR,Bupropion,Norepinephrine-dopamine reuptake inhibitor (NDRI),90.0,Indian Medicine Dataset Match
Verapamil,None,Verapamil,Calcium channel blocker,270.53,Global Indian Medicine Average
Vitamin B Complex,None,B-complex vitamins,Vitamin,270.53,Global Indian Medicine Average
PENTObarbital Sodium,None,Pentobarbital sodium,Barbiturate,270.53,Global Indian Medicine Average
Aerogen Syringe (NS),None,Unknown,Unknown,270.53,Global Indian Medicine Average
Donepezil,DavaIndia Donepezil 5mg Tablet,Donepezil,Acetylcholinesterase inhibitor,22.0,Indian Medicine Dataset Match
LaMIVudine,Lamivir HBV Tablet,Lamivudine,Nucleoside reverse transcriptase inhibitor (NRTI),158.38,Indian Medicine Dataset Match
Oxcarbazepine,Genericart Oxcarbazepine 300mg Tablet,Oxcarbazepine,Anticonvulsant,110.0,Indian Medicine Dataset Match
Montelukast,Genericart Montelukast 10mg Tablet,Montelukast,Leukotriene receptor antagonist,147.0,Indian Medicine Dataset Match
Insulin Glargine  (CVICU Protocol),None,Insulin glargine,Long-acting insulin analog,270.53,Global Indian Medicine Average
Chloraseptic Throat Spray,None,Phenol,Local anesthetic,270.53,Global Indian Medicine Average
Hydroxychloroquine Sulfate,Hcquin 200mg Tablet,Hydroxychloroquine,Aminoquinoline,63.0,Indian Medicine Dataset Match
Fleet Enema,None,Sodium phosphates,Saline laxative,270.53,Global Indian Medicine Average
Topiramate (Topamax),DavaIndia Topiramate 50mg Tablet,Topiramate,Anticonvulsant,11.0,Indian Medicine Dataset Match
Ropinirole,None,Ropinirole,Dopamine agonist,270.53,Global Indian Medicine Average
Tobramycin Sulfate,Tobracin Eye Drop,Tobramycin,Aminoglycoside,48.75,Indian Medicine Dataset Match
Protamine Sulfate,None,Protamine sulfate,Heparin antagonist,270.53,Global Indian Medicine Average
Niacin SR,Nialip 500mg Tablet CR,Niacin,Nicotinic acid derivative,26.85,Indian Medicine Dataset Match
BusPIRone,Buspitor 15mg Tablet,Buspirone,Azapirone,84.0,Indian Medicine Dataset Match
Carbidopa-Levodopa (25-100),Duodopa 100mg/10mg Tablet,Carbidopa and Levodopa,Dopaminergic agent,12.74,Indian Medicine Dataset Match
Multivitamin IV,None,Multiple vitamins,Vitamins,270.53,Global Indian Medicine Average
LACOSamide,Genericart Lacosamide  100mg Tablet,Lacosamide,Anticonvulsant,128.0,Indian Medicine Dataset Match
PNEUMOcoccal Vac Polyvalent,Pneumovax 23 Vaccine,Pneumococcal polysaccharide vaccine,Vaccine,2100.0,Indian Medicine Dataset Match
D5LR,Electrolyte M 5% Infusion,"Dextrose, Sodium Chloride, Sodium Lactate, Potassium Chloride, Calcium Chloride",Intravenous crystalloid,29.68,Indian Medicine Dataset Match
Eptifibatide,Eptifab 0.75mg/ml Infusion,Eptifibatide,Glycoprotein IIb/IIIa inhibitor,13550.0,Indian Medicine Dataset Match
Mouth Care Oral Rinse,None,Unknown,Unknown,270.53,Global Indian Medicine Average
Albuterol,None,Albuterol,Beta2-adrenergic agonist,270.53,Global Indian Medicine Average
Aerogen Syringe (SW),None,Unknown,Medical Device / Diluent,270.53,Global Indian Medicine Average
Aztreonam,None,Aztreonam,Monobactam,270.53,Global Indian Medicine Average
Syringe (SW),None,Unknown,Unknown,270.53,Global Indian Medicine Average
Rocuronium,Rocunium 50mg Injection,Rocuronium,Non-depolarizing neuromuscular blocker,473.0,Indian Medicine Dataset Match
Lanthanum,Lanthonate 500mg Tablet,Lanthanum carbonate,Phosphate binder,224.0,Indian Medicine Dataset Match
Metoprolol XL (Toprol XL),DavaIndia Metoprolol Succinate 12.5mg Tablet ER,Metoprolol,Beta-blocker,14.0,Indian Medicine Dataset Match
Valproic Acid,Genericart Sodium Valproate+Valproic Acid 200mg/87mg Tablet,Valproic acid,Anticonvulsant,61.0,Indian Medicine Dataset Match
Fluticasone-Salmeterol Diskus (100/50),Symbiva 200 mcg Inhaler,Fluticasone propionate and Salmeterol,Inhaled corticosteroid (ICS) and long-acting beta2-adrenergic agonist (LABA) combination,317.5,Indian Medicine Dataset Match
Lidocaine 5% Ointment,Lignocaine 4% Cream,Lidocaine,Local anesthetic,11.87,Indian Medicine Dataset Match
Hydrocerin,None,"Petrolatum, Mineral oil",Emollient,270.53,Global Indian Medicine Average
Venlafaxine,Venfax 75mg Tablet PR,Venlafaxine,Serotonin-norepinephrine reuptake inhibitor (SNRI),39.0,Indian Medicine Dataset Match
Amoxicillin,Amoxycillin 250mg Tablet,Amoxicillin,Penicillin antibiotic,15.0,Indian Medicine Dataset Match
Divalproex (DELayed Release),DavaIndia Divalproex 500mg Tablet ER,Divalproex sodium,Anticonvulsant,46.0,Indian Medicine Dataset Match
Phenytoin,Phenytoin Sodium 100mg Injection,Phenytoin,Hydantoin anticonvulsant,75.0,Indian Medicine Dataset Match
Meclizine,None,Meclizine,Antihistamine,270.53,Global Indian Medicine Average
Gentamicin,Gentamycin Injection,Gentamicin,Aminoglycoside,24.12,Indian Medicine Dataset Match
Phenytoin (Suspension),None,Phenytoin,Hydantoin anticonvulsant,270.53,Global Indian Medicine Average
Timolol Maleate 0.5%,StayHappi Timolol 0.5% Eye Drop,Timolol maleate,Beta-blocker,17.78,Indian Medicine Dataset Match
PrednisoLONE Acetate 1% Ophth. Susp.,Prednisolone Acetate Eye Drop,Prednisolone acetate,Corticosteroid,66.0,Indian Medicine Dataset Match
Sodium Chloride 3% (Hypertonic),Sodium Chloride 3% Infusion,Sodium chloride,Hypertonic saline,40.0,Indian Medicine Dataset Match
Clonidine Patch 0.3 mg/24 hr,None,Clonidine,Alpha-2 adrenergic agonist,270.53,Global Indian Medicine Average
Dolutegravir,None,Dolutegravir,Integrase strand transfer inhibitor,270.53,Global Indian Medicine Average
Xopenex Neb,None,Levalbuterol,Beta2-adrenergic agonist,270.53,Global Indian Medicine Average
Psyllium,None,Psyllium,Bulk-forming laxative,270.53,Global Indian Medicine Average
TB Syringe,None,Unknown,Medical Device,270.53,Global Indian Medicine Average
Albuterol MDI,Salbutamol Resp Solution,Albuterol,Beta-2 adrenergic agonist,13.27,Indian Medicine Dataset Match
Insulin Regular Human (U-500),Huminsulin R 100IU/ml Solution for Injection,Regular human insulin,Short-acting insulin,539.0,Indian Medicine Dataset Match
Phenytoin Sodium Extended,None,Phenytoin sodium,Hydantoin anticonvulsant,270.53,Global Indian Medicine Average
Naloxone,None,Naloxone,Opioid antagonist,270.53,Global Indian Medicine Average
Desmopressin Acetate,None,Desmopressin acetate,Vasopressin analogue,270.53,Global Indian Medicine Average
Yellow CADD Cassette,None,Unknown,Medical Device,270.53,Global Indian Medicine Average
Gemfibrozil,None,Gemfibrozil,Fibrate,270.53,Global Indian Medicine Average
Vitamin D3 (Cholecalciferol),Vito Gold D3 Oral Solution,Cholecalciferol,Vitamin D analog,70.0,Indian Medicine Dataset Match
Nortriptyline,DavaIndia Amitriptyline 10mg Tablet,Nortriptyline,Tricyclic antidepressant,9.0,Indian Medicine Dataset Match
Nitroglycerin Ointment  2%,None,Nitroglycerin,Nitrate,270.53,Global Indian Medicine Average
Sodium Glycerophosphate,None,Sodium glycerophosphate,Phosphate supplement,270.53,Global Indian Medicine Average
Divalproex (EXTended Release),DavaIndia Divalproex 500mg Tablet ER,Divalproex sodium,Anticonvulsant,46.0,Indian Medicine Dataset Match
Alteplase,Actilyse 50mg Injection,Alteplase,Tissue plasminogen activator,49899.0,Indian Medicine Dataset Match
Clobetasol Propionate 0.05% Cream,StayHappi Clobetasol 0.05% Cream,Clobetasol propionate,Corticosteroid,38.0,Indian Medicine Dataset Match
Calcium Replacement (Oncology),Calcium Sandoz Injection,Calcium,Electrolyte,95.0,Indian Medicine Dataset Match
Zinc Sulfate,None,Zinc sulfate,Mineral supplement,270.53,Global Indian Medicine Average
Gastroview (Diatrizoate Meglumine & Sodium),None,Diatrizoate meglumine and diatrizoate sodium,Iodinated contrast media,270.53,Global Indian Medicine Average
Methimazole,Thyrozole 5mg Tablet,Methimazole,Thionamide,20.6,Indian Medicine Dataset Match
Aluminum Hydroxide Suspension,Antacid Tablet,Aluminum hydroxide,Antacid,2.0,Indian Medicine Dataset Match
Phenazopyridine,None,Phenazopyridine,Urinary tract analgesic,270.53,Global Indian Medicine Average
Methotrexate,None,Methotrexate,Antimetabolite,270.53,Global Indian Medicine Average
Heparin (IABP),Heparin Sodium 10000 IU Injection,Heparin,Anticoagulant,185.71,Indian Medicine Dataset Match
Lidocaine 2%,Xylocaine 2% Injection,Lidocaine,Amide local anesthetic,36.54,Indian Medicine Dataset Match
Empagliflozin,Endoflozin 10mg Tablet,Empagliflozin,SGLT2 inhibitor,140.0,Indian Medicine Dataset Match
Imipramine,DavaIndia Amitriptyline 10mg Tablet,Imipramine,Tricyclic antidepressant,9.0,Indian Medicine Dataset Match
Leucovorin Calcium,Calcium Leucovorin 50mg Injection,Leucovorin calcium,Folate analog,288.12,Indian Medicine Dataset Match
Fluticasone-Salmeterol (250/50),None,Fluticasone and Salmeterol,Inhaled corticosteroid and long-acting beta-agonist (ICS/LABA),270.53,Global Indian Medicine Average
OxycoDONE-Acetaminophen Elixir,None,Oxycodone and Acetaminophen,Opioid and non-opioid analgesic combination,270.53,Global Indian Medicine Average
MetFORMIN XR (Glucophage XR),Genericart Metformin Hydrochloride 500mg Tablet SR,Metformin,Biguanide,20.4,Indian Medicine Dataset Match
Hyoscyamine,None,Hyoscyamine,Anticholinergic,270.53,Global Indian Medicine Average
Methylnaltrexone,None,Methylnaltrexone,Peripherally acting mu-opioid receptor antagonist,270.53,Global Indian Medicine Average
Ramipril,Genericart Ramipril 2.5mg Tablet,Ramipril,ACE Inhibitor,48.45,Indian Medicine Dataset Match
Adenosine,Adenosine 3mg Injection,Adenosine,Antiarrhythmic,208.02,Indian Medicine Dataset Match
Nitrofurantoin Monohyd (MacroBID),DavaIndia Nitrofurantoin 100mg Tablet,Nitrofurantoin,Nitrofuran,25.0,Indian Medicine Dataset Match
Febuxostat,None,Febuxostat,Xanthine oxidase inhibitor,270.53,Global Indian Medicine Average
0.83% Sodium Chloride,None,Sodium chloride,Electrolyte,270.53,Global Indian Medicine Average
Ranitidine (Liquid),StayHappi Ranitidine 75mg Syrup,Ranitidine,H2 receptor antagonist,40.0,Indian Medicine Dataset Match
Isotonic Sodium Chloride,None,Sodium chloride,Crystalloid,270.53,Global Indian Medicine Average
Guaifenesin ER,None,Guaifenesin,Expectorant,270.53,Global Indian Medicine Average
Fludrocortisone Acetate,None,Fludrocortisone acetate,Mineralocorticoid,270.53,Global Indian Medicine Average
Methylprednisolone,Genericart Methylprednisolone 16mg Tablet,Methylprednisolone,Corticosteroid,94.5,Indian Medicine Dataset Match
Clonidine Patch 0.1 mg/24 hr,None,Clonidine,Alpha-2 adrenergic agonist,270.53,Global Indian Medicine Average
Codeine Sulfate,None,Codeine,Opioid agonist,270.53,Global Indian Medicine Average
Syringe (Chemo),None,Unknown,Medical Device / Supply,270.53,Global Indian Medicine Average
Heparin Flush (5000 Units/mL),Heparin Sodium 5000IU Injection,Heparin,Anticoagulant,70.16,Indian Medicine Dataset Match
Perphenazine,None,Perphenazine,Phenothiazine antipsychotic,270.53,Global Indian Medicine Average
Abacavir Sulfate,None,Abacavir,Nucleoside reverse transcriptase inhibitor (NRTI),270.53,Global Indian Medicine Average
Potassium Chl 40 mEq / 1000 mL NS,None,"Potassium chloride, Sodium chloride",Electrolyte,270.53,Global Indian Medicine Average
Hydroxyurea,Hidrox 500mg Tablet,Hydroxyurea,Antimetabolite,75.0,Indian Medicine Dataset Match
Morphine Sulfate (Concentrated Oral Soln),Opigesic 50mg Tablet,Morphine sulfate,Opioid analgesic,42.0,Indian Medicine Dataset Match
Triamcinolone Acetonide 0.1% Ointment,None,Triamcinolone acetonide,Corticosteroid,270.53,Global Indian Medicine Average
Nystatin Cream,None,Nystatin,Polyene antifungal,270.53,Global Indian Medicine Average
Clotrimazole Cream,DavaIndia Clotrimazole 1% Cream,Clotrimazole,Imidazole antifungal,17.0,Indian Medicine Dataset Match
Tacrolimus Suspension,None,Tacrolimus,Calcineurin inhibitor,270.53,Global Indian Medicine Average
Diphenoxylate-Atropine,None,Diphenoxylate and atropine,Antidiarrheal,270.53,Global Indian Medicine Average
Oxazepam,None,Oxazepam,Benzodiazepine,270.53,Global Indian Medicine Average
Furosemide-Heart Failure,None,Furosemide,Loop diuretic,270.53,Global Indian Medicine Average
Ambisome,Ambisome Injection,Amphotericin B,Polyene antifungal,7814.0,Indian Medicine Dataset Match
LaMOTrigine,None,Lamotrigine,Anticonvulsant,270.53,Global Indian Medicine Average
Hydrocortisone (Rectal) 2.5% Cream,None,Hydrocortisone,Corticosteroid,270.53,Global Indian Medicine Average
OSELTAMivir,None,Oseltamivir,Neuraminidase inhibitor,270.53,Global Indian Medicine Average
Triamcinolone Acetonide 0.1% Cream,Mars Triamcinolone Acetonide Cream,Triamcinolone acetonide,Corticosteroid,399.0,Indian Medicine Dataset Match
Clevidipine,None,Clevidipine,Dihydropyridine calcium channel blocker,270.53,Global Indian Medicine Average
Soln.,None,Unknown,Unknown,270.53,Global Indian Medicine Average
Aquaphor Ointment,None,Petrolatum,Skin protectant,270.53,Global Indian Medicine Average
Dipyridamole,None,Dipyridamole,Antiplatelet,270.53,Global Indian Medicine Average
Caphosol,None,Calcium phosphate,Mucosal protective agent,270.53,Global Indian Medicine Average
Potassium Chl 40 mEq / 1000 mL D5 1/2 NS,Electrolyte M 5% Infusion,"Potassium chloride, dextrose, sodium chloride",Intravenous fluids,29.68,Indian Medicine Dataset Match
Lactulose Enema,None,Lactulose,Osmotic laxative,270.53,Global Indian Medicine Average
Prasugrel,Genericart Prasugrel Hydrochloride 10mg Tablet,Prasugrel,Antiplatelet,240.0,Indian Medicine Dataset Match
Hydrocortisone Cream 1%,Hyddocort 1% Cream,Hydrocortisone,Corticosteroid,37.0,Indian Medicine Dataset Match
Acetaminophen w/Codeine,StayHappi Tramadol+Paracetamol 37.5mg/325mg Tablet,Acetaminophen and Codeine,Opioid combination,30.0,Indian Medicine Dataset Match
Succinylcholine,Succinylcholine Chloride Injection,Succinylcholine,Depolarizing neuromuscular blocker,28.62,Indian Medicine Dataset Match
Nadolol,Nigolol 40mg Tablet,Nadolol,Beta-blocker,38.0,Indian Medicine Dataset Match
Erythromycin,Erythromycin Estol 500mg Tablet,Erythromycin,Macrolide antibiotic,19.45,Indian Medicine Dataset Match
Mupirocin Cream 2%,Mupifon 2% Cream,Mupirocin,Topical Antibiotic,199.0,Indian Medicine Dataset Match
Morphine Sulfate (Oral Soln.),Opigesic 50mg Tablet,Morphine sulfate,Opioid analgesic,42.0,Indian Medicine Dataset Match
Temazepam,None,Temazepam,Benzodiazepine,270.53,Global Indian Medicine Average
Collagenase Ointment,None,Collagenase,Enzyme,270.53,Global Indian Medicine Average
Anti-Thymocyte Globulin (Rabbit),THYMOGLOBULIN 25 MG INJECTION,Anti-thymocyte globulin,Immunosuppressant,13800.0,Indian Medicine Dataset Match
Dorzolamide 2% Ophth. Soln.,None,Dorzolamide,Carbonic anhydrase inhibitor,270.53,Global Indian Medicine Average
Epidural Bag,None,Unknown,Local Anesthetic / Opioid Analgesic,270.53,Global Indian Medicine Average
Isosorbide Mononitrate,Genericart Isosorbide Mononitrate  10mg Tablet,Isosorbide mononitrate,Nitrate,20.6,Indian Medicine Dataset Match
Chlorthalidone,Genericart Chlorthalidone 6.25mg Tablet,Chlorthalidone,Thiazide-like diuretic,43.0,Indian Medicine Dataset Match
Gentamicin Sulfate,Gentamycin Injection,Gentamicin,Aminoglycoside,24.12,Indian Medicine Dataset Match
Ketamine,Ketamine Hydrochloride 50mg Injection,Ketamine,NMDA receptor antagonist,109.0,Indian Medicine Dataset Match
Epoetin alfa-epbx (Retacrit),Epofer 10000IU Injection,Epoetin alfa-epbx,Erythropoiesis-stimulating agent,2700.0,Indian Medicine Dataset Match
Oseltamivir,Osiflu 75 Capsule,Oseltamivir,Neuraminidase inhibitor,519.0,Indian Medicine Dataset Match
Clobetasol Propionate 0.05% Ointment,StayHappi Clobetasol 0.05% Cream,Clobetasol propionate,Corticosteroid,38.0,Indian Medicine Dataset Match
Psyllium Wafer,None,Psyllium husk,Bulk-forming laxative,270.53,Global Indian Medicine Average
Bismuth Subsalicylate,None,Bismuth subsalicylate,Antidiarrheal,270.53,Global Indian Medicine Average
GuaiFENesin ER,None,Guaifenesin,Expectorant,270.53,Global Indian Medicine Average
Heparin (Impella),Heparin Sodium 10000 IU Injection,Heparin,Anticoagulant,185.71,Indian Medicine Dataset Match
Pyridoxine,None,Pyridoxine,Vitamin,270.53,Global Indian Medicine Average
Aliskiren,None,Aliskiren,Direct renin inhibitor,270.53,Global Indian Medicine Average
Pancrelipase 5000,Pancrehenz 10000 Capsule,Pancrelipase,Pancreatic enzymes,209.0,Indian Medicine Dataset Match
Posaconazole Suspension,DavaIndia Itraconazole 100mg Capsule,Posaconazole,Triazole antifungal,24.0,Indian Medicine Dataset Match
Emtricitabine-Tenofovir (Truvada),Truvada 200 mg/300 mg Tablet,Emtricitabine and Tenofovir,Nucleoside/Nucleotide Reverse Transcriptase Inhibitors (NRTIs),2510.0,Indian Medicine Dataset Match
Heparin Flush CVL  (100 units/ml),Heparin Sodium 10000 IU Injection,Heparin,Anticoagulant,185.71,Indian Medicine Dataset Match
Etomidate,Etomidate Lipuro 20mg Infusion,Etomidate,General anesthetic,565.0,Indian Medicine Dataset Match
Naproxen,None,Naproxen,Nonsteroidal anti-inflammatory drug (NSAID),270.53,Global Indian Medicine Average
Sevelamer,Sevelamer 800 Tablet,Sevelamer,Phosphate binder,410.0,Indian Medicine Dataset Match
Raltegravir,None,Raltegravir,Integrase inhibitor,270.53,Global Indian Medicine Average
Loxapine Succinate,None,Loxapine,Typical antipsychotic,270.53,Global Indian Medicine Average
OxyCODONE SR (OxyCONTIN),None,Oxycodone,Opioid agonist,270.53,Global Indian Medicine Average
Dextromethorphan-Guaifenesin (Sugar Free),Zentoril-DX Expectorant,"Dextromethorphan, Guaifenesin",Antitussive and Expectorant,75.0,Indian Medicine Dataset Match
irbesartan,None,Irbesartan,Angiotensin II receptor blocker,270.53,Global Indian Medicine Average
Sodium Chloride 3% Inhalation Soln,None,Sodium chloride,Hypertonic saline,270.53,Global Indian Medicine Average
Potassium Citrate,Urofit Oral Solution,Potassium citrate,Urinary alkalinizer,118.0,Indian Medicine Dataset Match
Capsaicin 0.025%,None,Capsaicin,Topical analgesic,270.53,Global Indian Medicine Average
Ganciclovir,Natclovir 500mg Injection,Ganciclovir,Nucleoside analog antiviral,1735.0,Indian Medicine Dataset Match
Propranolol,None,Propranolol,Beta-blocker,270.53,Global Indian Medicine Average
Tolterodine,DavaIndia Tolterodine 2mg Tablet,Tolterodine,Anticholinergic,23.0,Indian Medicine Dataset Match
Silver Sulfadiazine 1% Cream,Silver Sulfadiazine Cream,Silver sulfadiazine,Sulfonamide,201.0,Indian Medicine Dataset Match
Risperidone,DavaIndia Risperidone 1mg Tablet,Risperidone,Atypical antipsychotic,8.0,Indian Medicine Dataset Match
Bacitracin Ointment,None,Bacitracin,Polypeptide antibiotic,270.53,Global Indian Medicine Average
Potassium Chl 20 mEq / 1000 mL D5NS,Electrolyte M 5% Infusion,"Potassium chloride, Dextrose, Sodium chloride",Electrolytes and fluid replenishers,29.68,Indian Medicine Dataset Match
NIFEdipine,Genericart Nifedipine 10mg Tablet SR,Nifedipine,Calcium channel blocker,12.2,Indian Medicine Dataset Match
Colistin,None,Colistin,Polymyxin,270.53,Global Indian Medicine Average
BuPROPion XL (Once Daily),None,Bupropion,Norepinephrine-dopamine reuptake inhibitor (NDRI),270.53,Global Indian Medicine Average
Epinephrine 1:1000,Adrenaline Tartrate Injection,Epinephrine,Alpha/Beta adrenergic agonist,14.52,Indian Medicine Dataset Match
Calcitonin Salmon,None,Calcitonin salmon,Calcitonin receptor agonist,270.53,Global Indian Medicine Average
Timolol Maleate 0.25%,StayHappi Timolol 0.5% Eye Drop,Timolol maleate,Beta-blocker,17.78,Indian Medicine Dataset Match
Dorzolamide 2%/Timolol 0.5% Ophth.,DavaIndia Dorzolamide+Timolol Eye Drop,Dorzolamide / Timolol,Carbonic anhydrase inhibitor / Beta-blocker,160.0,Indian Medicine Dataset Match
Clopidogrel Bisulfate,DavaIndia Clopidogrel 75mg Tablet,Clopidogrel,Antiplatelet,18.0,Indian Medicine Dataset Match
Artificial Tears GEL 1%,Tearsgel Lubricant Eye Drop,Carboxymethylcellulose sodium,Ophthalmic lubricant,130.0,Indian Medicine Dataset Match
Milrinone Lactate,None,Milrinone,Phosphodiesterase-3 inhibitor,270.53,Global Indian Medicine Average
Fleet Enema (Saline),None,Sodium phosphates,Saline laxative,270.53,Global Indian Medicine Average
Syringe (Sterile Water),German Remedies Water For Injection,Unknown,Diluent / Solvent,2.46,Indian Medicine Dataset Match
Lidocaine 1%/Epinephrine 1:100000,Xylocaine Adrenaline 2% Injection,Lidocaine and Epinephrine,Local anesthetic and vasoconstrictor,34.5,Indian Medicine Dataset Match
Acetylcysteine (IV),None,Acetylcysteine,Mucolytic,270.53,Global Indian Medicine Average
Enoxaparin (Treatment),None,Enoxaparin,Low molecular weight heparin,270.53,Global Indian Medicine Average
Hydrocodone-Acetaminophen (5mg-500mg),Opigesic P 50mg/500mg Tablet,Hydrocodone and Acetaminophen,Opioid analgesic combination,52.0,Indian Medicine Dataset Match
Sodium Chloride 0.9%  (Mini Bag Plus),Normal Saline 0.9% Infusion,Sodium chloride,Crystalloid,31.28,Indian Medicine Dataset Match
Lidocaine Jelly 2%,Xylocaine 2% Jelly,Lidocaine,Local anesthetic,66.7,Indian Medicine Dataset Match
Diazepam - CIWA protocol,None,Diazepam,Benzodiazepine,270.53,Global Indian Medicine Average
ARIPiprazole,DavaIndia Aripiprazole 10mg Tablet,Aripiprazole,Atypical antipsychotic,12.0,Indian Medicine Dataset Match
CeftazIDIME,Ceftazim 250 Injection,Ceftazidime,Third-generation cephalosporin,63.4,Indian Medicine Dataset Match
Dapagliflozin,Gluflozin 10 Tablet,Dapagliflozin,SGLT2 inhibitor,150.0,Indian Medicine Dataset Match
Lidocaine-Prilocaine,Dolocaine Cream,Lidocaine and Prilocaine,Amide local anesthetics,196.0,Indian Medicine Dataset Match
Aripiprazole,DavaIndia Aripiprazole 10mg Tablet,Aripiprazole,Atypical antipsychotic,12.0,Indian Medicine Dataset Match
Ethacrynic Acid,None,Ethacrynic acid,Loop diuretic,270.53,Global Indian Medicine Average
Sulfameth/Trimethoprim,Co Trimoxazole DS 800mg/160mg Tablet,Sulfamethoxazole and Trimethoprim,Sulfonamide and folate antagonist combination,14.0,Indian Medicine Dataset Match
Quinapril,None,Quinapril,ACE Inhibitor,270.53,Global Indian Medicine Average
Ferrous GLUCONATE,None,Ferrous gluconate,Iron supplement,270.53,Global Indian Medicine Average
Tolvaptan,Tolvaptan 30 Tablet,Tolvaptan,Vasopressin V2 receptor antagonist,760.0,Indian Medicine Dataset Match
Mycophenolate Sodium DR,DavaIndia Mycophenolate sodium 360mg Tablet,Mycophenolate sodium,Immunosuppressant,200.0,Indian Medicine Dataset Match
Indomethacin,Indomethacin 25mg Tablet SR,Indomethacin,Nonsteroidal anti-inflammatory drug (NSAID),72.5,Indian Medicine Dataset Match
Vecuronium Bromide,None,Vecuronium bromide,Non-depolarizing neuromuscular blocker,270.53,Global Indian Medicine Average
Miconazole 2% Cream,DavaIndia Sertaconazole 2% Cream,Miconazole,Azole antifungal,50.0,Indian Medicine Dataset Match
Budesonide,Budecort 200 Inhaler,Budesonide,Corticosteroid,439.04,Indian Medicine Dataset Match
Clonidine Patch 0.2 mg/24 hr,None,Clonidine,Alpha-2 adrenergic agonist,270.53,Global Indian Medicine Average
Tenofovir Disoproxil (Viread),Tudofovir Tablet,Tenofovir disoproxil,Nucleotide reverse transcriptase inhibitor,1300.0,Indian Medicine Dataset Match
Enalaprilat,None,Enalaprilat,ACE Inhibitor,270.53,Global Indian Medicine Average
Efavirenz,Efavir 200mg Tablet,Efavirenz,Non-nucleoside reverse transcriptase inhibitor (NNRTI),822.37,Indian Medicine Dataset Match
Dextrose 20% in Water (D20W),Dextrose 25% Infusion,Dextrose,Hypertonic glucose solution,18.85,Indian Medicine Dataset Match
Clotrimazole,DavaIndia Clotrimazole 1% Cream,Clotrimazole,Imidazole antifungal,17.0,Indian Medicine Dataset Match
Mucinex,Levcof AM Expectorant,Guaifenesin,Expectorant,57.0,Indian Medicine Dataset Match
Dextrose 5%  (*Glass Bottle*),None,Dextrose,Crystalloid,270.53,Global Indian Medicine Average
Alteplase 1mg/1mL ( Clearance ie. Temp TLCL ),Actilyse 50mg Injection,Alteplase,Tissue plasminogen activator,49899.0,Indian Medicine Dataset Match
RiTONAvir,None,Ritonavir,Protease inhibitor,270.53,Global Indian Medicine Average
Mycophenolate Mofetil Suspension,None,Mycophenolate mofetil,Immunosuppressant,270.53,Global Indian Medicine Average
Mesna,None,Mesna,Chemoprotectant,270.53,Global Indian Medicine Average
Cholestyramine,None,Cholestyramine,Bile acid sequestrant,270.53,Global Indian Medicine Average
Levalbuterol Neb,None,Levalbuterol,Beta2-adrenergic agonist,270.53,Global Indian Medicine Average
Sulfamethoxazole-Trimethoprim,Co Trimoxazole DS 800mg/160mg Tablet,Sulfamethoxazole and Trimethoprim,Sulfonamide combination,14.0,Indian Medicine Dataset Match
DiCYCLOmine,None,Dicyclomine,Anticholinergic,270.53,Global Indian Medicine Average
Ferrous Gluconate,Ferrous Max Tablet,Ferrous gluconate,Iron supplement,89.9,Indian Medicine Dataset Match
Benztropine Mesylate,None,Benztropine mesylate,Anticholinergic,270.53,Global Indian Medicine Average
AMP,None,Unknown,Unknown,270.53,Global Indian Medicine Average
ValACYclovir,Valclovir 500mg Tablet,Valacyclovir,Antiviral,375.0,Indian Medicine Dataset Match
GuaiFENesin-Dextromethorphan,None,Guaifenesin and Dextromethorphan,Expectorant and Antitussive,270.53,Global Indian Medicine Average
Tricor,Fibrate 200mg Tablet,Fenofibrate,Fibrate,85.0,Indian Medicine Dataset Match
Opium Tincture,None,Opium,Opioid agonist,270.53,Global Indian Medicine Average
Divalproex Sod. Sprinkles,DavaIndia Divalproex 500mg Tablet ER,Divalproex sodium,Anticonvulsant,46.0,Indian Medicine Dataset Match
Etoposide,Etopide 100mg Injection,Etoposide,Topoisomerase II inhibitor,225.0,Indian Medicine Dataset Match
Azathioprine,None,Azathioprine,Immunosuppressant,270.53,Global Indian Medicine Average
Salmeterol Xinafoate Diskus (50 mcg),None,Salmeterol xinafoate,Long-acting beta2-adrenergic agonist,270.53,Global Indian Medicine Average
Cyclophosphamide,ENDOXAN 500 MG TABLET,Cyclophosphamide,Alkylating agent,43.47,Indian Medicine Dataset Match
Phenytoin Infatab,None,Phenytoin,Hydantoin,270.53,Global Indian Medicine Average
Diclofenac Topical Gel 1%,Godic Diclofenac Gel,Diclofenac,Nonsteroidal anti-inflammatory drug (NSAID),59.0,Indian Medicine Dataset Match
glimepiride,None,Glimepiride,Sulfonylurea,270.53,Global Indian Medicine Average
RISperidone,None,Risperidone,Atypical antipsychotic,270.53,Global Indian Medicine Average
DULoxetine DR,None,Duloxetine,Serotonin-norepinephrine reuptake inhibitor (SNRI),270.53,Global Indian Medicine Average
Hepatitis B Vaccine,None,Hepatitis B surface antigen,Vaccine,270.53,Global Indian Medicine Average
SulfaSALAzine_,DavaIndia Sulfasalazine 500mg Tablet,Sulfasalazine,Aminosalicylate,40.0,Indian Medicine Dataset Match
Verapamil HCl,None,Verapamil,Calcium channel blocker,270.53,Global Indian Medicine Average
Imipenem-Cilastatin,Cilaspenem 500 mg/500 mg Injection,Imipenem and Cilastatin,Carbapenem antibiotic,1450.0,Indian Medicine Dataset Match
Magnesium Sulfate Replacement (Oncology),Magnesium Sulphate 50%  Injection,Magnesium sulfate,Electrolyte,11.45,Indian Medicine Dataset Match
Fluphenazine,None,Fluphenazine,Phenothiazine antipsychotic,270.53,Global Indian Medicine Average
Nystatin,None,Nystatin,Polyene antifungal,270.53,Global Indian Medicine Average
Foscarnet Sodium,None,Foscarnet sodium,Pyrophosphate analog,270.53,Global Indian Medicine Average
Cinacalcet HCl,None,Cinacalcet,Calcimimetic,270.53,Global Indian Medicine Average
LevoFLOXacin,DavaIndia Levofloxacin 500mg Tablet,Levofloxacin,Fluoroquinolone,40.0,Indian Medicine Dataset Match
Adderall,None,Dextroamphetamine and amphetamine,Central nervous system stimulant,270.53,Global Indian Medicine Average
Hydrocodone-Acetaminophen (5mg-325mg),None,Hydrocodone and Acetaminophen,Opioid analgesic combination,270.53,Global Indian Medicine Average
Insulin Pump (Self Administering Medication),None,Insulin,Insulin,270.53,Global Indian Medicine Average
Lithium Carbonate,None,Lithium carbonate,Mood stabilizer,270.53,Global Indian Medicine Average
Sodium Chloride 0.9%  Flush for CRRT,Normal Saline 0.9% Infusion,Sodium chloride,Crystalloid,31.28,Indian Medicine Dataset Match
Cytarabine,Cytarabine 1000mg Injection,Cytarabine,Antimetabolite,1634.07,Indian Medicine Dataset Match
Calcium Chloride,None,Calcium chloride,Electrolyte,270.53,Global Indian Medicine Average
NS Syringe (Intrapleural),Normal Saline 0.9% Infusion,Sodium chloride,Crystalloid,31.28,Indian Medicine Dataset Match
Aspirin Desensitization (Angioedema),Aspirin 300mg Tablet,Aspirin,NSAID,2.0,Indian Medicine Dataset Match
Pentamidine-Inhalation,None,Pentamidine,Antiprotozoal,270.53,Global Indian Medicine Average
Vancomycin Antibiotic Lock,Vancomycin 500mg Injection,Vancomycin,Glycopeptide antibiotic,281.25,Indian Medicine Dataset Match
Emtricitabine-Tenofovir alafen (200mg-25mg) *DESCOVY*,None,Emtricitabine and Tenofovir alafenamide,Nucleoside and Nucleotide Reverse Transcriptase Inhibitors (NRTIs),270.53,Global Indian Medicine Average
Mesalamine DR,Mesacol 800 Tablet DR,Mesalamine,Aminosalicylate,333.0,Indian Medicine Dataset Match
Phenytoin Sodium (IV),Phenytoin Sodium 100mg Injection,Phenytoin sodium,Hydantoin anticonvulsant,75.0,Indian Medicine Dataset Match
Nitrofurantoin (Macrodantin),DavaIndia Nitrofurantoin 100mg Tablet,Nitrofurantoin,Nitrofuran antibiotic,25.0,Indian Medicine Dataset Match
Xopenex,None,Levalbuterol,Beta2-adrenergic agonist,270.53,Global Indian Medicine Average
Felodipine,DavaIndia Amlodipine 10mg Tablet,Felodipine,Calcium channel blocker,10.0,Indian Medicine Dataset Match
PARoxetine,Paroxitin 20 Tablet,Paroxetine,Selective Serotonin Reuptake Inhibitor (SSRI),25.0,Indian Medicine Dataset Match
GammaGARD Liquid,Gamunex 10% Infusion,Immune Globulin Infusion (Human),Immune globulin,32995.0,Indian Medicine Dataset Match
Mineral Oil,None,Mineral oil,Lubricant laxative,270.53,Global Indian Medicine Average
NIFEdipine (Extended Release),Genericart Nifedipine 10mg Tablet SR,Nifedipine,Calcium channel blocker,12.2,Indian Medicine Dataset Match
Sulfameth/Trimethoprim Suspension,Co Trimoxazole DS 800mg/160mg Tablet,Sulfamethoxazole / Trimethoprim,Sulfonamide combination,14.0,Indian Medicine Dataset Match
Dronabinol,None,Dronabinol,Cannabinoid,270.53,Global Indian Medicine Average
Flecainide Acetate,None,Flecainide acetate,Class IC antiarrhythmic,270.53,Global Indian Medicine Average
Ketoconazole 2%,DavaIndia Ketoconazole 2% Cream,Ketoconazole,Azole antifungal,30.0,Indian Medicine Dataset Match
Pramipexole,Pramipex 0.5 Tablet,Pramipexole,Dopamine agonist,155.0,Indian Medicine Dataset Match
Racepinephrine,None,Racepinephrine,Adrenergic agonist,270.53,Global Indian Medicine Average
Ibuprofen Suspension,None,Ibuprofen,NSAID,270.53,Global Indian Medicine Average
Zosyn Desensitization,None,Piperacillin/Tazobactam,Beta-lactam / Beta-lactamase inhibitor combination,270.53,Global Indian Medicine Average
HYDROmorphone P.F.,None,Hydromorphone,Opioid agonist,270.53,Global Indian Medicine Average
Etravirine,None,Etravirine,Non-nucleoside reverse transcriptase inhibitor (NNRTI),270.53,Global Indian Medicine Average
ranolazine,None,Ranolazine,Late sodium channel blocker,270.53,Global Indian Medicine Average
OxyCODONE--Acetaminophen (5mg-325mg),StayHappi Tramadol+Paracetamol 37.5mg/325mg Tablet,Oxycodone and Acetaminophen,Opioid / Non-opioid analgesic combination,30.0,Indian Medicine Dataset Match
Epoprostenol,None,Epoprostenol,Prostacyclin analogue,270.53,Global Indian Medicine Average
Penicillin G K Desensitization,None,Penicillin G potassium,Penicillin antibiotic,270.53,Global Indian Medicine Average
VinCRIStine (Oncovin),Vincreta 1mg Injection,Vincristine,Vinca alkaloid,51.0,Indian Medicine Dataset Match
aMILoride,None,Amiloride,Potassium-sparing diuretic,270.53,Global Indian Medicine Average
Dronedarone,None,Dronedarone,Class III antiarrhythmic,270.53,Global Indian Medicine Average
300 mcg Vial,None,Unknown,Unknown,270.53,Global Indian Medicine Average
LeVETiracetam Oral Solution,Genericart Levetiracetam 500mg Tablet,Levetiracetam,Anticonvulsant,120.0,Indian Medicine Dataset Match
Prazosin,DavaIndia Prazosin 5mg Tablet,Prazosin,Alpha-1 blocker,32.0,Indian Medicine Dataset Match
Tucks Hemorrhoidal Oint 1%,None,Pramoxine hydrochloride,Local anesthetic,270.53,Global Indian Medicine Average
Maalox/Lidocaine,None,"Aluminum hydroxide, Magnesium hydroxide, Lidocaine",Antacid and Local Anesthetic,270.53,Global Indian Medicine Average
*NF* Ertapenem Sodium,Amropenem 500mg Injection,Ertapenem,Carbapenem,1390.0,Indian Medicine Dataset Match
PrimiDONE,None,Primidone,Barbiturate anticonvulsant,270.53,Global Indian Medicine Average
Procainamide,None,Procainamide,Class Ia antiarrhythmic,270.53,Global Indian Medicine Average
pramipexole,None,Pramipexole,Dopamine agonist,270.53,Global Indian Medicine Average
Fleet Enema (Mineral Oil),None,Sodium phosphates,Saline laxative,270.53,Global Indian Medicine Average
DOXOrubicin,Adriamycin 50mg Injection,Doxorubicin,Anthracycline,874.39,Indian Medicine Dataset Match
Amino Acids 5%-Dextrose 15%,None,"Amino acids, Dextrose",Parenteral nutrition solution,270.53,Global Indian Medicine Average
rOPINIRole,DavaIndia Ropinirole 0.25mg Tablet,Ropinirole,Dopamine agonist,8.0,Indian Medicine Dataset Match
Lovastatin,Cholvastatin 10mg Tablet,Lovastatin,HMG-CoA reductase inhibitor,135.0,Indian Medicine Dataset Match
Fentanyl PCA,None,Fentanyl,Opioid agonist,270.53,Global Indian Medicine Average
Fat Emulsion 20%,None,Lipid emulsion,Lipid emulsion,270.53,Global Indian Medicine Average
Fenofibrate,Fibrate 200mg Tablet,Fenofibrate,Fibrate,85.0,Indian Medicine Dataset Match
Albumin 5%,None,Human albumin,Colloid plasma expander,270.53,Global Indian Medicine Average
Methocarbamol,None,Methocarbamol,Centrally acting skeletal muscle relaxant,270.53,Global Indian Medicine Average
PHENObarbital - ICU Alcohol Withdrawal (Initial Load / Rescue Dose),None,Phenobarbital,Barbiturate,270.53,Global Indian Medicine Average
Sumatriptan Succinate,None,Sumatriptan,Triptan,270.53,Global Indian Medicine Average
fenofibrate,Fibrate 200mg Tablet,Fenofibrate,Fibrate,85.0,Indian Medicine Dataset Match
Tigecycline,None,Tigecycline,Glycylcycline,270.53,Global Indian Medicine Average
Megestrol Acetate,None,Megestrol acetate,Progestin,270.53,Global Indian Medicine Average
venetoclax,None,Venetoclax,BCL-2 inhibitor,270.53,Global Indian Medicine Average
MethylPHENIDATE (Ritalin),Concerta 54mg Tablet,Methylphenidate,Central nervous system stimulant,6180.0,Indian Medicine Dataset Match
Ropinirole HCl,None,Ropinirole,Non-ergoline dopamine agonist,270.53,Global Indian Medicine Average
PNEUMOcoccal 13-valent conjugate vaccine,Prevenar 13 Vaccine,Pneumococcal 13-valent conjugate vaccine,Conjugate Vaccine,3991.05,Indian Medicine Dataset Match
DULoxetine,DavaIndia Duloxetine 30mg Tablet,Duloxetine,Serotonin-norepinephrine reuptake inhibitor (SNRI),30.0,Indian Medicine Dataset Match
Vitamin B Complex w/C,None,"B-complex vitamins, Ascorbic acid",Water-soluble vitamins,270.53,Global Indian Medicine Average
Methotrexate Sodium P.F.,Methotex 1000mg Injection,Methotrexate,Antimetabolite,1974.0,Indian Medicine Dataset Match
Clarithromycin,StayHappi Clarithromycin 500mg Tablet,Clarithromycin,Macrolide antibiotic,84.0,Indian Medicine Dataset Match
Lactic Acid 12% Lotion,None,Lactic acid,Alpha-hydroxy acid,270.53,Global Indian Medicine Average
Carbamide Peroxide 6.5%,None,Carbamide peroxide,Cerumenolytic,270.53,Global Indian Medicine Average
N-Acetylcysteine,DavaIndia Acetylcysteine 600mg Tablet,Acetylcysteine,Mucolytic,75.0,Indian Medicine Dataset Match
Potassium Chl 40 mEq / 1000 mL D5W,Electrolyte M 5% Infusion,"Potassium chloride, Dextrose",Electrolyte / Intravenous fluid,29.68,Indian Medicine Dataset Match
MethylPREDNISolone Na Suc,None,Methylprednisolone sodium succinate,Corticosteroid,270.53,Global Indian Medicine Average
Hydrocortisone Cream 2.5%,None,Hydrocortisone,Corticosteroid,270.53,Global Indian Medicine Average
Multivitamins W/minerals Chewable,None,Multivitamins and Minerals,Nutritional Supplement,270.53,Global Indian Medicine Average
Amikacin,Amikacin 250mg Injection,Amikacin,Aminoglycoside,38.7,Indian Medicine Dataset Match
Haloperidol Decanoate (long acting),None,Haloperidol,Typical antipsychotic,270.53,Global Indian Medicine Average
Hepatitis A Vaccine,None,Inactivated Hepatitis A virus antigen,Vaccine,270.53,Global Indian Medicine Average
Ampicillin,Amoxycillin 250mg Tablet,Ampicillin,Aminopenicillin,15.0,Indian Medicine Dataset Match
Amantadine,Parkitidin Tablet,Amantadine,NMDA receptor antagonist,153.0,Indian Medicine Dataset Match
Hemorrhoidal Suppository,Anomex Suppository,Unknown,Antihemorrhoidal Agent,54.0,Indian Medicine Dataset Match
Niacin,Nialip 500mg Tablet,Niacin,Vitamin B3,33.0,Indian Medicine Dataset Match
Pioglitazone,Genericart Pioglitazone 15mg Tablet,Pioglitazone,Thiazolidinedione,32.0,Indian Medicine Dataset Match
Syringe (NS),None,Unknown,Diluent / Flush,270.53,Global Indian Medicine Average
Namenda,DavaIndia Memantine 10mg Tablet,Memantine,NMDA receptor antagonist,20.0,Indian Medicine Dataset Match
Fondaparinux Sodium,Fondaparinux NA Injection,Fondaparinux sodium,Factor Xa inhibitor,1480.0,Indian Medicine Dataset Match
"Lidocaine 1%/Epinephrine 1:100,000",Xylocaine Adrenaline 2% Injection,Lidocaine and Epinephrine,Local anesthetic and vasoconstrictor,34.5,Indian Medicine Dataset Match
Nevirapine,None,Nevirapine,Non-nucleoside reverse transcriptase inhibitor (NNRTI),270.53,Global Indian Medicine Average
Mesalamine,DavaIndia Mesalazine 1200mg Tablet PR,Mesalamine,Aminosalicylate,90.0,Indian Medicine Dataset Match
rilpivirine,None,Rilpivirine,Non-nucleoside reverse transcriptase inhibitor (NNRTI),270.53,Global Indian Medicine Average
Nystatin Ointment,None,Nystatin,Polyene antifungal,270.53,Global Indian Medicine Average
Syringe (Intraperitoneal),None,Unknown,Medical Device / Supply,270.53,Global Indian Medicine Average
Lubiprostone,None,Lubiprostone,Chloride channel activator,270.53,Global Indian Medicine Average
Rituximab,None,Rituximab,Anti-CD20 monoclonal antibody,270.53,Global Indian Medicine Average
Dexamethasone Sod Phosphate,None,Dexamethasone,Corticosteroid,270.53,Global Indian Medicine Average
Minoxidil,ForMen Minoxidil Topical Solution,Minoxidil,Direct-acting vasodilator,649.0,Indian Medicine Dataset Match
Doxepin HCl,Doxedep 75mg Tablet,Doxepin,Tricyclic antidepressant,82.8,Indian Medicine Dataset Match
Propranolol LA,Genericart Propranolol 40mg Tablet,Propranolol,Beta-blocker,26.5,Indian Medicine Dataset Match
Triamcinolone Acetonide 0.025% Cream,Mars Triamcinolone Acetonide Cream,Triamcinolone acetonide,Corticosteroid,399.0,Indian Medicine Dataset Match
Entecavir,Encarvir 0.5mg Tablet,Entecavir,Nucleoside analog,750.0,Indian Medicine Dataset Match
Dipyridamole-Aspirin,DavaIndia Aspirin+Clopidogrel 75mg/75mg Tablet,Dipyridamole and Aspirin,Antiplatelet,20.0,Indian Medicine Dataset Match
DICYCLOMine,None,Dicyclomine,Anticholinergic,270.53,Global Indian Medicine Average
Atazanavir,Atavir 300mg Capsule,Atazanavir,Protease inhibitor,2300.0,Indian Medicine Dataset Match
Ropivacaine 0.2%,Ropicain 0.2% Injection,Ropivacaine,Amide local anesthetic,62.5,Indian Medicine Dataset Match
Naltrexone,Naltrex 50mg Tablet,Naltrexone,Opioid antagonist,350.0,Indian Medicine Dataset Match
NiCARdipine,None,Nicardipine,Calcium channel blocker,270.53,Global Indian Medicine Average
Ivermectin,Elder Ivermectin 12mg Tablet,Ivermectin,Anthelmintic,360.0,Indian Medicine Dataset Match
tacrolimus,None,Tacrolimus,Calcineurin inhibitor,270.53,Global Indian Medicine Average
Vancomycin Enema,None,Vancomycin,Glycopeptide antibiotic,270.53,Global Indian Medicine Average
Buprenorphine-Naloxone Tablet (8mg-2mg),None,Buprenorphine and Naloxone,Opioid partial agonist/antagonist combination,270.53,Global Indian Medicine Average
ChlorproMAZINE,Chlorpromazine Hydrochloride Tablet,Chlorpromazine,Phenothiazine,12.0,Indian Medicine Dataset Match
Mannitol 20 %,Mannitol 20% Infusion,Mannitol,Osmotic diuretic,93.57,Indian Medicine Dataset Match
Heparin Flush PICC (100 units/ml),Heparin Sodium 10000 IU Injection,Heparin,Anticoagulant,185.71,Indian Medicine Dataset Match
Memantine,DavaIndia Memantine 10mg Tablet,Memantine,NMDA receptor antagonist,20.0,Indian Medicine Dataset Match
Nicotine Polacrilex,Nicotine Polacrilex 4mg Chewing Gums,Nicotine,Nicotinic receptor agonist,79.0,Indian Medicine Dataset Match
Amino Acids 4.25% W/ Dextrose 5%,None,"Amino acids, Dextrose",Parenteral nutrition solution,270.53,Global Indian Medicine Average
Disopyramide CR,None,Disopyramide,Class IA antiarrhythmic,270.53,Global Indian Medicine Average
Norepinephrine Bitartrate,None,Norepinephrine,Alpha/beta-adrenergic agonist,270.53,Global Indian Medicine Average
Glycerin Supps,None,Glycerin,Osmotic laxative,270.53,Global Indian Medicine Average
Liothyronine Sodium,Thyroxinol 75 Tablet,Liothyronine sodium,Thyroid hormone,156.0,Indian Medicine Dataset Match
Zonisamide,None,Zonisamide,Anticonvulsant,270.53,Global Indian Medicine Average
Tobramycin Inhalation Soln,None,Tobramycin,Aminoglycoside,270.53,Global Indian Medicine Average
Gentamicin 0.1% Cream,Gentamycin Cream,Gentamicin,Aminoglycoside,7.75,Indian Medicine Dataset Match
Oseltamivir Phosphate,None,Oseltamivir,Neuraminidase inhibitor,270.53,Global Indian Medicine Average
Propoxyphene Nap.-Apap (N-100),Painadol P 325mg/37.5mg Tablet,Propoxyphene napsylate and acetaminophen,Opioid and non-opioid analgesic combination,33.56,Indian Medicine Dataset Match
Dextromethorphan Polistirex,Dexblu-CP Cough Suppressant,Dextromethorphan polistirex,Antitussive,72.0,Indian Medicine Dataset Match
Asparaginase,None,Asparaginase,Antineoplastic enzyme,270.53,Global Indian Medicine Average
Clozapine,Cloza 100mg Tablet,Clozapine,Atypical antipsychotic,72.0,Indian Medicine Dataset Match
Iohexol 240 (Omnipaque 240),Omnipaque 300mg Injection,Iohexol,Non-ionic iodinated contrast medium,792.0,Indian Medicine Dataset Match
Potassium Bicarbonate Eff,None,Potassium bicarbonate,Electrolyte,270.53,Global Indian Medicine Average
CARBOplatin,None,Carboplatin,Platinum compound,270.53,Global Indian Medicine Average
CloNIDine,None,Clonidine,Centrally acting alpha-2 adrenergic agonist,270.53,Global Indian Medicine Average
Chlorothiazide,None,Chlorothiazide,Thiazide diuretic,270.53,Global Indian Medicine Average
OxyCODONE Liquid,None,Oxycodone,Opioid analgesic,270.53,Global Indian Medicine Average
Dextromethorphan Poly Complex,Dexblu-CP Cough Suppressant,Dextromethorphan,Antitussive,72.0,Indian Medicine Dataset Match
Fondaparinux,Fondaparinux NA Injection,Fondaparinux,Factor Xa inhibitor,1480.0,Indian Medicine Dataset Match
Vitamin A,Vitamin A Chewable Tablet,Vitamin A,Fat-soluble vitamin,8.68,Indian Medicine Dataset Match
Heparin Flush CRRT (5000 Units/mL),Heparin Sodium 5000IU Injection,Heparin,Unfractionated heparin,70.16,Indian Medicine Dataset Match
Olmesartan,DavaIndia Olmesartan Medoxomil 40mg Tablet,Olmesartan,Angiotensin II receptor blocker,50.0,Indian Medicine Dataset Match
Promethazine HCl,None,Promethazine hydrochloride,Phenothiazine derivative,270.53,Global Indian Medicine Average
Probenecid,None,Probenecid,Uricosuric agent,270.53,Global Indian Medicine Average
Tetanus-DiphTox-Acellular Pertuss (Adacel),Adacel Vaccine,"Tetanus toxoid, diphtheria toxoid, acellular pertussis",Vaccine,1160.0,Indian Medicine Dataset Match
Psyllium Powder,None,Psyllium husk,Bulk-forming laxative,270.53,Global Indian Medicine Average
Ciprofloxacin 0.3% Ophth Soln,None,Ciprofloxacin,Fluoroquinolone,270.53,Global Indian Medicine Average
Ferrous Sulfate (Liquid),None,Ferrous sulfate,Iron supplement,270.53,Global Indian Medicine Average
Theophylline SR,None,Theophylline,Methylxanthine,270.53,Global Indian Medicine Average
benazepril,None,Benazepril,ACE Inhibitor,270.53,Global Indian Medicine Average
Emtricitabine,None,Emtricitabine,Nucleoside reverse transcriptase inhibitor,270.53,Global Indian Medicine Average
Clobazam,Genericart Clobazam 10mg Tablet,Clobazam,Benzodiazepine,70.0,Indian Medicine Dataset Match
Penicillin G Potassium,Benzylpenicillin 1000000IU Injection,Penicillin G potassium,Natural penicillin,8.83,Indian Medicine Dataset Match
Caspofungin,None,Caspofungin,Echinocandin,270.53,Global Indian Medicine Average
Ipratropium-Albuterol Inhalation Spray,None,Ipratropium bromide and albuterol sulfate,Anticholinergic and Beta2-adrenergic agonist combination,270.53,Global Indian Medicine Average
Bengay Cream,None,"Methyl salicylate, Menthol",Counterirritant,270.53,Global Indian Medicine Average
modafinil,None,Modafinil,Wakefulness-promoting agent,270.53,Global Indian Medicine Average
Witch Hazel 50% Pad,None,Witch Hazel,Astringent,270.53,Global Indian Medicine Average
Calcium Carbonate Suspension,None,Calcium carbonate,Antacid,270.53,Global Indian Medicine Average
Lumigan,Travotas 0.004% Eye Drop,Bimatoprost,Prostaglandin analog,491.0,Indian Medicine Dataset Match
Advair Diskus,Symbiva 200 mcg Inhaler,Fluticasone propionate and Salmeterol,Inhaled corticosteroid (ICS) and long-acting beta2-adrenergic agonist (LABA) combination,317.5,Indian Medicine Dataset Match
Estrogens Conjugated,None,Conjugated estrogens,Estrogen,270.53,Global Indian Medicine Average
Desmopressin Nasal,None,Desmopressin,Vasopressin analog,270.53,Global Indian Medicine Average
Pamidronate,Biodronate 90mg Injection,Pamidronate,Bisphosphonate,4640.0,Indian Medicine Dataset Match
Testosterone 2.5mg Patch,None,Testosterone,Androgen,270.53,Global Indian Medicine Average
Nimodipine,None,Nimodipine,Calcium channel blocker,270.53,Global Indian Medicine Average
Myfortic,None,Mycophenolate sodium,Immunosuppressant,270.53,Global Indian Medicine Average
Fluvoxamine Maleate,Fluvox 100mg Tablet,Fluvoxamine,Selective serotonin reuptake inhibitor (SSRI),215.0,Indian Medicine Dataset Match
NS (0.9% NaCl),Normal Saline 0.9% Infusion,Sodium chloride,Isotonic crystalloid,31.28,Indian Medicine Dataset Match
Moexipril,None,Moexipril,ACE Inhibitor,270.53,Global Indian Medicine Average
Nicotine Lozenge,Nixit Maha Nicotine Lozenges Frost mint Sugar Free,Nicotine,Nicotinic receptor agonist,120.0,Indian Medicine Dataset Match
Bictegrav-Emtricit-Tenofov Ala,None,"Bictegravir, emtricitabine, and tenofovir alafenamide",Antiretroviral combination,270.53,Global Indian Medicine Average
Methylphenidate,Concerta 54mg Tablet,Methylphenidate,Central nervous system stimulant,6180.0,Indian Medicine Dataset Match
Quinine Sulfate,Quinoquin EC 300mg Tablet,Quinine sulfate,Cinchona alkaloid,59.12,Indian Medicine Dataset Match
Gammagard Liquid,None,Immune Globulin Infusion (Human),Immune globulin,270.53,Global Indian Medicine Average
Glimepiride,Genericart Glimepiride 4mg Tablet,Glimepiride,Sulfonylurea,100.0,Indian Medicine Dataset Match
Thrombin,None,Thrombin,Hemostatic agent,270.53,Global Indian Medicine Average
Dornase alfa,None,Dornase alfa,Mucolytic enzyme,270.53,Global Indian Medicine Average
TiCAGRELOR,None,Ticagrelor,Antiplatelet,270.53,Global Indian Medicine Average
Dapsone,Dapsone Tablet,Dapsone,Sulfone,416.94,Indian Medicine Dataset Match
Atropine Sulfate Ophth 1%,Atropine 1% Eye Drop,Atropine sulfate,Anticholinergic,19.88,Indian Medicine Dataset Match
Benicar,DavaIndia Olmesartan Medoxomil 40mg Tablet,Olmesartan medoxomil,Angiotensin II receptor blocker,50.0,Indian Medicine Dataset Match
ivabradine,None,Ivabradine,HCN channel blocker,270.53,Global Indian Medicine Average
Blue CADD Cassette,None,Unknown,Medical Device,270.53,Global Indian Medicine Average
Miconazole Nitrate Vag Cream 2%,Candizole 2% Vaginal Cream,Miconazole nitrate,Azole antifungal,25.0,Indian Medicine Dataset Match
leflunomide,Leflunomide 20mg Tablet,Leflunomide,Disease-modifying antirheumatic drug (DMARD),271.25,Indian Medicine Dataset Match
NS (Irrigation Bottle),Normal Saline 0.9% Infusion,Sodium chloride,Isotonic crystalloid,31.28,Indian Medicine Dataset Match
HYDROcodone-Acetaminophen (5mg-325mg),Painadol P 325mg/37.5mg Tablet,Hydrocodone and Acetaminophen,Opioid analgesic combination,33.56,Indian Medicine Dataset Match
Alteplase 1mg/Flush Volume ( Dialysis/Pheresis Catheters ),Actilyse 50mg Injection,Alteplase,Thrombolytic agent,49899.0,Indian Medicine Dataset Match
Dakins 1/4 Strength,None,Sodium hypochlorite,Antiseptic,270.53,Global Indian Medicine Average
Buprenorphine-Naloxone Film (4mg-1mg),None,Buprenorphine / Naloxone,Opioid partial agonist/antagonist,270.53,Global Indian Medicine Average
Opium Tincture (morphine 10 mg/mL),None,Opium,Opioid agonist,270.53,Global Indian Medicine Average
Glutamine,Glutamune DT 1000 Tablet,Glutamine,Amino acid,295.0,Indian Medicine Dataset Match
MethIMAzole,None,Methimazole,Thionamide,270.53,Global Indian Medicine Average
Rifampin,RIFAMPILA 150MG CAPSULE,Rifampin,Rifamycin antibiotic,5.82,Indian Medicine Dataset Match
Darunavir,Daruvir 600mg Tablet,Darunavir,Protease inhibitor,10975.47,Indian Medicine Dataset Match
Morphine Sulfate (Concentrated Oral Solution) 20 mg/mL,Opiate 100mg Injection,Morphine sulfate,Opioid agonist,29.0,Indian Medicine Dataset Match
Methotrexate Sodium,DavaIndia Methotrexate 5mg Tablet,Methotrexate,Antimetabolite,25.0,Indian Medicine Dataset Match
Zidovudine,None,Zidovudine,Nucleoside Reverse Transcriptase Inhibitor (NRTI),270.53,Global Indian Medicine Average
Docusate,None,Docusate,Stool softener,270.53,Global Indian Medicine Average
Buprenorphine-Naloxone (8mg-2mg),None,Buprenorphine and Naloxone,Opioid partial agonist/antagonist combination,270.53,Global Indian Medicine Average
Minocycline,Acnomycin 100 Capsule,Minocycline,Tetracycline antibiotic,386.5,Indian Medicine Dataset Match
Lidocaine 0.5%/Epinephrine,None,"Lidocaine, Epinephrine",Local anesthetic and vasoconstrictor combination,270.53,Global Indian Medicine Average
Aspirin (Buffered),Aspirin 300mg Tablet,Aspirin,NSAID,2.0,Indian Medicine Dataset Match
Avapro,None,Irbesartan,Angiotensin II receptor blocker,270.53,Global Indian Medicine Average
Aprepitant,None,Aprepitant,Neurokinin-1 (NK1) receptor antagonist,270.53,Global Indian Medicine Average
Calcium Gluconate sliding scale (Critical Care-Ionized calcium),Calcium Sandoz Injection,Calcium gluconate,Calcium salt,95.0,Indian Medicine Dataset Match
Nystatin-Triamcinolone Cream,None,Nystatin and Triamcinolone,Antifungal and Corticosteroid,270.53,Global Indian Medicine Average
Potassium Chl 40 mEq / 1000 mL D5NS,Electrolyte M 5% Infusion,"Potassium chloride, Dextrose, Sodium chloride",Electrolytes and fluid replenishers,29.68,Indian Medicine Dataset Match
Aspirin Desensitization (Urticaria/Angioedema),None,Aspirin,NSAID,270.53,Global Indian Medicine Average
Carbidopa-Levodopa CR (50-200),None,"Carbidopa, Levodopa",Dopaminergic agent,270.53,Global Indian Medicine Average
Amitriptyline HCl,DavaIndia Amitriptyline 10mg Tablet,Amitriptyline,Tricyclic antidepressant,9.0,Indian Medicine Dataset Match
dornase alfa,None,Dornase alfa,Mucolytic enzyme,270.53,Global Indian Medicine Average
Gelclair,None,"Sodium hyaluronate, Polyvinylpyrrolidone",Mucosal protectant,270.53,Global Indian Medicine Average
Propafenone HCl,None,Propafenone,Class IC antiarrhythmic,270.53,Global Indian Medicine Average
Desipramine,DavaIndia Amitriptyline 10mg Tablet,Desipramine,Tricyclic antidepressant,9.0,Indian Medicine Dataset Match
Acyclovir Ointment 5%,None,Acyclovir,Antiviral,270.53,Global Indian Medicine Average
Phoxillum (B22 K4),None,"Sodium chloride, potassium chloride, magnesium chloride, sodium hydrogen carbonate, disodium phosphate",Renal replacement therapy solution,270.53,Global Indian Medicine Average
Niacinamide,Niacin NF Tablet,Niacinamide,Vitamin,89.7,Indian Medicine Dataset Match
Bupivacaine 0.5%,Bupifix 0.5% Injection,Bupivacaine,Amide local anesthetic,97.02,Indian Medicine Dataset Match
LaMIVudine-Zidovudine (Combivir),Zidovir 300mg Tablet,Lamivudine and Zidovudine,Nucleoside Reverse Transcriptase Inhibitors (NRTIs),135.87,Indian Medicine Dataset Match
OxycoDONE (Concentrated Oral Soln),None,Oxycodone,Opioid agonist,270.53,Global Indian Medicine Average
Esomeprazole sodium,None,Esomeprazole,Proton pump inhibitor,270.53,Global Indian Medicine Average
Neostigmine (CVICU Reversal Protocol),Myostigmin 0.5mg Injection 1ml,Neostigmine,Cholinesterase inhibitor,47.4,Indian Medicine Dataset Match
Bengay,None,"Methyl salicylate, Menthol",Counterirritant,270.53,Global Indian Medicine Average
CycloPHOSphamide,None,Cyclophosphamide,Alkylating agent,270.53,Global Indian Medicine Average
Fluocinonide 0.05% Cream,None,Fluocinonide,Topical corticosteroid,270.53,Global Indian Medicine Average
Tresiba FlexTouch U-200,None,Insulin degludec,Basal insulin analog,270.53,Global Indian Medicine Average
Hydrocortisone Acetate Suppository,None,Hydrocortisone acetate,Corticosteroid,270.53,Global Indian Medicine Average
Triamcinolone Acetonide 0.025% Ointment,None,Triamcinolone acetonide,Corticosteroid,270.53,Global Indian Medicine Average
LamoTRIgine,StayHappi Lamotrigine 100mg Tablet,Lamotrigine,Anticonvulsant,70.0,Indian Medicine Dataset Match
Hydrocortisone Acetate Ointment 1%,None,Hydrocortisone acetate,Corticosteroid,270.53,Global Indian Medicine Average
DiCLOXacillin,None,Dicloxacillin,Penicillin antibiotic,270.53,Global Indian Medicine Average
0.9% Sodium Chloride P.F. (Syringe),Normal Saline 0.9% Infusion,Sodium chloride,Crystalloid,31.28,Indian Medicine Dataset Match
Isoniazid,Isoniazid 300mg Tablet,Isoniazid,Antitubercular agent,1.75,Indian Medicine Dataset Match
D5W (Glass Bottle),Dextrose 5% Infusion,Dextrose,Crystalloid,33.45,Indian Medicine Dataset Match
Disopyramide Phosphate,None,Disopyramide,Class IA antiarrhythmic,270.53,Global Indian Medicine Average
Betamethasone Dipro 0.05% Oint,Belsonate 0.05% Cream,Betamethasone dipropionate,Corticosteroid,149.0,Indian Medicine Dataset Match
Penicillin V Potassium,None,Penicillin V Potassium,Penicillin antibiotic,270.53,Global Indian Medicine Average
Aspirin,Aspirin 300mg Tablet,Aspirin,NSAID,2.0,Indian Medicine Dataset Match
Glycopyrrolate (CVICU Reversal Protocol),Glycopyrolate and Neostigmin 0.5 mg/2.5 mg Injection,Glycopyrrolate,Anticholinergic,99.0,Indian Medicine Dataset Match
Sodium Thiosulfate,None,Sodium thiosulfate,Antidote,270.53,Global Indian Medicine Average
Symbicort,None,Budesonide and Formoterol,Inhaled corticosteroid (ICS) and Long-acting beta2-adrenergic agonist (LABA) combination,270.53,Global Indian Medicine Average
Pseudoephedrine,Solvin Decongestant Tablet,Pseudoephedrine,Sympathomimetic,70.75,Indian Medicine Dataset Match
Emtricitabine Oral Solution,None,Emtricitabine,Nucleoside reverse transcriptase inhibitor (NRTI),270.53,Global Indian Medicine Average
Thyroid,Euthyroid 100 Tablet,Desiccated thyroid extract,Thyroid hormone,130.0,Indian Medicine Dataset Match
Hydrocodone-Acetaminophen (5mg-500mg,StayHappi Tramadol+Paracetamol 37.5mg/325mg Tablet,Hydrocodone and Acetaminophen,Opioid agonist and non-opioid analgesic combination,30.0,Indian Medicine Dataset Match
Vitamin D2 (Ergocalciferol),None,Ergocalciferol,Vitamin D analog,270.53,Global Indian Medicine Average
Belladonna & Opium (16.2/30mg),None,Belladonna alkaloids and Opium,Anticholinergic and Opioid agonist,270.53,Global Indian Medicine Average
Ketorolac 0.5% Ophth Soln,Ketalite 0.5% Eye Drop,Ketorolac,NSAID,32.5,Indian Medicine Dataset Match
Magnesium Sulfate (Latex Free),Magnesium Sulphate 50%  Injection,Magnesium sulfate,Electrolyte,11.45,Indian Medicine Dataset Match
Carbamazepine,None,Carbamazepine,Anticonvulsant,270.53,Global Indian Medicine Average
permethrin,StayHappi Permethrin 1% Soap,Permethrin,Pyrethroid,65.0,Indian Medicine Dataset Match
Triamterene-Hydrochlorothiazide,None,Triamterene and Hydrochlorothiazide,Potassium-sparing and thiazide diuretic combination,270.53,Global Indian Medicine Average
rifAXIMin,DavaIndia Rifaximin 200mg Tablet,Rifaximin,Rifamycin antibiotic,80.0,Indian Medicine Dataset Match
HYDROmorphone-HP,None,Hydromorphone,Opioid agonist,270.53,Global Indian Medicine Average
Nelarabine (NF),None,Nelarabine,Purine nucleoside analog,270.53,Global Indian Medicine Average
anastrozole,Anastroz 1mg Tablet,Anastrozole,Aromatase inhibitor,560.0,Indian Medicine Dataset Match
Pyridostigmine Bromide,None,Pyridostigmine bromide,Cholinesterase inhibitor,270.53,Global Indian Medicine Average
Ranolazine ER,Genericart Ranolazine 500mg Tablet SR,Ranolazine,Late sodium channel blocker,145.0,Indian Medicine Dataset Match
Brimonidine Tartrate 0.2% Ophth.,None,Brimonidine tartrate,Alpha-2 adrenergic agonist,270.53,Global Indian Medicine Average
AzaTHIOprine,Azathioprine 50mg Tablet,Azathioprine,Immunosuppressant,104.27,Indian Medicine Dataset Match
Flucytosine,None,Flucytosine,Pyrimidine analog,270.53,Global Indian Medicine Average
bisoprolol fumarate,None,Bisoprolol,Beta-blocker,270.53,Global Indian Medicine Average
Hydrocortisone Cream 0.5%,None,Hydrocortisone,Corticosteroid,270.53,Global Indian Medicine Average
Fluocinonide 0.05% Ointment,None,Fluocinonide,Topical corticosteroid,270.53,Global Indian Medicine Average
Rasburicase,None,Rasburicase,Recombinant urate oxidase enzyme,270.53,Global Indian Medicine Average
Tranexamic Acid,StayHappi Tranexamic Acid 500mg Tablet,Tranexamic acid,Antifibrinolytic,96.0,Indian Medicine Dataset Match
CISplatin,Platin 50mg Infusion,Cisplatin,Platinum compound,342.85,Indian Medicine Dataset Match
Pentoxifylline,None,Pentoxifylline,Xanthine derivative,270.53,Global Indian Medicine Average
Chlorpheniramine-Hydrocodone,None,Chlorpheniramine and Hydrocodone,Antihistamine and Opioid Antitussive,270.53,Global Indian Medicine Average
Moxifloxacin,StayHappi Moxifloxacin 400mg Tablet,Moxifloxacin,Fluoroquinolone,102.22,Indian Medicine Dataset Match
Bottle,None,Unknown,Unknown,270.53,Global Indian Medicine Average
Transplant Self Medication Program,None,Unknown,None,270.53,Global Indian Medicine Average
Dexamethasone Ophthalmic Soln 0.1%,Dexacort 0.1% Eye Drop,Dexamethasone,Corticosteroid,18.62,Indian Medicine Dataset Match
Dornase Alfa,None,Dornase alfa,Mucolytic enzyme,270.53,Global Indian Medicine Average
CRRT,None,Unknown,Medical Device / Replacement Fluid,270.53,Global Indian Medicine Average
droxidopa,Droxycad 250mg Tablet,Droxidopa,Norepinephrine precursor,19.0,Indian Medicine Dataset Match
Lidocaine 0.5%,None,Lidocaine,Amide local anesthetic,270.53,Global Indian Medicine Average
Hydrocortisone Oint 2.5%,None,Hydrocortisone,Corticosteroid,270.53,Global Indian Medicine Average
Modafinil,None,Modafinil,Wakefulness-promoting agent,270.53,Global Indian Medicine Average
Ifosfamide,Ifytrox 1gm Injection,Ifosfamide,Alkylating agent,85.0,Indian Medicine Dataset Match
Amphetamine-Dextroamphetamine,None,Amphetamine-Dextroamphetamine,CNS Stimulant,270.53,Global Indian Medicine Average
Irbesartan,None,Irbesartan,Angiotensin II receptor blocker,270.53,Global Indian Medicine Average
NS Epidural Bag,Normal Saline 0.9% Infusion,Sodium chloride,Isotonic crystalloid,31.28,Indian Medicine Dataset Match
Ampicillin Desensitization,None,Ampicillin,Aminopenicillin,270.53,Global Indian Medicine Average
Posaconazole Delayed Release Tablet,None,Posaconazole,Triazole antifungal,270.53,Global Indian Medicine Average
Multiple Vitamins Liq.,None,Multivitamins,Nutritional Supplement,270.53,Global Indian Medicine Average
Restasis,Cyclomune 0.05% Eye Drop,Cyclosporine,Calcineurin inhibitor,439.0,Indian Medicine Dataset Match
Tetanus-DiphTox-Acellular Pertuss (Tdap),Adacel Vaccine,"Tetanus toxoid, diphtheria toxoid, acellular pertussis",Vaccine,1160.0,Indian Medicine Dataset Match
Isoproterenol,None,Isoproterenol,Beta-adrenergic agonist,270.53,Global Indian Medicine Average
Ranexa,Genericart Ranolazine 500mg Tablet SR,Ranolazine,Late sodium channel blocker,145.0,Indian Medicine Dataset Match
Cilostazol,Genericart Cilostazol 50mg Tablet,Cilostazol,Phosphodiesterase III inhibitor,80.0,Indian Medicine Dataset Match
Mannitol,None,Mannitol,Osmotic diuretic,270.53,Global Indian Medicine Average
Amphetamine-Dextroamphetamine XR,None,Amphetamine-dextroamphetamine,Central nervous system stimulant,270.53,Global Indian Medicine Average
Levocarnitine,Levocarnil 500 Tablet,Levocarnitine,Amino acid derivative,403.0,Indian Medicine Dataset Match
Docusate,None,Docusate,Stool softener,270.53,Global Indian Medicine Average
Mercaptopurine,None,Mercaptopurine,Antimetabolite,270.53,Global Indian Medicine Average
Potassium Chl 20 mEq / 1000 mL D5LR,Electrolyte M 5% Infusion,"Potassium chloride, Dextrose, Sodium chloride, Sodium lactate, Calcium chloride",Electrolytes and fluid replenisher,29.68,Indian Medicine Dataset Match
Methyldopa,Alphadopa 500 Tablet,Methyldopa,Alpha-2 adrenergic agonist,46.83,Indian Medicine Dataset Match
Heparin CRRT,Heparin Sodium 10000 IU Injection,Heparin,Unfractionated heparin,185.71,Indian Medicine Dataset Match
Parnate,None,Tranylcypromine,Monoamine oxidase inhibitor,270.53,Global Indian Medicine Average
PrednisoLONE Acetate 0.12% Ophth. Susp.,Prednisolone Acetate Opthalmic Suspension,Prednisolone acetate,Corticosteroid,66.18,Indian Medicine Dataset Match
Pulmozyme,None,Dornase alfa,Mucolytic,270.53,Global Indian Medicine Average
Provigil,None,Modafinil,CNS stimulant,270.53,Global Indian Medicine Average
Mirapex,Pramipex 0.5 Tablet,Pramipexole,Dopamine agonist,155.0,Indian Medicine Dataset Match
Pantoprazole (Granules for DR Suspension),None,Pantoprazole,Proton pump inhibitor,270.53,Global Indian Medicine Average
Glucose Tab,None,Glucose,Carbohydrate,270.53,Global Indian Medicine Average
Fludarabine Phosphate,Fludabine 50mg Injection,Fludarabine phosphate,Purine analog,10500.0,Indian Medicine Dataset Match
Bupivacaine 0.25%,None,Bupivacaine,Amide local anesthetic,270.53,Global Indian Medicine Average
Decitabine,None,Decitabine,Hypomethylating agent,270.53,Global Indian Medicine Average
Nitroglycerin Patch,None,Nitroglycerin,Nitrate,270.53,Global Indian Medicine Average
Polymyxin B Sulfate,Polymix B 500000units Injection,Polymyxin B sulfate,Polymyxin antibiotic,2600.0,Indian Medicine Dataset Match
Nafcillin Desensitization,None,Nafcillin,Penicillinase-resistant penicillin,270.53,Global Indian Medicine Average
Bethanechol,Bethanax 25mg Tablet,Bethanechol,Cholinergic agonist,145.0,Indian Medicine Dataset Match
Levalbuterol HCl,None,Levalbuterol,Beta2-adrenergic agonist,270.53,Global Indian Medicine Average
Fosamprenavir,None,Fosamprenavir,Protease inhibitor,270.53,Global Indian Medicine Average
Levemir,Levemir 100IU/ml Flexpen,Insulin detemir,Long-acting insulin,1449.8,Indian Medicine Dataset Match
Ciprofloxacin,None,Ciprofloxacin,Fluoroquinolone,270.53,Global Indian Medicine Average
Ceftazidime-Avibactam *NF*,None,Ceftazidime-avibactam,Cephalosporin/beta-lactamase inhibitor,270.53,Global Indian Medicine Average
Ascorbic Acid (Liquid),C Vit 500mg Tablet,Ascorbic acid,Vitamin,122.0,Indian Medicine Dataset Match
GuaiFENesin-CODEINE Phosphate,Tossex Antitussive Cough Syrup,"Guaifenesin, Codeine phosphate",Expectorant and Opioid Antitussive,186.8,Indian Medicine Dataset Match
Fosaprepitant,Fospritant 150mg Injection,Fosaprepitant,NK1 receptor antagonist,2500.0,Indian Medicine Dataset Match
colesevelam,None,Colesevelam,Bile acid sequestrant,270.53,Global Indian Medicine Average
Calcipotriene 0.005% Cream,Psoriex Ointment,Calcipotriene,Vitamin D analog,850.92,Indian Medicine Dataset Match
Carbamazepine (Extended-Release),None,Carbamazepine,Anticonvulsant,270.53,Global Indian Medicine Average
Chloramphenicol Na Succ,None,Chloramphenicol,Amphenicol antibiotic,270.53,Global Indian Medicine Average
Vigamox,DavaIndia Moxifloxacin 0.5% Eye Drop,Moxifloxacin,Fluoroquinolone,22.0,Indian Medicine Dataset Match
Imatinib,None,Imatinib,Tyrosine kinase inhibitor,270.53,Global Indian Medicine Average
EPINEPHrine (EpiPEN),Adrenaline Tartrate Injection,Epinephrine,Alpha/Beta adrenergic agonist,14.52,Indian Medicine Dataset Match
Iron Polysaccharides Complex,None,Polysaccharide-iron complex,Iron supplement,270.53,Global Indian Medicine Average
Repaglinide,Genericart Repaglinide 1mg Tablet,Repaglinide,Meglitinide,103.0,Indian Medicine Dataset Match
RisperiDONE,DavaIndia Risperidone 1mg Tablet,Risperidone,Atypical antipsychotic,8.0,Indian Medicine Dataset Match
HumaLOG,Humalog 100IU/ml Solution for Injection,Insulin lispro,Rapid-acting insulin,900.0,Indian Medicine Dataset Match
Syringe (LR),None,Unknown,IV Fluid / Medical Device,270.53,Global Indian Medicine Average
Bacitracin/Polymyxin B Sulfate Opht. Oint,Mokbiotic 0.5% Eye Drop,"Bacitracin, Polymyxin B Sulfate",Antibiotic,82.0,Indian Medicine Dataset Match
fenofibrate nanocrystallized,Fibrate 200mg Tablet,Fenofibrate,Fibrate,85.0,Indian Medicine Dataset Match
CefazoLIN Desensitization,None,Cefazolin,First-generation cephalosporin,270.53,Global Indian Medicine Average
Hepatitis B Vaccine (20 mcg/mL),Heppacine B 20mcg Injection,Hepatitis B surface antigen,Vaccine,11000.0,Indian Medicine Dataset Match
5 Syringes (NS),None,Unknown,Isotonic crystalloid / Flush,270.53,Global Indian Medicine Average
Streptomycin Sulfate,None,Streptomycin,Aminoglycoside,270.53,Global Indian Medicine Average
QuiNIDine Gluconate E.R.,None,Quinidine gluconate,Class Ia antiarrhythmic,270.53,Global Indian Medicine Average
Fentanyl,None,Fentanyl,Opioid analgesic,270.53,Global Indian Medicine Average
Neomycin Sulfate,None,Neomycin sulfate,Aminoglycoside,270.53,Global Indian Medicine Average
CRLX101,None,Camptothecin,Topoisomerase I inhibitor,270.53,Global Indian Medicine Average
Aminocaproic Acid,None,Aminocaproic acid,Antifibrinolytic,270.53,Global Indian Medicine Average
Flumazenil,None,Flumazenil,Benzodiazepine receptor antagonist,270.53,Global Indian Medicine Average
Bortezomib,Bortetrust 2 Injection,Bortezomib,Proteasome inhibitor,12499.25,Indian Medicine Dataset Match
Isosorbide Dinitrate SA,None,Isosorbide dinitrate,Nitrate,270.53,Global Indian Medicine Average
Miconazole Nitrate (Combo Pack),None,Miconazole nitrate,Imidazole antifungal,270.53,Global Indian Medicine Average
*NF* Imatinib Mesylate,Imatinib 400 Tablet,Imatinib Mesylate,Tyrosine kinase inhibitor,2500.0,Indian Medicine Dataset Match
Methylene Blue,None,Methylene blue,Antidote,270.53,Global Indian Medicine Average
MetronidAZOLE Topical 1 % Gel,None,Metronidazole,Nitroimidazole,270.53,Global Indian Medicine Average
DAPTOmycin,None,Daptomycin,Lipopeptide antibiotic,270.53,Global Indian Medicine Average
Betamethasone Valerate 0.1% Cream,None,Betamethasone valerate,Corticosteroid,270.53,Global Indian Medicine Average
Fluticasone-Salmeterol (100/50),None,Fluticasone and Salmeterol,Inhaled corticosteroid and long-acting beta-agonist (ICS/LABA),270.53,Global Indian Medicine Average
Bacitracin,None,Bacitracin,Polypeptide antibiotic,270.53,Global Indian Medicine Average
Tetracycline,None,Tetracycline,Tetracycline antibiotic,270.53,Global Indian Medicine Average
Terbinafine 1% Cream,DavaIndia Terbinafine 1% Cream,Terbinafine,Allylamine antifungal,40.0,Indian Medicine Dataset Match
COVID-19 Vaccine (PFIZER),Covaxin Vaccine,Unknown,Vaccine,0.0,Indian Medicine Dataset Match
Cromolyn Sodium (Nasal Inhalation),None,Cromolyn sodium,Mast cell stabilizer,270.53,Global Indian Medicine Average
Buprenorphine-Naloxone Film (8mg-2mg),None,Buprenorphine / Naloxone,Opioid partial agonist/antagonist,270.53,Global Indian Medicine Average
Nefazodone HCl,None,Nefazodone,Serotonin antagonist and reuptake inhibitor (SARI),270.53,Global Indian Medicine Average
Albuterol Sulfate (Extended Release),Salbutamol Resp Solution,Albuterol sulfate,Beta2-adrenergic agonist,13.27,Indian Medicine Dataset Match
Desonide 0.05% Cream,Atonide Cream,Desonide,Topical corticosteroid,195.0,Indian Medicine Dataset Match
Leflunomide,Leflunomide 20mg Tablet,Leflunomide,Disease-modifying antirheumatic drug (DMARD),271.25,Indian Medicine Dataset Match
Fluorouracil,None,Fluorouracil,Pyrimidine analog antimetabolite,270.53,Global Indian Medicine Average
Methadone (Oral Solution)  2 mg/1 mL,None,Methadone,Opioid agonist,270.53,Global Indian Medicine Average
RisperiDONE Oral Solution,None,Risperidone,Atypical antipsychotic,270.53,Global Indian Medicine Average
budesonide,Budecort 200 Inhaler,Budesonide,Corticosteroid,439.04,Indian Medicine Dataset Match
Bismuth Subsalicylate Chewable,None,Bismuth subsalicylate,Antidiarrheal,270.53,Global Indian Medicine Average
Vancomycin – Pharmacy to Dose (ID Consult ONLY),Vancomycin 500mg Injection,Vancomycin,Glycopeptide antibiotic,281.25,Indian Medicine Dataset Match
Sodium Fluoride (Dental Gel),None,Sodium Fluoride,Fluoride,270.53,Global Indian Medicine Average
Sodium Zirconium Cyclosilicate,None,Sodium zirconium cyclosilicate,Potassium binder,270.53,Global Indian Medicine Average
Levemir FlexTouch,None,Insulin detemir,Long-acting insulin analog,270.53,Global Indian Medicine Average
Dibucaine,None,Dibucaine,Local anesthetic,270.53,Global Indian Medicine Average
Mannitol 20%,None,Mannitol,Osmotic diuretic,270.53,Global Indian Medicine Average
Busulfan,Emsulfan 60mg Injection,Busulfan,Alkylating agent,5500.0,Indian Medicine Dataset Match
bicalutamide,Casodex 50mg Tablet,Bicalutamide,Nonsteroidal androgen receptor inhibitor,5787.0,Indian Medicine Dataset Match
Trifluoperazine HCl,None,Trifluoperazine,Phenothiazine,270.53,Global Indian Medicine Average
cycloSPORINE,None,Cyclosporine,Calcineurin inhibitor,270.53,Global Indian Medicine Average
Dexamethasone Oral Soln (0.1mg/1mL),Dexasone 0.5mg Tablet,Dexamethasone,Corticosteroid,2.13,Indian Medicine Dataset Match
Isosorbide Dinitrate ER,None,Isosorbide dinitrate,Nitrate,270.53,Global Indian Medicine Average
Clonidine 7-Day Patch 0.1 mg/24 hr,None,Clonidine,Alpha-2 adrenergic agonist,270.53,Global Indian Medicine Average
Buprenorphine-Naloxone (2mg-0.5mg),None,Buprenorphine and Naloxone,Opioid partial agonist/antagonist combination,270.53,Global Indian Medicine Average
Acetaminophen w/Codeine Elixir,StayHappi Tramadol+Paracetamol 37.5mg/325mg Tablet,"Acetaminophen, Codeine",Opioid / Non-opioid analgesic combination,30.0,Indian Medicine Dataset Match
Fosfomycin Tromethamine,Fosfocin Powder,Fosfomycin,Phosphonic acid antibiotic,349.2,Indian Medicine Dataset Match
Levoleucovorin,None,Levoleucovorin,Folate analog,270.53,Global Indian Medicine Average
Aspirin-Caffeine-Butalbital,None,"Aspirin, Caffeine, and Butalbital",Barbiturate/analgesic combination,270.53,Global Indian Medicine Average
Lopinavir-Ritonavir,None,Lopinavir and Ritonavir,Protease inhibitor,270.53,Global Indian Medicine Average
AndroGel,Androgel,Testosterone,Androgen,90.0,Indian Medicine Dataset Match
Naphazoline-Pheniramine Ophth. Solution,Aller Nil Eye Drop,Naphazoline / Pheniramine,Antihistamine / Decongestant combination,32.41,Indian Medicine Dataset Match
Palivizumab,None,Palivizumab,Monoclonal antibody,270.53,Global Indian Medicine Average
Iohexol 240,Omnipaque 350mg Infusion,Iohexol,Non-ionic iodinated contrast medium,1090.0,Indian Medicine Dataset Match
NORepinephrine (in NS),Nor Epineph 2mg Injection,Norepinephrine,Alpha/Beta-adrenergic agonist,192.0,Indian Medicine Dataset Match
Lidocaine 2% P.f.,None,Lidocaine,Local anesthetic,270.53,Global Indian Medicine Average
Atropine Sulfate 1%,Atropine 1% Eye Drop,Atropine sulfate,Anticholinergic,19.88,Indian Medicine Dataset Match
Paliperidone ER,None,Paliperidone,Atypical antipsychotic,270.53,Global Indian Medicine Average
D20W,Dextrose 25% Infusion,Dextrose,Hypertonic dextrose solution,18.85,Indian Medicine Dataset Match
Nesiritide,None,Nesiritide,Natriuretic peptide,270.53,Global Indian Medicine Average
Sodium Chloride,Sodium Chloride Infusion,Sodium chloride,Electrolyte,18.37,Indian Medicine Dataset Match
Pulmicort,Pulmicort 200mcg Inhaler,Budesonide,Inhaled corticosteroid,342.6,Indian Medicine Dataset Match
Anastrozole,Anastroz 1mg Tablet,Anastrozole,Aromatase inhibitor,560.0,Indian Medicine Dataset Match
Lithium Oral Solution,None,Lithium,Mood stabilizer,270.53,Global Indian Medicine Average
Becaplermin Gel 0.01%,None,Becaplermin,Platelet-derived growth factor,270.53,Global Indian Medicine Average
Betamethasone Dipro 0.05% Cream,Belsonate 0.05% Cream,Betamethasone dipropionate,Corticosteroid,149.0,Indian Medicine Dataset Match
Codeine Phosphate,Codeine Phosphate Linctus,Codeine phosphate,Opioid analgesic,62.21,Indian Medicine Dataset Match
Pilocarpine 4%,Pilocar 4% Eye Drop,Pilocarpine,Cholinergic agonist,56.83,Indian Medicine Dataset Match
cilostazol,Genericart Cilostazol 50mg Tablet,Cilostazol,Phosphodiesterase III inhibitor,80.0,Indian Medicine Dataset Match
Fleet Phospho-Soda,Laxit L Oral Solution,Sodium phosphates,Osmotic laxative,216.0,Indian Medicine Dataset Match
Testosterone 5mg Patch,None,Testosterone,Androgen,270.53,Global Indian Medicine Average
Carbamazepine Chewable Tabs,None,Carbamazepine,Anticonvulsant,270.53,Global Indian Medicine Average
Amantadine Syrup,Parkitidin Tablet,Amantadine,NMDA receptor antagonist,153.0,Indian Medicine Dataset Match
Tobramycin-Dexamethasone Ophth Oint,Tobacin D Eye Drop,Tobramycin and Dexamethasone,Aminoglycoside and Corticosteroid Combination,41.57,Indian Medicine Dataset Match
Sildenafil Citrate,Grace Drugs & Pharmaceuticals Sildenafil 50mg Tablet,Sildenafil citrate,Phosphodiesterase-5 (PDE5) inhibitor,99.0,Indian Medicine Dataset Match
Propylthiouracil,None,Propylthiouracil,Thionamide,270.53,Global Indian Medicine Average
PHENObarbital-ICU Alcohol Withdrawal (Loading Dose 1) (IM) (FOR CLINICIAN USE),Phenobarbitone 200mg Injection,Phenobarbital,Barbiturate,13.93,Indian Medicine Dataset Match
Acetylcysteine Inhaled – For interventional pulmonary use only,None,Acetylcysteine,Mucolytic,270.53,Global Indian Medicine Average
Povidone Iodine 1/4 Strength,Povidone Iodine 5% Solution,Povidone-iodine,Antiseptic,340.91,Indian Medicine Dataset Match
Bicitra,DavaIndia Disodium Hydrogen Citrate 1.53gm Syrup,Sodium citrate and Citric acid,Alkalinizing agent,30.0,Indian Medicine Dataset Match
Trandolapril,None,Trandolapril,ACE Inhibitor,270.53,Global Indian Medicine Average
DASatinib,Sprycel 70mg Tablet,Dasatinib,Tyrosine kinase inhibitor,211538.51,Indian Medicine Dataset Match
Evista,None,Raloxifene,Selective Estrogen Receptor Modulator (SERM),270.53,Global Indian Medicine Average
Benazepril,None,Benazepril,ACE Inhibitor,270.53,Global Indian Medicine Average
Primaquine Phosphate,None,Primaquine,8-aminoquinoline,270.53,Global Indian Medicine Average
Famotidine (IV),None,Famotidine,H2-receptor antagonist,270.53,Global Indian Medicine Average
Clobetasol Propionate 0.05% Soln,StayHappi Clobetasol 0.05% Cream,Clobetasol propionate,Topical corticosteroid,38.0,Indian Medicine Dataset Match
Potassium Chl 20 mEq / 1000 mL D5W,Electrolyte M 5% Infusion,"Potassium chloride, Dextrose",Electrolyte / Intravenous fluid,29.68,Indian Medicine Dataset Match
Victoza 3-Pak,Victoza Solution for Injection,Liraglutide,GLP-1 receptor agonist,5324.0,Indian Medicine Dataset Match
Theophylline (Oral Solution),None,Theophylline,Methylxanthine,270.53,Global Indian Medicine Average
Propranolol HCl,Genericart Propranolol 40mg Tablet,Propranolol,Beta-blocker,26.5,Indian Medicine Dataset Match
Imatinib Oral Suspension,Imatinib 400 Tablet,Imatinib,Tyrosine kinase inhibitor,2500.0,Indian Medicine Dataset Match
PHENObarbital - ICU Alcohol Withdrawal (Loading Dose 1),None,Phenobarbital,Barbiturate,270.53,Global Indian Medicine Average
CellCept,Cellcept 500mg Tablet,Mycophenolate mofetil,Immunosuppressant,669.0,Indian Medicine Dataset Match
Tacrolimus (Extended Release),None,Tacrolimus,Calcineurin inhibitor,270.53,Global Indian Medicine Average
Ethambutol HCl,Lincambutol 800mg Tablet,Ethambutol,Antitubercular,42.48,Indian Medicine Dataset Match
Ertapenem Sodium,Amropenem 500mg Injection,Ertapenem,Carbapenem,1390.0,Indian Medicine Dataset Match
Amiloride HCl,None,Amiloride,Potassium-sparing diuretic,270.53,Global Indian Medicine Average
Durezol,None,Difluprednate,Corticosteroid,270.53,Global Indian Medicine Average
Ketoconazole,DavaIndia Ketoconazole 2% Cream,Ketoconazole,Azole antifungal,30.0,Indian Medicine Dataset Match
Tizanidine HCl,None,Tizanidine,Centrally acting alpha-2 adrenergic agonist,270.53,Global Indian Medicine Average
PrismaSol  (B32 K0),None,Multiple electrolytes,Dialysis solution,270.53,Global Indian Medicine Average
ValGANCIclovir Suspension,None,Valganciclovir,Antiviral,270.53,Global Indian Medicine Average
RISperidone (Disintegrating Tablet),DavaIndia Risperidone 1mg Tablet,Risperidone,Atypical antipsychotic,8.0,Indian Medicine Dataset Match
Multivitamins W/minerals Liquid,None,Multivitamins and Minerals,Nutritional Supplement,270.53,Global Indian Medicine Average
OXcarbazepine,Genericart Oxcarbazepine 300mg Tablet,Oxcarbazepine,Anticonvulsant,110.0,Indian Medicine Dataset Match
Sorbitol,None,Sorbitol,Osmotic laxative,270.53,Global Indian Medicine Average
Amaryl,Genericart Glimepiride 4mg Tablet,Glimepiride,Sulfonylurea,100.0,Indian Medicine Dataset Match
Neomycin-Polymyxin-HC Otic Susp,None,"Neomycin, Polymyxin B, Hydrocortisone",Antibiotic/Corticosteroid combination,270.53,Global Indian Medicine Average
Risperidone Oral Solution,DavaIndia Risperidone 1mg Tablet,Risperidone,Atypical antipsychotic,8.0,Indian Medicine Dataset Match
NS (Excel),Normal Saline 0.9% Infusion,Sodium chloride,Isotonic crystalloid,31.28,Indian Medicine Dataset Match
Amino Acids 4.25%-Dextrose 5%,None,"Amino acids, Dextrose",Parenteral nutrition solution,270.53,Global Indian Medicine Average
MethylPREDNISolone Sod Succ,None,Methylprednisolone sodium succinate,Corticosteroid,270.53,Global Indian Medicine Average
Lithium Carbonate SR (Lithobid),None,Lithium carbonate,Mood stabilizer,270.53,Global Indian Medicine Average
Click Change <--- to Choose a Base Solution,None,Unknown,Unknown,270.53,Global Indian Medicine Average
Tekturna,None,Aliskiren,Direct renin inhibitor,270.53,Global Indian Medicine Average
Genvoya,None,"Elvitegravir, cobicistat, emtricitabine, and tenofovir alafenamide","HIV integrase strand transfer inhibitor, CYP3A inhibitor, and nucleoside reverse transcriptase inhibitors",270.53,Global Indian Medicine Average
vancomycin,Vancomycin 500mg Injection,Vancomycin,Glycopeptide antibiotic,281.25,Indian Medicine Dataset Match
Sodium Fluoride 1.1% (Dental Gel),Fluoritop SR Dental Varnish 1.5 ml,Sodium fluoride,Fluoride,51.4,Indian Medicine Dataset Match
Phenazopyridine HCl,None,Phenazopyridine,Urinary tract analgesic,270.53,Global Indian Medicine Average
Orabase w/ Benzocaine Paste,Medicaine Oral Gel,Benzocaine,Local anesthetic,124.25,Indian Medicine Dataset Match
LamiVUDine,Lamivir HBV Tablet,Lamivudine,Nucleoside reverse transcriptase inhibitor (NRTI),158.38,Indian Medicine Dataset Match
Acebutolol HCl,None,Acebutolol,Beta-blocker,270.53,Global Indian Medicine Average
Chlorpheniramine Maleate,None,Chlorpheniramine maleate,First-generation antihistamine,270.53,Global Indian Medicine Average
WelChol,None,Colesevelam,Bile acid sequestrant,270.53,Global Indian Medicine Average
olmesartan,DavaIndia Olmesartan Medoxomil 40mg Tablet,Olmesartan,Angiotensin II receptor blocker,50.0,Indian Medicine Dataset Match
Hydrochloric Acid,None,Hydrochloric acid,Acidifying agent,270.53,Global Indian Medicine Average
Qvar,None,Beclomethasone dipropionate,Inhaled corticosteroid,270.53,Global Indian Medicine Average
Fluticasone-Salmeterol,None,Fluticasone and Salmeterol,Inhaled corticosteroid and long-acting beta-agonist (ICS/LABA),270.53,Global Indian Medicine Average
CarBAMazepine,None,Carbamazepine,Anticonvulsant,270.53,Global Indian Medicine Average
Tirofiban,Terofib 5mg Infusion,Tirofiban,Glycoprotein IIb/IIIa inhibitor,3838.79,Indian Medicine Dataset Match
Rhopressa,None,Netarsudil,Rho kinase inhibitor,270.53,Global Indian Medicine Average
Azacitidine,Azacytin Injection,Azacitidine,Hypomethylating agent,5079.5,Indian Medicine Dataset Match
Mitoxantrone,None,Mitoxantrone,Anthracenedione,270.53,Global Indian Medicine Average
Leuprolide Acetate,Leuprolide 3.75mg Depot One Combipack,Leuprolide acetate,GnRH agonist,3944.5,Indian Medicine Dataset Match
Lacosamide *NF*,Genericart Lacosamide  100mg Tablet,Lacosamide,Anticonvulsant,128.0,Indian Medicine Dataset Match
Hespan,Hestar 200 Infusion,Hetastarch,Plasma volume expander,393.8,Indian Medicine Dataset Match
Cyclosporine 0.05% Ophth Emulsion,None,Cyclosporine,Calcineurin inhibitor,270.53,Global Indian Medicine Average
Atacand,None,Candesartan,Angiotensin II receptor blocker,270.53,Global Indian Medicine Average
Bupivacaine 0.2%,Numbcaine 0.5% Injection,Bupivacaine,Amide local anesthetic,79.0,Indian Medicine Dataset Match
Beclomethasone Dipropionate,Beclate 200 Inhaler,Beclomethasone dipropionate,Corticosteroid,547.04,Indian Medicine Dataset Match
Nabumetone,Arthrox 500mg Tablet,Nabumetone,Nonsteroidal anti-inflammatory drug (NSAID),73.0,Indian Medicine Dataset Match
vorinostat,None,Vorinostat,Histone deacetylase (HDAC) inhibitor,270.53,Global Indian Medicine Average
Melphalan,None,Melphalan,Alkylating agent,270.53,Global Indian Medicine Average
Fenofibrate Micronized,None,Fenofibrate,Fibric acid derivative,270.53,Global Indian Medicine Average
Dakins 1/2 Strength,Skylon Antiseptic Solution,Sodium hypochlorite,Antiseptic,65.8,Indian Medicine Dataset Match
Metformin,Genericart Metformin Hydrochloride 500mg Tablet,Metformin,Biguanide,19.38,Indian Medicine Dataset Match
AmLactin,None,Ammonium lactate,Alpha-hydroxy acid,270.53,Global Indian Medicine Average
Hydrocortisone Oint 1%,None,Hydrocortisone,Corticosteroid,270.53,Global Indian Medicine Average
Lacosamide,Genericart Lacosamide  100mg Tablet,Lacosamide,Anticonvulsant,128.0,Indian Medicine Dataset Match
COVID-19 Vaccine (Moderna),Moderna Vaccine,Unknown,Vaccine,0.0,Indian Medicine Dataset Match
IDArubicin,None,Idarubicin,Anthracycline,270.53,Global Indian Medicine Average
etanercept,Enbrel 50mg Injection,Etanercept,TNF inhibitor,17170.0,Indian Medicine Dataset Match
Creon 10,None,Pancrelipase,Pancreatic enzymes,270.53,Global Indian Medicine Average
fenofibrate micronized,Fibrate 200mg Tablet,Fenofibrate,Fibric acid derivative,85.0,Indian Medicine Dataset Match
Levetiracetam,Genericart Levetiracetam 500mg Tablet,Levetiracetam,Anticonvulsant,120.0,Indian Medicine Dataset Match
Norethindrone-Estradiol,StayHappi Ethinyl Estradiol+Levonorgestrel 0.03mg/0.15mg Tablet,Norethindrone and Estradiol,Estrogen/Progestin Combination,38.89,Indian Medicine Dataset Match
Mephobarbital,None,Mephobarbital,Barbiturate,270.53,Global Indian Medicine Average
Hepatitis B Vaccine (Engerix-B 20 mcg/mL),Heppacine B 20mcg Injection,Hepatitis B surface antigen,Vaccine,11000.0,Indian Medicine Dataset Match
Heparin Flush Port (10 units/mL),Heparin Sodium 10000 IU Injection,Heparin,Anticoagulant,185.71,Indian Medicine Dataset Match
Trelegy Ellipta,Trelegy Ellipta Powder For Inhalation,"Fluticasone furoate, umeclidinium, and vilanterol","Corticosteroid, Anticholinergic, and Long-Acting Beta2-Adrenergic Agonist Combination",3135.0,Indian Medicine Dataset Match
Naloxone HCl,None,Naloxone,Opioid antagonist,270.53,Global Indian Medicine Average
NS (Syringe),Normal Saline 0.9% Infusion,Sodium chloride,Isotonic crystalloid,31.28,Indian Medicine Dataset Match
MEMAntine,DavaIndia Memantine 10mg Tablet,Memantine,NMDA receptor antagonist,20.0,Indian Medicine Dataset Match
Isosorbide,Genericart Isosorbide Mononitrate  10mg Tablet,Isosorbide,Nitrate vasodilator,20.6,Indian Medicine Dataset Match
Ethacrynate Sodium,None,Ethacrynate sodium,Loop diuretic,270.53,Global Indian Medicine Average
BENDAmustine,Bendamax 100 Injection,Bendamustine,Alkylating agent,2267.0,Indian Medicine Dataset Match
Arimidex,None,Anastrozole,Aromatase inhibitor,270.53,Global Indian Medicine Average
Clonidine TTS 3 Patch,None,Clonidine,Alpha-2 adrenergic agonist,270.53,Global Indian Medicine Average
CoQ10 (300mg),None,Coenzyme Q10,Nutritional Supplement,270.53,Global Indian Medicine Average
Benzocaine 20% Spray,None,Benzocaine,Local anesthetic,270.53,Global Indian Medicine Average
Cortroysn,ACTH INJECTION,Cosyntropin,Synthetic ACTH analog,1510.0,Indian Medicine Dataset Match
Ketamine (For Intubation),Ketamine Hydrochloride 50mg Injection,Ketamine,NMDA receptor antagonist,109.0,Indian Medicine Dataset Match
Rilpivirine,None,Rilpivirine,Non-nucleoside reverse transcriptase inhibitor (NNRTI),270.53,Global Indian Medicine Average
Albuterol Sulfate,None,Albuterol sulfate,Beta2-adrenergic agonist,270.53,Global Indian Medicine Average
Rufinamide,None,Rufinamide,Triazole derivative anticonvulsant,270.53,Global Indian Medicine Average
PleTAL,Genericart Cilostazol 50mg Tablet,Cilostazol,Phosphodiesterase III inhibitor,80.0,Indian Medicine Dataset Match
Phentolamine Mesylate,None,Phentolamine mesylate,Alpha-adrenergic antagonist,270.53,Global Indian Medicine Average
Methylene Blue 1%,None,Methylene blue,Antidote,270.53,Global Indian Medicine Average
Kcentra*,None,Prothrombin complex concentrate (human),Prothrombin complex concentrate,270.53,Global Indian Medicine Average
Divalproex Sodium,DavaIndia Divalproex 500mg Tablet ER,Divalproex sodium,Anticonvulsant,46.0,Indian Medicine Dataset Match
Estradiol,Estraderm MX 50 Transdermal Patch,Estradiol,Estrogen,390.0,Indian Medicine Dataset Match
EpiPen,Adrenaline Tartrate Injection,Epinephrine,Adrenergic agonist,14.52,Indian Medicine Dataset Match
Levobunolol 0.5%,None,Levobunolol,Beta-blocker,270.53,Global Indian Medicine Average
omeprazole,DavaIndia Omeprazole 20mg Capsule,Omeprazole,Proton pump inhibitor,15.0,Indian Medicine Dataset Match
Talc (Sterile),None,Talc,Sclerosing agent,270.53,Global Indian Medicine Average
23.4% Sodium Chloride,None,Sodium chloride,Electrolyte,270.53,Global Indian Medicine Average
Ledipasvir/Sofosbuvir,None,Ledipasvir/Sofosbuvir,Direct-acting antivirals,270.53,Global Indian Medicine Average
Acamprosate,None,Acamprosate,GABA analogue,270.53,Global Indian Medicine Average
"Measles, Mumps & Rubella Vac",Mmr  Vaccine,"Live attenuated measles, mumps, and rubella viruses",Live Attenuated Vaccine,128.0,Indian Medicine Dataset Match
Fetzima,DavaIndia Duloxetine 30mg Tablet,Levomilnacipran,Serotonin-norepinephrine reuptake inhibitor (SNRI),30.0,Indian Medicine Dataset Match
mycophenolate sodium,DavaIndia Mycophenolate sodium 360mg Tablet,Mycophenolate sodium,Immunosuppressant,200.0,Indian Medicine Dataset Match
cycloSPORINE modified,DavaIndia Ciclosporin 100mg Capsule,Cyclosporine,Calcineurin inhibitor,125.0,Indian Medicine Dataset Match
Xopenex HFA,None,Levalbuterol,Beta2-adrenergic agonist,270.53,Global Indian Medicine Average
Bupivacaine 0.05%,Bupifix 0.5% Injection,Bupivacaine,Amide local anesthetic,97.02,Indian Medicine Dataset Match
Cabergoline,Cabergoline 0.5 Tablet,Cabergoline,Dopamine receptor agonist,399.0,Indian Medicine Dataset Match
Alphagan P,None,Brimonidine tartrate,Alpha-2 adrenergic agonist,270.53,Global Indian Medicine Average
Methylphenidate SR,Concerta 54mg Tablet,Methylphenidate,Central nervous system stimulant,6180.0,Indian Medicine Dataset Match
SORAfenib,Nexavar 200mg Tablet,Sorafenib,Multikinase inhibitor,146037.5,Indian Medicine Dataset Match
"Lidocaine 2%/Epi 1:100,000",Xylocaine Adrenaline 2% Injection,Lidocaine and Epinephrine,Local anesthetic and vasoconstrictor combination,34.5,Indian Medicine Dataset Match
Phenaseptic Throat Spray,None,Phenol,Local anesthetic,270.53,Global Indian Medicine Average
Iron Dextran Complex,Iron S 20mg Injection,Iron dextran,Parenteral iron preparation,250.0,Indian Medicine Dataset Match
Flurbiprofen 0.03%,Isiprofen 0.03% Eye Drop,Flurbiprofen,Nonsteroidal anti-inflammatory drug (NSAID),60.0,Indian Medicine Dataset Match
Morphine Sulfate (Oral Solution) 2 mg/mL,Opiate 100mg Injection,Morphine sulfate,Opioid agonist,29.0,Indian Medicine Dataset Match
famciclovir,Virovir 250 Tablet,Famciclovir,Nucleoside analog antiviral,309.0,Indian Medicine Dataset Match
Verapa,None,Verapamil,Calcium channel blocker,270.53,Global Indian Medicine Average
Flovent HFA,FLOHALE CFC FREE 50 MCG INHALER,Fluticasone propionate,Inhaled corticosteroid,208.57,Indian Medicine Dataset Match
Cidofovir,None,Cidofovir,Antiviral,270.53,Global Indian Medicine Average
"Albumin, Human",HUMAN ALBUMIN 20% INFUSION,Human Albumin,Plasma volume expander,4332.0,Indian Medicine Dataset Match
AZILECT,None,Rasagiline,MAO-B inhibitor,270.53,Global Indian Medicine Average
empagliflozin,Endoflozin 10mg Tablet,Empagliflozin,SGLT2 inhibitor,140.0,Indian Medicine Dataset Match
Lidocaine,Xylocaine 1% Injection,Lidocaine,Local anesthetic,34.5,Indian Medicine Dataset Match
PHENObarbital - ICU Alcohol Withdrawal (Loading Dose 2 and 3),Phenobarbitone 200mg Injection,Phenobarbital,Barbiturate,13.93,Indian Medicine Dataset Match
Belatacept,None,Belatacept,Selective T-cell costimulation blocker,270.53,Global Indian Medicine Average
Misoprostol,Misoprost 200 Tablet,Misoprostol,Prostaglandin E1 analog,82.58,Indian Medicine Dataset Match
Isosorbide,Genericart Isosorbide Mononitrate  10mg Tablet,Isosorbide,Nitrate vasodilator,20.6,Indian Medicine Dataset Match
Filgrastim-sndz,Neupogen 300mcg Injection,Filgrastim,Granulocyte colony-stimulating factor (G-CSF),2600.0,Indian Medicine Dataset Match
Heparin (1000 Units / 500 mL),Heparin Sodium 10000 IU Injection,Heparin,Anticoagulant,185.71,Indian Medicine Dataset Match
Epsom Salt,Constimilk Laxative,Magnesium sulfate,Saline laxative,129.0,Indian Medicine Dataset Match
CoVID-19 Vaccine per Pharmacy,Covaxin Vaccine,SARS-CoV-2 vaccine,Vaccine,0.0,Indian Medicine Dataset Match
azelastine,Azelast Eye Drop,Azelastine,Antihistamine,85.0,Indian Medicine Dataset Match
quiniDINE Sulfate,None,Quinidine,Class Ia antiarrhythmic,270.53,Global Indian Medicine Average
Tiagabine,None,Tiagabine,GABA reuptake inhibitor,270.53,Global Indian Medicine Average
Heparin (via Anti-Xa Monitoring),Heparin Sodium 10000 IU Injection,Heparin,Anticoagulant,185.71,Indian Medicine Dataset Match
Dasatinib,None,Dasatinib,Tyrosine kinase inhibitor,270.53,Global Indian Medicine Average
rizatriptan,None,Rizatriptan,Triptan,270.53,Global Indian Medicine Average
Albuterol,None,Albuterol,Beta2-adrenergic agonist,270.53,Global Indian Medicine Average
trametinib,None,Trametinib,MEK inhibitor,270.53,Global Indian Medicine Average
carisoprodol,None,Carisoprodol,Skeletal muscle relaxant,270.53,Global Indian Medicine Average
bisop,DavaIndia Bisoprolol 5mg Tablet,Bisoprolol,Beta-blocker,22.0,Indian Medicine Dataset Match
Trace Elements,None,"Zinc, copper, manganese, selenium, chromium",Mineral supplement,270.53,Global Indian Medicine Average
Insulin Reg Human (NovoLIN R),Huminsulin R 100IU/ml Solution for Injection,Regular human insulin,Short-acting insulin,539.0,Indian Medicine Dataset Match
Gleevec,Imatinib 400 Tablet,Imatinib,Tyrosine kinase inhibitor,2500.0,Indian Medicine Dataset Match
Physostigmine Salicylate,None,Physostigmine salicylate,Acetylcholinesterase inhibitor,270.53,Global Indian Medicine Average
Depakote ER,Depakote XR 500 Tablet,Divalproex sodium,Anticonvulsant,324.12,Indian Medicine Dataset Match
Vasopressin (for dilution),None,Vasopressin,Vasopressor,270.53,Global Indian Medicine Average
Fluorescein,Fluorobell Eye Drop,Fluorescein,Diagnostic dye,50.0,Indian Medicine Dataset Match
Bacitracin-Polymyxin Ointment,None,"Bacitracin, Polymyxin B",Topical antibiotics,270.53,Global Indian Medicine Average
dapagliflozin,Gluflozin 10 Tablet,Dapagliflozin,SGLT2 inhibitor,150.0,Indian Medicine Dataset Match
Riboflavin (Vitamin B-2),None,Riboflavin,Water-soluble vitamin,270.53,Global Indian Medicine Average
Soma,None,Carisoprodol,Skeletal muscle relaxant,270.53,Global Indian Medicine Average
Buprenorphine,BUPROCARE 0.4MG TABLET,Buprenorphine,Opioid partial agonist,100.0,Indian Medicine Dataset Match
Candesartan,None,Candesartan,Angiotensin II receptor blocker,270.53,Global Indian Medicine Average
Sorafenib,Nexavar 200mg Tablet,Sorafenib,Multikinase inhibitor,146037.5,Indian Medicine Dataset Match
Nexium,None,Esomeprazole,Proton pump inhibitor,270.53,Global Indian Medicine Average
Magnesium Sulfate Replacement (Critical Care and Oncology),Magnesium Sulphate 50%  Injection,Magnesium sulfate,Electrolyte,11.45,Indian Medicine Dataset Match
Albuterol 0.5%,None,Albuterol,Beta2-adrenergic agonist,270.53,Global Indian Medicine Average
tafamidis,None,Tafamidis,Transthyretin stabilizer,270.53,Global Indian Medicine Average
LevETIRAcetam - STAT Dose,None,Levetiracetam,Anticonvulsant,270.53,Global Indian Medicine Average
Letrozole,DavaIndia Letrozole 2.5mg Tablet,Letrozole,Aromatase inhibitor,30.0,Indian Medicine Dataset Match
Terconazole 0.4% Vag. Cream,None,Terconazole,Azole antifungal,270.53,Global Indian Medicine Average
Lamivudine,Lamivir HBV Tablet,Lamivudine,Nucleoside reverse transcriptase inhibitor (NRTI),158.38,Indian Medicine Dataset Match
Vesicare,StayHappi Solifenacin 5mg Tablet,Solifenacin,Anticholinergic,100.0,Indian Medicine Dataset Match
timolol,StayHappi Timolol 0.5% Eye Drop,Timolol,Beta-blocker,17.78,Indian Medicine Dataset Match
enalapril maleate,None,Enalapril,ACE Inhibitor,270.53,Global Indian Medicine Average
INV-Deferoxamine,None,Deferoxamine,Iron chelator,270.53,Global Indian Medicine Average
Sodium Citrate 4%,None,Sodium citrate,Anticoagulant,270.53,Global Indian Medicine Average
darunavir-cobicistat,None,Darunavir and cobicistat,HIV protease inhibitor and pharmacokinetic enhancer,270.53,Global Indian Medicine Average
Triazolam,None,Triazolam,Benzodiazepine,270.53,Global Indian Medicine Average
Isosorbide Mononi,Genericart Isosorbide Mononitrate  10mg Tablet,Isosorbide mononitrate,Nitrate,20.6,Indian Medicine Dataset Match
melatonin,Nveda Sleep Aid with Melatonin 3mg Tablet,Melatonin,Melatonin receptor agonist,750.0,Indian Medicine Dataset Match
rivastigmine,None,Rivastigmine,Cholinesterase inhibitor,270.53,Global Indian Medicine Average
OXALIplatin,Oxaliplatin 100mg Infusion,Oxaliplatin,Platinum analog,4670.33,Indian Medicine Dataset Match
Acarbose,DavaIndia Acarbose 50mg Tablet,Acarbose,Alpha-glucosidase inhibitor,52.0,Indian Medicine Dataset Match
Potassium Ch,None,Potassium chloride,Electrolyte,270.53,Global Indian Medicine Average
Clotrimazole 1% Vaginal Cream,None,Clotrimazole,Azole antifungal,270.53,Global Indian Medicine Average
Droperidol,None,Droperidol,Butyrophenone,270.53,Global Indian Medicine Average
Dextran 40 10%,None,Dextran 40,Plasma volume expander,270.53,Global Indian Medicine Average
Lyrica,None,Pregabalin,Gabapentinoid,270.53,Global Indian Medicine Average
Phos,None,Unknown,Mineral Supplement / Phosphate Binder,270.53,Global Indian Medicine Average
Nicardipine,None,Nicardipine,Calcium channel blocker,270.53,Global Indian Medicine Average
sodium bicar,DavaIndia Sodium Bicarbonate 500mg Tablet,Sodium bicarbonate,Alkalinizing agent,16.5,Indian Medicine Dataset Match
Debrox 6.5%,None,Carbamide peroxide,Otic agent,270.53,Global Indian Medicine Average
Quetiapine extended-release,QUETIA 200 MG TABLET SR,Quetiapine,Atypical antipsychotic,104.0,Indian Medicine Dataset Match
Docusat,Constimilk Laxative,Docusate,Stool softener,129.0,Indian Medicine Dataset Match
Pletal,Genericart Cilostazol 50mg Tablet,Cilostazol,Phosphodiesterase III inhibitor,80.0,Indian Medicine Dataset Match
pomalidomide,None,Pomalidomide,Immunomodulatory imide drug,270.53,Global Indian Medicine Average
Vancomycin 25mg/mL Ophth Soln,None,Vancomycin,Glycopeptide antibiotic,270.53,Global Indian Medicine Average
Didanosine EC,None,Didanosine,Nucleoside Reverse Transcriptase Inhibitor (NRTI),270.53,Global Indian Medicine Average
acetaminophen,Genericart Paracetamol 500mg Tablet,Acetaminophen,Analgesic and antipyretic,9.52,Indian Medicine Dataset Match
Haemophilus B Conj. Vaccine,BioHib Vaccine,Haemophilus influenzae type b capsular polysaccharide conjugate,Conjugate Vaccine,175.0,Indian Medicine Dataset Match
Papain-Urea Ointment,None,"Papain, Urea",Enzymatic debriding agent,270.53,Global Indian Medicine Average
econazole,None,Econazole,Azole antifungal,270.53,Global Indian Medicine Average
Multivitamin IV (Without Vit. K),None,Multiple vitamins,Vitamins,270.53,Global Indian Medicine Average
INV-Thiamine,Thiamin Injection,Thiamine,Vitamin,55.68,Indian Medicine Dataset Match
Uloric,Uricostat 80 Tablet,Febuxostat,Xanthine oxidase inhibitor,164.1,Indian Medicine Dataset Match
Remdesivir,None,Remdesivir,Nucleotide analog antiviral,270.53,Global Indian Medicine Average
Plaquenil,Hcquin 200mg Tablet,Hydroxychloroquine,Aminoquinoline,63.0,Indian Medicine Dataset Match
VIal (Sterile Water),None,Unknown,Diluent / Solvent,270.53,Global Indian Medicine Average
MENINGOcoccal Conj Vaccine (Menactra),None,Meningococcal conjugate vaccine,Vaccine,270.53,Global Indian Medicine Average
AMOXicillin Oral Susp.,Amoxycillin 125mg Oral Suspension,Amoxicillin,Penicillin antibiotic,7.5,Indian Medicine Dataset Match
PhenAZOPYRIDine,None,Phenazopyridine,Urinary tract analgesic,270.53,Global Indian Medicine Average
raloxifene,None,Raloxifene,Selective Estrogen Receptor Modulator (SERM),270.53,Global Indian Medicine Average
Gamunex,Gamunex 10% Infusion,Immune Globulin (Human),Immune Globulin,32995.0,Indian Medicine Dataset Match
Januvia,Januvia 100mg Tablet,Sitagliptin,DPP-4 inhibitor,270.0,Indian Medicine Dataset Match
Pancrease MT 16,Pancrehenz 10000 Capsule,Pancrelipase,Pancreatic enzymes,209.0,Indian Medicine Dataset Match
GuaiFENesin-Dextromethorphan (Sugar Free),Zentoril-DX Expectorant,Guaifenesin and Dextromethorphan,Expectorant and Antitussive,75.0,Indian Medicine Dataset Match
Amitiza,None,Lubiprostone,Chloride channel activator,270.53,Global Indian Medicine Average
Coenzyme Q10,Hydnocar Q10 Tablet,Coenzyme Q10,Nutritional Supplement,480.0,Indian Medicine Dataset Match
DAUNOrubicin,None,Daunorubicin,Anthracycline,270.53,Global Indian Medicine Average
TiCLOPIDINE,Ticlopid 250mg Tablet,Ticlopidine,Antiplatelet,95.0,Indian Medicine Dataset Match
Tropicamide 1 %,Tropicacyl Eye Drop,Tropicamide,Anticholinergic,46.46,Indian Medicine Dataset Match
RifAMPin,RIFAMPILA 150MG CAPSULE,Rifampin,Rifamycin antibiotic,5.82,Indian Medicine Dataset Match
Paxil CR,DavaIndia Escitalopram Oxalate 5mg Tablet,Paroxetine,Selective Serotonin Reuptake Inhibitor (SSRI),14.0,Indian Medicine Dataset Match
Epidural Infusion Bag in NS,None,Unknown,Local Anesthetic / Analgesic,270.53,Global Indian Medicine Average
INV-Remdesivir,None,Remdesivir,Nucleotide analog RNA polymerase inhibitor,270.53,Global Indian Medicine Average
Tretinoin 0.025% Cream,StayHappi Tretinoin 0.025% Cream,Tretinoin,Retinoid,46.67,Indian Medicine Dataset Match
Click Change to Choose a Base Solution,None,Unknown,N/A,270.53,Global Indian Medicine Average
PACLItaxel (TaxOL),Taxol 300mg Infusion,Paclitaxel,Taxane,21190.0,Indian Medicine Dataset Match
Ritonavir (Oral Solution),None,Ritonavir,Protease inhibitor,270.53,Global Indian Medicine Average
Odefsey,None,"Emtricitabine, rilpivirine, and tenofovir alafenamide",Antiretroviral combination,270.53,Global Indian Medicine Average
brinzolamide,None,Brinzolamide,Carbonic anhydrase inhibitor,270.53,Global Indian Medicine Average
Rimantadine,None,Rimantadine,Adamantane antiviral,270.53,Global Indian Medicine Average
Niaspan,None,Niacin,Nicotinic acid derivative,270.53,Global Indian Medicine Average
Liposomal DOXOrubicin (Doxil),None,Doxorubicin,Anthracycline,270.53,Global Indian Medicine Average
Syringe (Intrathecal),None,Unknown,Medical Device,270.53,Global Indian Medicine Average
Cimetidine,Cimetiget 400mg Tablet,Cimetidine,H2-receptor antagonist,14.82,Indian Medicine Dataset Match
Ziprasidone Hydrochloride,None,Ziprasidone,Atypical antipsychotic,270.53,Global Indian Medicine Average
Pristiq,DavaIndia Desvenlafaxine 100mg Tablet ER,Desvenlafaxine,Serotonin-norepinephrine reuptake inhibitor (SNRI),60.0,Indian Medicine Dataset Match
Choline Magnesium Trisalicylate,None,Choline magnesium trisalicylate,Salicylate NSAID,270.53,Global Indian Medicine Average
chlorzoxazone,None,Chlorzoxazone,Centrally acting skeletal muscle relaxant,270.53,Global Indian Medicine Average
Bisoprolol Fumarate,DavaIndia Bisoprolol 5mg Tablet,Bisoprolol,Beta-blocker,22.0,Indian Medicine Dataset Match
PFNS (Syringe),None,Unknown,Isotonic crystalloid / IV flush,270.53,Global Indian Medicine Average
Trihexyphenidyl,StayHappi Trihexyphenidyl 2mg Tablet,Trihexyphenidyl,Anticholinergic,7.0,Indian Medicine Dataset Match
Deferoxamine Mesylate,Desferal 500mg Injection,Deferoxamine mesylate,Iron chelator,167.63,Indian Medicine Dataset Match
Albumin,HUMAN ALBUMIN 20% INFUSION,Albumin,Colloid plasma expander,4332.0,Indian Medicine Dataset Match
rivastigmine,None,Rivastigmine,Cholinesterase inhibitor,270.53,Global Indian Medicine Average
Ocuvite,None,Multivitamins and Minerals,Nutritional Supplement,270.53,Global Indian Medicine Average
travoprost,Travoprost Eye Drop,Travoprost,Prostaglandin analog,289.0,Indian Medicine Dataset Match
Lithium Carbonate CR (Eskalith),None,Lithium carbonate,Mood stabilizer,270.53,Global Indian Medicine Average
Magnesium Sulfate (OB),Magnesium Sulphate 50%  Injection,Magnesium sulfate,Electrolyte,11.45,Indian Medicine Dataset Match
Morphine Concentrate,Opigesic 50mg Tablet,Morphine sulfate,Opioid analgesic,42.0,Indian Medicine Dataset Match
Multi,None,Unknown,Multivitamin / Dietary Supplement,270.53,Global Indian Medicine Average
Pyridoxine HCl,Avnate B6 Tablet,Pyridoxine,Vitamin,38.0,Indian Medicine Dataset Match
Bimatoprost,Bimaton 0.03% Eye Drop,Bimatoprost,Prostaglandin analog,310.0,Indian Medicine Dataset Match
Saliva Substitute,None,Carboxymethylcellulose,Oral lubricant,270.53,Global Indian Medicine Average
Divalproex,DavaIndia Divalproex 500mg Tablet ER,Divalproex sodium,Anticonvulsant,46.0,Indian Medicine Dataset Match
tac,None,Unknown,Unknown,270.53,Global Indian Medicine Average
Insulin Pump,None,Insulin,Insulin,270.53,Global Indian Medicine Average
Thiothixene,None,Thiothixene,Typical antipsychotic,270.53,Global Indian Medicine Average
Celecoxib,None,Celecoxib,COX-2 inhibitor,270.53,Global Indian Medicine Average
Alteplase 1mg/5mL ( Clearance ie. Indwelling port ),Actilyse 50mg Injection,Alteplase,Tissue plasminogen activator,49899.0,Indian Medicine Dataset Match
cabergoline,Cabergoline 0.5 Tablet,Cabergoline,Dopamine receptor agonist,399.0,Indian Medicine Dataset Match
PHENObarbital -  ICU Alcohol Withdrawal (Loading dose 2 and 3) FOR PHARMACY USE ONLY,Phenobarbitone 200mg Injection,Phenobarbital,Barbiturate,13.93,Indian Medicine Dataset Match
REVLIMID,None,Lenalidomide,Immunomodulatory agent,270.53,Global Indian Medicine Average
moxifloxacin,StayHappi Moxifloxacin 400mg Tablet,Moxifloxacin,Fluoroquinolone,102.22,Indian Medicine Dataset Match
Claritin,DavaIndia Loratadine 10mg Tablet,Loratadine,Second-generation antihistamine,30.0,Indian Medicine Dataset Match
Docusate Sodiu,None,Docusate sodium,Stool softener,270.53,Global Indian Medicine Average
Pyrimethamine,None,Pyrimethamine,Dihydrofolate reductase inhibitor,270.53,Global Indian Medicine Average
Aromasin,Aromasin 25mg Tablet,Exemestane,Aromatase inhibitor,5340.0,Indian Medicine Dataset Match
Benzoyl Peroxide Gel 10%,AZ Acnewin 10% Cream,Benzoyl peroxide,Topical acne agent,160.0,Indian Medicine Dataset Match
ofloxacin,DavaIndia Ofloxacin 200mg Tablet,Ofloxacin,Fluoroquinolone,27.0,Indian Medicine Dataset Match
Zoledronic Acid,ZOLDRIC 4 MG INJECTION,Zoledronic acid,Bisphosphonate,3260.0,Indian Medicine Dataset Match
FemARA,None,Letrozole,Aromatase inhibitor,270.53,Global Indian Medicine Average
ATG (Horse),None,Anti-thymocyte globulin,Immunosuppressant,270.53,Global Indian Medicine Average
Basiliximab,None,Basiliximab,Interleukin-2 receptor antagonist,270.53,Global Indian Medicine Average
Tuberculin PPD,None,Tuberculin Purified Protein Derivative,Diagnostic antigen,270.53,Global Indian Medicine Average
Bacitracin Ophthalmic Oint,None,Bacitracin,Polypeptide antibiotic,270.53,Global Indian Medicine Average
Venclexta,None,Venetoclax,BCL-2 inhibitor,270.53,Global Indian Medicine Average
LevETIRAcetam Oral Solution,Genericart Levetiracetam 500mg Tablet,Levetiracetam,Anticonvulsant,120.0,Indian Medicine Dataset Match
Dilantin,Phenytoin Sodium 100mg Injection,Phenytoin,Hydantoin anticonvulsant,75.0,Indian Medicine Dataset Match
Acular,Nsaid-K Eye Drop,Ketorolac tromethamine,Nonsteroidal anti-inflammatory drug (NSAID),63.0,Indian Medicine Dataset Match
Tranylcypromine Sulfate,None,Tranylcypromine,Monoamine oxidase inhibitor,270.53,Global Indian Medicine Average
Sulfacetamide-Prednisolone Ophth. Susp.,Ofbiotic B 0.3% Eye Drop,"Sulfacetamide sodium, Prednisolone acetate",Corticosteroid and Antibacterial Combination,65.0,Indian Medicine Dataset Match
Ranolazine,Genericart Ranolazine 500mg Tablet SR,Ranolazine,Late sodium channel blocker,145.0,Indian Medicine Dataset Match
albuterol sulfate,Salbutamol Resp Solution,Albuterol sulfate,Beta2-adrenergic agonist,13.27,Indian Medicine Dataset Match
Papain 2.5 % Solution,None,Papain,Proteolytic enzyme,270.53,Global Indian Medicine Average
Nystatin-Triamcinolone Ointment,Candiderma Plus  Cream,Nystatin and Triamcinolone,Antifungal and Corticosteroid,154.0,Indian Medicine Dataset Match
Phenylephrine  0.5% Nasal Spray,Nazle 0.1% Nasal Drops,Phenylephrine,Alpha-1 adrenergic agonist,32.0,Indian Medicine Dataset Match
Zomig,None,Zolmitriptan,Triptan,270.53,Global Indian Medicine Average
Phenylephrine 2.5 % Ophth Soln,None,Phenylephrine,Alpha-1 adrenergic agonist,270.53,Global Indian Medicine Average
letrozole,DavaIndia Letrozole 2.5mg Tablet,Letrozole,Aromatase inhibitor,30.0,Indian Medicine Dataset Match
MedroxyPROGESTERone Acetate,StayHappi Medroxyprogesterone acetate 10mg Tablet,Medroxyprogesterone acetate,Progestin,32.0,Indian Medicine Dataset Match
Fenofibrate Nanocrystallized,None,Fenofibrate,Fibrate,270.53,Global Indian Medicine Average
Lotensin,None,Benazepril,ACE Inhibitor,270.53,Global Indian Medicine Average
Venetoclax,None,Venetoclax,BCL-2 inhibitor,270.53,Global Indian Medicine Average
Magonate,None,Magnesium gluconate,Magnesium supplement,270.53,Global Indian Medicine Average
Albumi,HUMAN ALBUMIN 20% INFUSION,Human albumin,Colloid plasma expander,4332.0,Indian Medicine Dataset Match
INV-Acetaminophen,DavaIndia Paracetamol 500mg Tablet,Acetaminophen,Non-opioid analgesic,7.0,Indian Medicine Dataset Match
Iron Dextran (Test Dose),None,Iron dextran,Parenteral iron supplement,270.53,Global Indian Medicine Average
Carfilzomib,None,Carfilzomib,Proteasome inhibitor,270.53,Global Indian Medicine Average
galantamine,None,Galantamine,Cholinesterase inhibitor,270.53,Global Indian Medicine Average
Fluocinolone Acetonide 0.025% Cream,Fluson Cream,Fluocinolone acetonide,Topical corticosteroid,155.0,Indian Medicine Dataset Match
SulfaSALAzine DR,DavaIndia Sulfasalazine 500mg Tablet,Sulfasalazine,Aminosalicylate,40.0,Indian Medicine Dataset Match
Forteo,None,Teriparatide,Parathyroid hormone analog,270.53,Global Indian Medicine Average
ropinirole,DavaIndia Ropinirole 0.25mg Tablet,Ropinirole,Dopamine agonist,8.0,Indian Medicine Dataset Match
L-Carnitine,None,Levocarnitine,Amino acid derivative,270.53,Global Indian Medicine Average
COVID-19 Vaccine,Covaxin Vaccine,Unknown,Vaccine,0.0,Indian Medicine Dataset Match
Benzocaine-Menthol (Sore Throat Lozenge),None,"Benzocaine, Menthol",Local anesthetic and counterirritant,270.53,Global Indian Medicine Average
Lidocaine 4%,Lignocaine 4% Cream,Lidocaine,Amide local anesthetic,11.87,Indian Medicine Dataset Match
Morphine Sulfate,Opigesic 50mg Tablet,Morphine sulfate,Opioid analgesic,42.0,Indian Medicine Dataset Match
Ergocalciferol (Vitamin D2),None,Ergocalciferol,Vitamin D analog,270.53,Global Indian Medicine Average
Dexamet,Dexasone 0.5mg Tablet,Dexamethasone,Corticosteroid,2.13,Indian Medicine Dataset Match
Divalproex Sodium ER,DavaIndia Divalproex 500mg Tablet ER,Divalproex sodium,Anticonvulsant,46.0,Indian Medicine Dataset Match
Gemtuzumab Ozogamicin,None,Gemtuzumab ozogamicin,Antibody-drug conjugate,270.53,Global Indian Medicine Average
Rosiglitazone Maleate,None,Rosiglitazone,Thiazolidinedione,270.53,Global Indian Medicine Average
Buprenorphine-Naloxone Tablet (2mg-0.5mg),None,Buprenorphine and Naloxone,Opioid partial agonist/antagonist combination,270.53,Global Indian Medicine Average
sildenafil,None,Sildenafil,Phosphodiesterase-5 (PDE5) inhibitor,270.53,Global Indian Medicine Average
entacapone,None,Entacapone,COMT inhibitor,270.53,Global Indian Medicine Average
(0.9% NaCl),None,Unknown,Unknown,270.53,Global Indian Medicine Average
Activated Charcoal-Sorbitol,None,"Activated charcoal, sorbitol",Adsorbent and osmotic laxative,270.53,Global Indian Medicine Average
Buprenorphine-Naloxone Film (2mg-0.5mg),None,Buprenorphine / Naloxone,Opioid partial agonist/antagonist,270.53,Global Indian Medicine Average
Ketoconazole Shampoo,Ketost Medicated Anti-dandruff Shampoo,Ketoconazole,Azole antifungal,180.0,Indian Medicine Dataset Match
Rasagiline,None,Rasagiline,Monoamine oxidase B (MAO-B) inhibitor,270.53,Global Indian Medicine Average
ClomiPRAMINE,None,Clomipramine,Tricyclic antidepressant,270.53,Global Indian Medicine Average
Vancomycin Intrathecal,Vancomycin 500mg Injection,Vancomycin,Glycopeptide antibiotic,281.25,Indian Medicine Dataset Match
NS Epidural Bag (0.9% NaCl),Normal Saline 0.9% Infusion,Sodium chloride,Isotonic crystalloid,31.28,Indian Medicine Dataset Match
sodium ferric gluconat-sucrose,None,Sodium ferric gluconate complex,Iron replacement product,270.53,Global Indian Medicine Average
EPINEPHrine (for dilution),Adrenaline Tartrate Injection,Epinephrine,Alpha/Beta adrenergic agonist,14.52,Indian Medicine Dataset Match
Pyrazinamide,None,Pyrazinamide,Antitubercular agent,270.53,Global Indian Medicine Average
ferumoxytol,None,Ferumoxytol,Parenteral iron,270.53,Global Indian Medicine Average
Rifabutin,None,Rifabutin,Rifamycin,270.53,Global Indian Medicine Average
Mesalamine (Rectal),Mesacol 1g Suppository,Mesalamine,Aminosalicylate,247.0,Indian Medicine Dataset Match
isradipine,None,Isradipine,Calcium channel blocker,270.53,Global Indian Medicine Average
Emtricitabine/Tenofovir Disoproxil (Truvada),Truvada 200 mg/300 mg Tablet,Emtricitabine / Tenofovir disoproxil,Nucleoside/Nucleotide Reverse Transcriptase Inhibitors (NRTIs),2510.0,Indian Medicine Dataset Match
Testosterone Cypionate,Testotas 250mg Injection Depot,Testosterone cypionate,Androgen,180.0,Indian Medicine Dataset Match
Clobetasol Propionate 0.05% Gel,None,Clobetasol propionate,Corticosteroid,270.53,Global Indian Medicine Average
Tobramycin Fortified Ophth. Soln.,None,Tobramycin,Aminoglycoside antibiotic,270.53,Global Indian Medicine Average
Tamoxifen Citrate,Tamodex 20mg Tablet,Tamoxifen citrate,Selective Estrogen Receptor Modulator (SERM),32.6,Indian Medicine Dataset Match
Sucralfate Enema,None,Sucralfate,Mucosal protective agent,270.53,Global Indian Medicine Average
Charcoal Aqueous (Activated),None,Activated charcoal,Adsorbent,270.53,Global Indian Medicine Average
Lantus,Lantus 100IU/ml Solution for Injection,Insulin glargine,Long-acting insulin,794.0,Indian Medicine Dataset Match
Thera Tears,Add Tears Lubricant Eye Drop,Carboxymethylcellulose sodium,Ophthalmic lubricant,135.25,Indian Medicine Dataset Match
sacubitril/valsartan(LCZ696),None,Sacubitril/valsartan,Angiotensin receptor-neprilysin inhibitor (ARNI),270.53,Global Indian Medicine Average
sotaloL,None,Sotalol,Beta-blocker,270.53,Global Indian Medicine Average
Bromday,Bromedac 0.09% Eye Drop,Bromfenac,Nonsteroidal anti-inflammatory drug (NSAID),145.0,Indian Medicine Dataset Match
Glyburide/Metformin (5mg-500mg),Genericart Glibenclamide+Metformin 5mg/500mg Tablet,Glyburide and Metformin,Sulfonylurea and Biguanide combination,22.0,Indian Medicine Dataset Match
Kayexalate,None,Sodium polystyrene sulfonate,Cation exchange resin,270.53,Global Indian Medicine Average
Ondansetron 4mg/2mL 2mL VIAL,Emetron 4mg Injection,Ondansetron,5-HT3 receptor antagonist,25.0,Indian Medicine Dataset Match
Byetta,Victoza Solution for Injection,Exenatide,GLP-1 receptor agonist,5324.0,Indian Medicine Dataset Match
tiZANidine,Tizan 2 Tablet,Tizanidine,Centrally acting alpha-2 adrenergic agonist,164.0,Indian Medicine Dataset Match
Amoxicillin Oral Susp.,Amoxycillin 125mg Oral Suspension,Amoxicillin,Penicillin antibiotic,7.5,Indian Medicine Dataset Match
Emend,None,Aprepitant,NK1 receptor antagonist,270.53,Global Indian Medicine Average
QUEtiapine,StayHappi Quetiapine 100mg Tablet,Quetiapine,Atypical antipsychotic,40.0,Indian Medicine Dataset Match
Benadryl Extra Strength,StayHappi Diphenhydramine 25mg Capsule,Diphenhydramine,First-generation antihistamine,19.0,Indian Medicine Dataset Match
Provera,Provera 10mg Tablet,Medroxyprogesterone acetate,Progestin,60.53,Indian Medicine Dataset Match
rivastigmine tartrate,None,Rivastigmine,Cholinesterase inhibitor,270.53,Global Indian Medicine Average
Latuda,None,Lurasidone,Atypical antipsychotic,270.53,Global Indian Medicine Average
Ticlopidine HCl,Ticlopid 250mg Tablet,Ticlopidine,Antiplatelet,95.0,Indian Medicine Dataset Match
5% Dextrose (Non DEPH),Dextrose 5% Infusion,Dextrose,Crystalloid,33.45,Indian Medicine Dataset Match
PlasmaLyte,RINGER LACTATE INFUSION,"Sodium chloride, sodium gluconate, sodium acetate, potassium chloride, magnesium chloride",Crystalloid,51.13,Indian Medicine Dataset Match
PHENYLEPHrine (Premix),None,Phenylephrine,Alpha-1 adrenergic agonist,270.53,Global Indian Medicine Average
Melatonin,Nveda Sleep Aid with Melatonin 3mg Tablet,Melatonin,Melatonin receptor agonist,750.0,Indian Medicine Dataset Match
omega-3s-dha-epa-fish oil,None,Omega-3 fatty acids (EPA and DHA),Omega-3 Fatty Acids,270.53,Global Indian Medicine Average
Selegiline HCl,None,Selegiline,MAO-B inhibitor,270.53,Global Indian Medicine Average
oxyCODONE-acetaminophen,None,Oxycodone and Acetaminophen,Opioid agonist and non-opioid analgesic combination,270.53,Global Indian Medicine Average
Silver Nitrate Applicator,None,Silver nitrate,Cauterizing agent,270.53,Global Indian Medicine Average
Guaifenesin DM,Active DM Expectorant,Guaifenesin and Dextromethorphan,Expectorant and Antitussive,85.0,Indian Medicine Dataset Match
Triamterene,None,Triamterene,Potassium-sparing diuretic,270.53,Global Indian Medicine Average
Letermovir,None,Letermovir,CMV DNA terminase inhibitor,270.53,Global Indian Medicine Average
Cymbalta,DavaIndia Duloxetine 30mg Tablet,Duloxetine,Serotonin-norepinephrine reuptake inhibitor (SNRI),30.0,Indian Medicine Dataset Match
elviteg-cob-emtri-tenof ALAFEN,Forstavir 200 mg/300 mg/600 mg Tablet,"Elvitegravir, cobicistat, emtricitabine, and tenofovir alafenamide",Antiretroviral combination,2380.95,Indian Medicine Dataset Match
Aminocaproic Acid 25 % Oral Rinse,None,Aminocaproic acid,Antifibrinolytic,270.53,Global Indian Medicine Average
Scopolamine 0.25% Ophth Soln,Atropine 1% Eye Drop,Scopolamine,Anticholinergic,19.88,Indian Medicine Dataset Match
doxycycline monohydrate,Omega Doxycycline 100mg Capsule,Doxycycline,Tetracycline antibiotic,80.0,Indian Medicine Dataset Match
metoLAZOne,None,Metolazone,Thiazide-like diuretic,270.53,Global Indian Medicine Average
Bydureon,None,Exenatide,GLP-1 receptor agonist,270.53,Global Indian Medicine Average
Clonidine 7-Day Patch 0.2 mg/24 hr,None,Clonidine,Alpha-2 adrenergic agonist,270.53,Global Indian Medicine Average
olopatadine,Allerdine 0.1% Eye Drop,Olopatadine,Antihistamine,120.0,Indian Medicine Dataset Match
SEROquel,StayHappi Quetiapine 100mg Tablet,Quetiapine,Atypical antipsychotic,40.0,Indian Medicine Dataset Match
Fluocinonide,None,Fluocinonide,Corticosteroid,270.53,Global Indian Medicine Average
esomeprazole magnesium,Genericart Esomeprazole 40mg Tablet,Esomeprazole,Proton pump inhibitor,69.0,Indian Medicine Dataset Match
Scopolamine HBr,None,Scopolamine hydrobromide,Anticholinergic,270.53,Global Indian Medicine Average
2,None,Unknown,Unknown,270.53,Global Indian Medicine Average
Dextran 40 10% in NS,Albumin Grifols 20% Infusion,Dextran 40,Plasma volume expander,7000.0,Indian Medicine Dataset Match
WelChoL,None,Colesevelam,Bile acid sequestrant,270.53,Global Indian Medicine Average
vitamin D3,Vito Gold D3 Oral Solution,Cholecalciferol,Vitamin D analog,70.0,Indian Medicine Dataset Match
carbidopa,None,Carbidopa,Dopa decarboxylase inhibitor,270.53,Global Indian Medicine Average
*NF* Pramipexole,None,Pramipexole,Dopamine agonist,270.53,Global Indian Medicine Average
Gamunex/GammaKED 10%,Gamunex 10% Infusion,Immune Globulin (Human),Immune Globulin,32995.0,Indian Medicine Dataset Match
Tucks,None,Witch hazel,Astringent,270.53,Global Indian Medicine Average
nystatin,None,Nystatin,Polyene antifungal,270.53,Global Indian Medicine Average
everolimus,Lanolimus 0.25mg Tablet,Everolimus,mTOR inhibitor,406.0,Indian Medicine Dataset Match
Neomycin-Polymyxin-Bacitracin Ophth. Oint,None,"Neomycin, Polymyxin B, Bacitracin",Antibiotic,270.53,Global Indian Medicine Average
Afrin Sinus,Otrifresh O 0.05% Nasal Drops,Oxymetazoline,Alpha-adrenergic agonist,69.5,Indian Medicine Dataset Match
Albumin 25% (25g /100mL),HUMAN ALBUMIN 20% INFUSION,Albumin human,Colloid volume expander,4332.0,Indian Medicine Dataset Match
Emla Cream,None,Lidocaine and Prilocaine,Local anesthetic,270.53,Global Indian Medicine Average
Tretinoin 0.05% Cream,StayHappi Tretinoin 0.05% Cream,Tretinoin,Retinoid,60.0,Indian Medicine Dataset Match
fidaxomicin,None,Fidaxomicin,Macrocyclic antibiotic,270.53,Global Indian Medicine Average
Vagifem,None,Estradiol,Estrogen,270.53,Global Indian Medicine Average
everolimus 10mg,Xolimus 10 Tablet,Everolimus,mTOR inhibitor,14999.0,Indian Medicine Dataset Match
Viokase-8,None,Pancrelipase,Pancreatic enzyme,270.53,Global Indian Medicine Average
INV-LCZ696,None,Sacubitril/Valsartan,Angiotensin Receptor-Neprilysin Inhibitor (ARNI),270.53,Global Indian Medicine Average
Prempro,None,Conjugated estrogens and medroxyprogesterone acetate,Estrogen and progestin combination,270.53,Global Indian Medicine Average
Raloxifene,None,Raloxifene,Selective Estrogen Receptor Modulator (SERM),270.53,Global Indian Medicine Average
Symbicort 160-4.5 mcg,Symbiva 200 mcg Inhaler,Budesonide and Formoterol,Inhaled Corticosteroid (ICS) and Long-Acting Beta2-Adrenergic Agonist (LABA),317.5,Indian Medicine Dataset Match
Incruse Ellipta,Pulmotrop Inhaler,Umeclidinium,Long-acting muscarinic antagonist,290.0,Indian Medicine Dataset Match
rabeprazole,RABEPRAZOLE SODIUM 20 MG TABLET,Rabeprazole,Proton pump inhibitor,36.25,Indian Medicine Dataset Match
Domperidone (Bulk),None,Domperidone,Dopamine antagonist,270.53,Global Indian Medicine Average
Tobramycin 0.3% Ophth Soln,StayHappi Tobramycin 0.3% Eye Drop,Tobramycin,Aminoglycoside,13.33,Indian Medicine Dataset Match
Diclofenac Sodium DR,StayHappi Diclofenac 50mg Tablet,Diclofenac sodium,Nonsteroidal Anti-inflammatory Drug (NSAID),9.0,Indian Medicine Dataset Match
sacubitril/valsartan,None,Sacubitril/valsartan,Angiotensin receptor-neprilysin inhibitor (ARNI),270.53,Global Indian Medicine Average
Epinephrine,Adrenaline Tartrate Injection,Epinephrine,Alpha/Beta adrenergic agonist,14.52,Indian Medicine Dataset Match
Ativan,Ativan 1mg Tablet,Lorazepam,Benzodiazepine,75.67,Indian Medicine Dataset Match
Dilantin Extended,Epilent 400mg Tablet SR,Phenytoin sodium,Hydantoin,23.71,Indian Medicine Dataset Match
Everolimus,None,Everolimus,mTOR inhibitor,270.53,Global Indian Medicine Average
Patanol,Allerdine 0.1% Eye Drop,Olopatadine,Antihistamine and mast cell stabilizer,120.0,Indian Medicine Dataset Match
Syringe (Inhalation),None,Unknown,Medical Device,270.53,Global Indian Medicine Average
dabigatran etexilate,Dabixxa 75mg Tablet,Dabigatran etexilate,Direct thrombin inhibitor,200.0,Indian Medicine Dataset Match
norvir,None,Ritonavir,Protease inhibitor,270.53,Global Indian Medicine Average
Triamterene-Hydrochlorothiazid,None,Triamterene and Hydrochlorothiazide,Potassium-sparing and thiazide diuretic combination,270.53,Global Indian Medicine Average
ammonium lactate,None,Ammonium lactate,Keratolytic agent,270.53,Global Indian Medicine Average
FLUC60L,None,Unknown,Unknown,270.53,Global Indian Medicine Average
Aminocapro,None,Aminocaproic acid,Antifibrinolytic,270.53,Global Indian Medicine Average
cil,None,Unknown,Unknown,270.53,Global Indian Medicine Average
Sulfameth/Trimethoprim,Co Trimoxazole DS 800mg/160mg Tablet,Sulfamethoxazole and Trimethoprim,Sulfonamide and folate antagonist combination,14.0,Indian Medicine Dataset Match
Lidocaine 1% P.F.,Xylocaine 1% Injection,Lidocaine,Amide local anesthetic,34.5,Indian Medicine Dataset Match
Arnuity Ellipta,None,Fluticasone furoate,Inhaled corticosteroid,270.53,Global Indian Medicine Average
Cocaine 4% Soln,None,Cocaine,Ester-type local anesthetic,270.53,Global Indian Medicine Average
riTUXimab,Rituxem 500mg Injection,Rituximab,Anti-CD20 monoclonal antibody,39865.0,Indian Medicine Dataset Match
Gemcitabine,Gemcitapar 200mg Injection,Gemcitabine,Pyrimidine analog,1800.0,Indian Medicine Dataset Match
Piroxicam,Alkem Piroxicam 10mg Tablet DT,Piroxicam,Nonsteroidal anti-inflammatory drug (NSAID),40.0,Indian Medicine Dataset Match
Risperidone (Disintegrating Tablet),DavaIndia Risperidone 1mg Tablet,Risperidone,Atypical antipsychotic,8.0,Indian Medicine Dataset Match
Cyclosporine,DavaIndia Ciclosporin 100mg Capsule,Cyclosporine,Calcineurin inhibitor,125.0,Indian Medicine Dataset Match
inositoL,None,Inositol,Dietary supplement,270.53,Global Indian Medicine Average
Prezcobix,None,Darunavir and cobicistat,HIV protease inhibitor,270.53,Global Indian Medicine Average
Oseltam,Osiflu 75 Capsule,Oseltamivir,Neuraminidase inhibitor,519.0,Indian Medicine Dataset Match
atazanavir,Atavir 300mg Capsule,Atazanavir,Protease inhibitor,2300.0,Indian Medicine Dataset Match
Lindane Lotion,Scabizine 1% Lotion,Lindane,Organochlorine,36.0,Indian Medicine Dataset Match
Atropine Sulfa 1mg/10mL 10mL SYR,Atropine Sulphate Injection,Atropine sulfate,Anticholinergic,11.25,Indian Medicine Dataset Match
Anoro Ellipta,None,Umeclidinium and Vilanterol,LAMA/LABA combination,270.53,Global Indian Medicine Average
Morphine,Opigesic 50mg Tablet,Morphine,Opioid analgesic,42.0,Indian Medicine Dataset Match
urea,None,Urea,Keratolytic agent,270.53,Global Indian Medicine Average
Pancrelipase 4500,Pancrehenz 10000 Capsule,Pancrelipase,Pancreatic enzymes,209.0,Indian Medicine Dataset Match
Creon 20,None,Pancrelipase,Pancreatic enzyme replacement,270.53,Global Indian Medicine Average
Torsemide,Genericart Torasemide 20mg Tablet,Torsemide,Loop diuretic,67.0,Indian Medicine Dataset Match
Procardia XL,Genericart Nifedipine 10mg Tablet SR,Nifedipine,Calcium channel blocker,12.2,Indian Medicine Dataset Match
cortroysn,ACTH INJECTION,Cosyntropin,Synthetic ACTH analog,1510.0,Indian Medicine Dataset Match
Hydrocortisone Oint 0.5%,Cortiflut 0.05% Cream,Hydrocortisone,Corticosteroid,110.0,Indian Medicine Dataset Match
Fluticasone,None,Fluticasone,Corticosteroid,270.53,Global Indian Medicine Average
mupirocin,None,Mupirocin,Topical antibacterial,270.53,Global Indian Medicine Average
imdur,DavaIndia Isosorbide Mononitrate 60mg Tablet ER,Isosorbide mononitrate,Nitrate,20.0,Indian Medicine Dataset Match
Zemplar,None,Paricalcitol,Vitamin D analog,270.53,Global Indian Medicine Average
JanUVIA,Januvia 100mg Tablet,Sitagliptin,DPP-4 inhibitor,270.0,Indian Medicine Dataset Match
Levemir Flexpen,Levemir 100IU/ml Flexpen,Insulin detemir,Long-acting insulin analog,1449.8,Indian Medicine Dataset Match
hydrOXYzine pamoate,Genericart Hydroxyzine Hydrochloride 25mg Tablet,Hydroxyzine,First-generation antihistamine,52.0,Indian Medicine Dataset Match
Influenza Virus Vaccine *Latex Free*,Influgen Vaccine,Influenza virus vaccine,Vaccine,790.5,Indian Medicine Dataset Match
Byetta (exenatide),Victoza Solution for Injection,Exenatide,GLP-1 receptor agonist,5324.0,Indian Medicine Dataset Match
Pilocarpine 1%,Pilocar 1% Eye Drop,Pilocarpine,Cholinergic agonist,44.01,Indian Medicine Dataset Match
Combigan 0.2%-0.5% eye drops,None,"Brimonidine tartrate, Timolol maleate",Alpha-2 adrenergic agonist and Beta-blocker,270.53,Global Indian Medicine Average
Culturelle,None,Lactobacillus rhamnosus GG,Probiotic,270.53,Global Indian Medicine Average
Bromocriptine Mesylate,StayHappi Bromocriptine 0.8mg Tablet,Bromocriptine,Dopamine agonist,46.67,Indian Medicine Dataset Match
Sulfacetamide 10% Ophth Soln.,Sulfin Eye Drop,Sulfacetamide sodium,Sulfonamide antibiotic,65.0,Indian Medicine Dataset Match
meloxicam,None,Meloxicam,Nonsteroidal anti-inflammatory drug (NSAID),270.53,Global Indian Medicine Average
Albumin 25%,HUMAN ALBUMIN 20% INFUSION,Albumin human,Colloid volume expander,4332.0,Indian Medicine Dataset Match
mexiletine,None,Mexiletine,Class IB antiarrhythmic,270.53,Global Indian Medicine Average
Salsalate,None,Salsalate,Salicylate NSAID,270.53,Global Indian Medicine Average
Betamethasone Valerate 0.1% Ointment,Mars Triamcinolone Acetonide Cream,Betamethasone valerate,Corticosteroid,399.0,Indian Medicine Dataset Match
Sodium Bicarbonate 8.4%,None,Sodium bicarbonate,Alkalinizing agent,270.53,Global Indian Medicine Average
hydromorphone,None,Hydromorphone,Opioid agonist,270.53,Global Indian Medicine Average
Dextran 40 10% in D5W,None,Dextran 40,Plasma volume expander,270.53,Global Indian Medicine Average
Uroxatral,DavaIndia Alfuzosin 10mg Tablet PR,Alfuzosin,Alpha-1 blocker,30.0,Indian Medicine Dataset Match
Lansoprazole,Genericart Esomeprazole 40mg Tablet,Lansoprazole,Proton pump inhibitor,69.0,Indian Medicine Dataset Match
cloNIDine (PF),None,Clonidine,Centrally acting alpha-2 adrenergic agonist,270.53,Global Indian Medicine Average
testosterone propionate,Testanon 25mg Injection,Testosterone propionate,Androgen,12.5,Indian Medicine Dataset Match
Sodium Acetate,Electrolyte M 5% Infusion,Sodium acetate,Electrolyte,29.68,Indian Medicine Dataset Match
Valium,Valium 10mg Tablet,Diazepam,Benzodiazepine,94.34,Indian Medicine Dataset Match
irbesart,None,Irbesartan,Angiotensin II receptor blocker,270.53,Global Indian Medicine Average
digoxin,None,Digoxin,Cardiac glycoside,270.53,Global Indian Medicine Average
Vedolizumab,None,Vedolizumab,Integrin receptor antagonist,270.53,Global Indian Medicine Average
Furosemide in 0.9% Sodium Chloride,Lasix 20mg Injection 2ml,Furosemide,Loop diuretic,34.7,Indian Medicine Dataset Match
Pyridostigmine Bromide Syrup,None,Pyridostigmine bromide,Cholinesterase inhibitor,270.53,Global Indian Medicine Average
Ibutilide Fumarate,None,Ibutilide fumarate,Class III antiarrhythmic,270.53,Global Indian Medicine Average
Travatan,Travatan Ophthalmic Solution,Travoprost,Prostaglandin analog,800.0,Indian Medicine Dataset Match
Glutose 15,None,Glucose,Carbohydrate,270.53,Global Indian Medicine Average
Sotrovimab (EUA),None,Sotrovimab,Monoclonal antibody,270.53,Global Indian Medicine Average
butalbital-acetaminophen-caff,None,"Butalbital, acetaminophen, and caffeine","Barbiturate, non-opioid analgesic, and methylxanthine combination",270.53,Global Indian Medicine Average
insulin lispro (for Insulin PUMP),None,Insulin lispro,Rapid-acting insulin,270.53,Global Indian Medicine Average
Combigan (brimonidine-timolol),None,Brimonidine tartrate and Timolol maleate,Alpha-2 adrenergic agonist and Beta-blocker,270.53,Global Indian Medicine Average
Pentamidine Inhalation,None,Pentamidine,Antiprotozoal,270.53,Global Indian Medicine Average
Niaspan Extended-Release,Nialip 500mg Tablet CR,Niacin,Nicotinic acid derivative,26.85,Indian Medicine Dataset Match
CoVID-19 Vaccine 1st Dose by Pharmacy,Covaxin Vaccine,Unknown,Vaccine,0.0,Indian Medicine Dataset Match
Labetalol 100mg/20mL 20mL VIAL,None,Labetalol,Beta-blocker,270.53,Global Indian Medicine Average
Citalopram,DavaIndia Escitalopram Oxalate 5mg Tablet,Citalopram,Selective serotonin reuptake inhibitor (SSRI),14.0,Indian Medicine Dataset Match
1/4 NS,Normal Saline 0.9% Infusion,Sodium chloride,Crystalloid,31.28,Indian Medicine Dataset Match
Corlanor,Genericart Ivabradine Hydrochloride 5mg Tablet,Ivabradine,HCN channel blocker,163.0,Indian Medicine Dataset Match
Clofarabine,None,Clofarabine,Purine nucleoside analog,270.53,Global Indian Medicine Average
K-DUR,None,Potassium chloride,Potassium supplement,270.53,Global Indian Medicine Average
Ziprasidone,None,Ziprasidone,Atypical antipsychotic,270.53,Global Indian Medicine Average
Chlordiazepoxide HCl,None,Chlordiazepoxide,Benzodiazepine,270.53,Global Indian Medicine Average
NovoLIN R Regular U-100 Insuln,None,Insulin Human,Short-acting insulin,270.53,Global Indian Medicine Average
edoxaban,Xarelto 20mg Tablet,Edoxaban,Factor Xa inhibitor,2030.0,Indian Medicine Dataset Match
dutasteride,Genericart Dutasteride 0.5mg Tablet,Dutasteride,5-alpha-reductase inhibitor,102.0,Indian Medicine Dataset Match
Lipitor,Lipitor 40mg Tablet,Atorvastatin,HMG-CoA reductase inhibitor,320.0,Indian Medicine Dataset Match
mesna,None,Mesna,Chemoprotectant,270.53,Global Indian Medicine Average
Docusa,None,Unknown,Laxative,270.53,Global Indian Medicine Average
Valtrex,Valclovir 500mg Tablet,Valacyclovir,Antiviral,375.0,Indian Medicine Dataset Match
sevelamer carbonate,None,Sevelamer carbonate,Phosphate binder,270.53,Global Indian Medicine Average
Paroxetine HCl,None,Paroxetine,Selective Serotonin Reuptake Inhibitor (SSRI),270.53,Global Indian Medicine Average
*NF* Ranolazine ER,Genericart Ranolazine 500mg Tablet SR,Ranolazine,Late sodium current inhibitor,145.0,Indian Medicine Dataset Match
zinc oxide,None,Zinc oxide,Skin protectant,270.53,Global Indian Medicine Average
Vasotec (enalapril),DavaIndia Enalapril 2.5mg Tablet,Enalapril,ACE Inhibitor,7.0,Indian Medicine Dataset Match
Denosumab (Xgeva),Prolia Solution for Injection,Denosumab,RANK ligand (RANKL) inhibitor,21000.0,Indian Medicine Dataset Match
Posaconazole,None,Posaconazole,Triazole antifungal,270.53,Global Indian Medicine Average
CeraVe,None,Ceramides,Emollient,270.53,Global Indian Medicine Average
Casodex,Casodex 50mg Tablet,Bicalutamide,Non-steroidal androgen receptor inhibitor,5787.0,Indian Medicine Dataset Match
methenamine hippurate,None,Methenamine hippurate,Urinary antiseptic,270.53,Global Indian Medicine Average
Tetanus-Diphtheria Tox (DECAVAC),BE Td Vaccine,Tetanus toxoid and diphtheria toxoid,"Vaccine, Toxoid",25.9,Indian Medicine Dataset Match
vinORELBine (Navelbine),Navelbine 50mg Injection,Vinorelbine,Vinca alkaloid,16895.0,Indian Medicine Dataset Match
Zofran,DavaIndia Ondansetron 4mg Tablet,Ondansetron,Serotonin 5-HT3 receptor antagonist,15.0,Indian Medicine Dataset Match
Carbidopa-Levodopa (10-100),Duodopa 100mg/10mg Tablet,Carbidopa and Levodopa,Dopaminergic agent,12.74,Indian Medicine Dataset Match
Enteric Coated Aspirin,Aspirin  50mg Tablet DR,Aspirin,NSAID,3.7,Indian Medicine Dataset Match
Atropine Sulfate (Bristojet),Atropine Sulphate Injection,Atropine sulfate,Anticholinergic,11.25,Indian Medicine Dataset Match
ATRIPLA,Forstavir 200 mg/300 mg/600 mg Tablet,"Efavirenz, emtricitabine, and tenofovir disoproxil fumarate",NNRTI and NRTI combination,2380.95,Indian Medicine Dataset Match
Azopt,None,Brinzolamide,Carbonic anhydrase inhibitor,270.53,Global Indian Medicine Average
Tobramycin-Dexamethasone Ophth Susp,Tobacin D Eye Drop,Tobramycin and Dexamethasone,Aminoglycoside and Corticosteroid Combination,41.57,Indian Medicine Dataset Match
Lidocaine-Hydrocortisone Ac,None,"Lidocaine, Hydrocortisone acetate",Local anesthetic and Corticosteroid,270.53,Global Indian Medicine Average
HYDROmorphone Infusion – Comfort Care Guidelines,None,Hydromorphone,Opioid analgesic,270.53,Global Indian Medicine Average
suvorexant,None,Suvorexant,Dual orexin receptor antagonist,270.53,Global Indian Medicine Average
Vitamin D3,Vito Gold D3 Oral Solution,Cholecalciferol,Vitamin D analog,70.0,Indian Medicine Dataset Match
dasatinib,Sprycel 70mg Tablet,Dasatinib,Tyrosine kinase inhibitor,211538.51,Indian Medicine Dataset Match
Trihexyphenidyl HCl,StayHappi Trihexyphenidyl 2mg Tablet,Trihexyphenidyl,Anticholinergic,7.0,Indian Medicine Dataset Match
Esmolol in Saline (Iso-osm),None,Esmolol,Beta-blocker,270.53,Global Indian Medicine Average
albuterol,Salbutamol Resp Solution,Albuterol,Beta2-adrenergic agonist,13.27,Indian Medicine Dataset Match
LamiVUDine Oral Soln.,None,Lamivudine,Nucleoside Reverse Transcriptase Inhibitor (NRTI),270.53,Global Indian Medicine Average
Captopr,None,Captopril,ACE Inhibitor,270.53,Global Indian Medicine Average
Augmentin Suspension,Augmentin ES Oral Suspension,Amoxicillin and Clavulanate potassium,Beta-lactam antibiotic / Beta-lactamase inhibitor,203.28,Indian Medicine Dataset Match
insulin,Insulin 40IU/ml Injection,Insulin,Insulin,143.42,Indian Medicine Dataset Match
Gentamicin Sulf. Ophth. Soln,Gentamycin Eye Drop,Gentamicin sulfate,Aminoglycoside,8.0,Indian Medicine Dataset Match
D25W,Dextrose 25% Infusion,Dextrose,Hypertonic glucose solution,18.85,Indian Medicine Dataset Match
Comtan,None,Entacapone,COMT inhibitor,270.53,Global Indian Medicine Average
sucroferric oxyhydroxide,None,Sucroferric oxyhydroxide,Phosphate binder,270.53,Global Indian Medicine Average
HYDROmorphone (PF),None,Hydromorphone,Opioid agonist,270.53,Global Indian Medicine Average
Influenza A (H1N1) Vaccine,Influgen Vaccine,Influenza virus vaccine,Vaccine,790.5,Indian Medicine Dataset Match
Tobramycin,StayHappi Tobramycin 0.3% Eye Drop,Tobramycin,Aminoglycoside,13.33,Indian Medicine Dataset Match
duvelisib,None,Duvelisib,PI3K inhibitor,270.53,Global Indian Medicine Average
XIBROM,Opinac 0.09% Eye Drop,Bromfenac,NSAID,120.0,Indian Medicine Dataset Match
finasteride,StayHappi Finasteride 5mg Tablet,Finasteride,5-alpha-reductase inhibitor,58.88,Indian Medicine Dataset Match
INV-Enalapril,Genericart Enalapril 2.5mg Tablet,Enalapril,ACE Inhibitor,19.0,Indian Medicine Dataset Match
camphor-menthol,None,Camphor and menthol,Counterirritant,270.53,Global Indian Medicine Average
Arava,DavaIndia Leflunomide 10mg Tablet,Leflunomide,Disease-modifying antirheumatic drug,32.0,Indian Medicine Dataset Match
phosp,None,Unknown,Electrolyte / Mineral Supplement,270.53,Global Indian Medicine Average
terbinafine HCL,DavaIndia Terbinafine 1% Cream,Terbinafine,Allylamine antifungal,40.0,Indian Medicine Dataset Match
ValGANCIclovir Oral Solution,None,Valganciclovir,Antiviral,270.53,Global Indian Medicine Average
Prednisolone Sodium Phosphate,Genericart Methylprednisolone 4mg Tablet,Prednisolone,Corticosteroid,61.0,Indian Medicine Dataset Match
Spiriva with HandiHaler,None,Tiotropium bromide,Anticholinergic,270.53,Global Indian Medicine Average
Sacubitril,None,Sacubitril,Neprilysin inhibitor,270.53,Global Indian Medicine Average
bisopr,None,Bisoprolol,Beta-blocker,270.53,Global Indian Medicine Average
Simbrinza,None,Brinzolamide and Brimonidine tartrate,Carbonic anhydrase inhibitor and Alpha-2 adrenergic agonist,270.53,Global Indian Medicine Average
Voltaren gel 1% (diclofenac),Godic Diclofenac Gel,Diclofenac sodium,Nonsteroidal anti-inflammatory drug (NSAID),59.0,Indian Medicine Dataset Match
Rhinocort Aqua,Budez 100mcg Nasal Spray,Budesonide,Corticosteroid,152.36,Indian Medicine Dataset Match
crizotinib,Crizee 250mg Tablet,Crizotinib,Tyrosine kinase inhibitor,66.0,Indian Medicine Dataset Match
OLan,Genericart Olanzapine 5mg Tablet,Olanzapine,Atypical antipsychotic,30.0,Indian Medicine Dataset Match
Hydromorphone (Oral Solution) 1 mg/1 mL,None,Hydromorphone,Opioid agonist,270.53,Global Indian Medicine Average
Amoxicillin-Clavulanate Susp.,StayHappi Amoxycillin+Clavulanic Acid Oral Suspension,Amoxicillin and Clavulanate potassium,Beta-lactam antibiotic / Beta-lactamase inhibitor,50.0,Indian Medicine Dataset Match
Silden,Grace Drugs & Pharmaceuticals Sildenafil 50mg Tablet,Sildenafil,Phosphodiesterase-5 (PDE5) inhibitor,99.0,Indian Medicine Dataset Match
Morphine Infusion – Comfort Care Guidelines,None,Morphine,Opioid analgesic,270.53,Global Indian Medicine Average
levomilnacipran,None,Levomilnacipran,Serotonin-norepinephrine reuptake inhibitor (SNRI),270.53,Global Indian Medicine Average
Talc,None,Talc,Sclerosing agent,270.53,Global Indian Medicine Average
CIPRODEX,None,Ciprofloxacin and Dexamethasone,Fluoroquinolone and Corticosteroid,270.53,Global Indian Medicine Average
Varicella Virus Vaccine,Varivax Vaccine,Varicella virus vaccine (live attenuated),Vaccine,1690.0,Indian Medicine Dataset Match
Isosorbide m,Genericart Isosorbide Mononitrate  10mg Tablet,Isosorbide mononitrate,Nitrate Vasodilator,20.6,Indian Medicine Dataset Match
beclomethasone dipropionate,Beclate 200 Inhaler,Beclomethasone dipropionate,Corticosteroid,547.04,Indian Medicine Dataset Match
RITUXimab,Rituxem 500mg Injection,Rituximab,Anti-CD20 monoclonal antibody,39865.0,Indian Medicine Dataset Match
Cosopt,DavaIndia Dorzolamide+Timolol Eye Drop,Dorzolamide and Timolol,Carbonic anhydrase inhibitor and Beta-blocker,160.0,Indian Medicine Dataset Match
quiNIDine gluconate,None,Quinidine,Class Ia antiarrhythmic,270.53,Global Indian Medicine Average
PNEUMOcoccal 20-valent conjugate vaccine,None,Pneumococcal 20-valent conjugate vaccine,Vaccine,270.53,Global Indian Medicine Average
Theophylline ER (Uniphyl),None,Theophylline,Methylxanthine,270.53,Global Indian Medicine Average
liraglutide,None,Liraglutide,GLP-1 receptor agonist,270.53,Global Indian Medicine Average
Heparin,Heparin Sodium 10000 IU Injection,Heparin,Anticoagulant,185.71,Indian Medicine Dataset Match
Adderall XR,None,Mixed amphetamine salts,Central nervous system stimulant,270.53,Global Indian Medicine Average
Hydroxocobalamin,None,Hydroxocobalamin,Vitamin B12 analog,270.53,Global Indian Medicine Average
Fluocinolone Acetonide 0.01% Cream,Fluson Cream,Fluocinolone acetonide,Corticosteroid,155.0,Indian Medicine Dataset Match
Methadone Inj,Opiate 100mg Injection,Methadone,Opioid agonist,29.0,Indian Medicine Dataset Match
benazepril HCl (bulk),None,Benazepril hydrochloride,ACE Inhibitor,270.53,Global Indian Medicine Average
COVID-19 Vaccine (Janssen),Covaxin Vaccine,Unknown,Vaccine,0.0,Indian Medicine Dataset Match
Heparin Flush Midline (100 units/ml),Heparin Sodium 10000 IU Injection,Heparin,Anticoagulant,185.71,Indian Medicine Dataset Match
CILOSTAZOL,Genericart Cilostazol 50mg Tablet,Cilostazol,Phosphodiesterase III inhibitor,80.0,Indian Medicine Dataset Match
BuPR,None,Unknown,Unknown,270.53,Global Indian Medicine Average
Valacyclovir,Valclovir 500mg Tablet,Valacyclovir,Antiviral,375.0,Indian Medicine Dataset Match
Triamterene-HCTZ (37.5/25),None,Triamterene and Hydrochlorothiazide,Potassium-sparing and thiazide diuretic combination,270.53,Global Indian Medicine Average
Meperidine (PF),None,Meperidine,Opioid agonist,270.53,Global Indian Medicine Average
Humalog Mix 75-25 KwikPen,None,Insulin lispro protamine and insulin lispro,Insulin,270.53,Global Indian Medicine Average
Detrol LA,DavaIndia Tolterodine 2mg Tablet,Tolterodine,Anticholinergic,23.0,Indian Medicine Dataset Match
HYDROmorphone PCA,None,Hydromorphone,Opioid agonist,270.53,Global Indian Medicine Average
Lorazepam 2mg syringe,None,Lorazepam,Benzodiazepine,270.53,Global Indian Medicine Average
Valproic Acid Solution,None,Valproic acid,Anticonvulsant,270.53,Global Indian Medicine Average
ipratropium bromide,Ipratop 200mcg Inhaler,Ipratropium bromide,Anticholinergic,125.0,Indian Medicine Dataset Match
adderall,None,Dextroamphetamine and amphetamine,Central nervous system stimulant,270.53,Global Indian Medicine Average
RITONAvir,None,Ritonavir,Protease inhibitor,270.53,Global Indian Medicine Average
PHENObarbi,Phenobarb 30mg Tablet,Phenobarbital,Barbiturate,8.04,Indian Medicine Dataset Match
ketotifen,None,Ketotifen,Mast cell stabilizer and antihistamine,270.53,Global Indian Medicine Average
enalapril,Genericart Enalapril 2.5mg Tablet,Enalapril,ACE Inhibitor,19.0,Indian Medicine Dataset Match
Lactobacillus Acidophilus-Pectin,None,"Lactobacillus acidophilus, Pectin",Probiotic / Antidiarrheal,270.53,Global Indian Medicine Average
HumaLOG Mix 75-25 KwikPen,None,Insulin lispro protamine and insulin lispro,Insulin,270.53,Global Indian Medicine Average
TRIAzolam,None,Triazolam,Benzodiazepine,270.53,Global Indian Medicine Average
Risperidone Long Acting Injection,None,Risperidone,Atypical antipsychotic,270.53,Global Indian Medicine Average
PHENYLEPHrine (QuVa),None,Phenylephrine,Alpha-1 adrenergic agonist,270.53,Global Indian Medicine Average
Terconazole 80mg Vag. Supp,None,Terconazole,Triazole antifungal,270.53,Global Indian Medicine Average
QUEtiapine extended-release,QUETIA 200 MG TABLET SR,Quetiapine,Atypical antipsychotic,104.0,Indian Medicine Dataset Match
Gatifloxacin,Gatof 0.5% Eye Drop,Gatifloxacin,Fluoroquinolone,95.0,Indian Medicine Dataset Match
abiraterone,Krypton Abiraterone Tablet,Abiraterone,CYP17 inhibitor,30000.0,Indian Medicine Dataset Match
Phytonadi,Phyto K1 5mg Tablet,Phytonadione,Vitamin K,66.28,Indian Medicine Dataset Match
Guanfacine,None,Guanfacine,Alpha-2 adrenergic agonist,270.53,Global Indian Medicine Average
Actonel,None,Risedronate,Bisphosphonate,270.53,Global Indian Medicine Average
nilutamide,None,Nilutamide,Nonsteroidal antiandrogen,270.53,Global Indian Medicine Average
Lumigan (bimatoprost),Travotas 0.004% Eye Drop,Bimatoprost,Prostaglandin analog,491.0,Indian Medicine Dataset Match
Solifenacin,Solifenacin 10 Tablet,Solifenacin,Antimuscarinic,370.0,Indian Medicine Dataset Match
Digoxin Immune Fab,None,Digoxin immune Fab,Digoxin-specific antibody fragments,270.53,Global Indian Medicine Average
sodium zirconium cyclosilicate,None,Sodium zirconium cyclosilicate,Potassium binder,270.53,Global Indian Medicine Average
sevelamer,Sevelamer 800 Tablet,Sevelamer,Phosphate binder,410.0,Indian Medicine Dataset Match
Maraviroc,None,Maraviroc,CCR5 co-receptor antagonist,270.53,Global Indian Medicine Average
Phenoxybenzamine HCl,None,Phenoxybenzamine,Alpha-blocker,270.53,Global Indian Medicine Average
VinCRIStine,Vincreta 1mg Injection,Vincristine,Vinca alkaloid,51.0,Indian Medicine Dataset Match
Povidone Iodine 1/2 Strength,Povidone Iodine 5% Solution,Povidone-iodine,Antiseptic,340.91,Indian Medicine Dataset Match
Humalog,None,Insulin lispro,Rapid-acting insulin,270.53,Global Indian Medicine Average
Maalox/,Antacid Tablet,Aluminum hydroxide and Magnesium hydroxide,Antacid,2.0,Indian Medicine Dataset Match
Donnatol,None,"Phenobarbital, Hyoscyamine sulfate, Atropine sulfate, Scopolamine hydrobromide",Anticholinergic and Barbiturate combination,270.53,Global Indian Medicine Average
clobetasol,StayHappi Clobetasol 0.05% Cream,Clobetasol,Corticosteroid,38.0,Indian Medicine Dataset Match
Potassium,None,Potassium,Electrolyte,270.53,Global Indian Medicine Average
Doxycycline Monohydrate,Omega Doxycycline 100mg Capsule,Doxycycline,Tetracycline antibiotic,80.0,Indian Medicine Dataset Match
benzonatate,None,Benzonatate,Antitussive,270.53,Global Indian Medicine Average
metHOTREXate sodium,DavaIndia Methotrexate 5mg Tablet,Methotrexate,Antimetabolite,25.0,Indian Medicine Dataset Match
candesartan,None,Candesartan,Angiotensin II receptor blocker,270.53,Global Indian Medicine Average
0.45 % Sodium Chloride,Sodium Chloride Infusion,Sodium chloride,Crystalloid,18.37,Indian Medicine Dataset Match
Keppra XR,Genericart Levetiracetam  1000mg Tablet PR,Levetiracetam,Anticonvulsant,248.0,Indian Medicine Dataset Match
Desitin,None,Zinc oxide,Skin protectant,270.53,Global Indian Medicine Average
EPINEPHrine (B 1mg/10mL 10mL SYR,Adrenaline Tartrate Injection,Epinephrine,Alpha- and beta-adrenergic agonist,14.52,Indian Medicine Dataset Match
Enalapril,Genericart Enalapril 2.5mg Tablet,Enalapril,ACE Inhibitor,19.0,Indian Medicine Dataset Match
Acetaminophen Infant,Paracetamol 120mg Oral Suspension,Acetaminophen,Analgesic and antipyretic,14.6,Indian Medicine Dataset Match
hypertonic nasal wash,None,Sodium chloride,Saline solution,270.53,Global Indian Medicine Average
multivitamin with minerals,None,Vitamins and minerals,Vitamin/Mineral Combinations,270.53,Global Indian Medicine Average
Rabeprazole,None,Rabeprazole,Proton pump inhibitor,270.53,Global Indian Medicine Average
Potassium Chloride,None,Potassium chloride,Electrolyte,270.53,Global Indian Medicine Average
pitavastatin calcium,None,Pitavastatin calcium,HMG-CoA reductase inhibitor,270.53,Global Indian Medicine Average
tucks,None,Witch hazel,Astringent,270.53,Global Indian Medicine Average
ProAir HFA,Salbutamol Resp Solution,Albuterol sulfate,Beta2-adrenergic agonist,13.27,Indian Medicine Dataset Match
Lidocaine 2%/Epinephrine,Xylocaine Adrenaline 2% Injection,Lidocaine and Epinephrine,Local anesthetic and vasoconstrictor,34.5,Indian Medicine Dataset Match
Lidocaine 1% P.f.,Xylocaine 1% Injection,Lidocaine,Amide local anesthetic,34.5,Indian Medicine Dataset Match
brimonidine,None,Brimonidine,Alpha-2 adrenergic agonist,270.53,Global Indian Medicine Average
Trimethoprim,None,Trimethoprim,Dihydrofolate reductase inhibitor,270.53,Global Indian Medicine Average
Blistex Lip Ointment,None,"Camphor, Menthol, Phenol",Topical analgesic,270.53,Global Indian Medicine Average
Vienva,None,Levonorgestrel and Ethinyl Estradiol,Estrogen/Progestin Combination,270.53,Global Indian Medicine Average
lidocaine (Lidoderm),None,Lidocaine,Local anesthetic,270.53,Global Indian Medicine Average
dextrose,DEXTROSE 10% INFUSION,Dextrose,Carbohydrate,28.75,Indian Medicine Dataset Match
Rivastigmine,None,Rivastigmine,Cholinesterase inhibitor,270.53,Global Indian Medicine Average
cetirizine,Cetirizine 10mg Tablet,Cetirizine,Second-generation antihistamine,16.0,Indian Medicine Dataset Match
Travatan Z,None,Travoprost,Prostaglandin analog,270.53,Global Indian Medicine Average
Heparin Flush (1000 units,Heparin Sodium 10000 IU Injection,Heparin,Anticoagulant,185.71,Indian Medicine Dataset Match
roflumilast,Roflutab 500mcg Tablet,Roflumilast,Phosphodiesterase-4 (PDE4) inhibitor,125.0,Indian Medicine Dataset Match
Florastor,None,Saccharomyces boulardii lyo,Probiotic,270.53,Global Indian Medicine Average
metoprolol tartrate,Genericart Metoprolol Tartrate 50mg Tablet,Metoprolol,Beta-blocker,44.5,Indian Medicine Dataset Match
sodium bica,DavaIndia Sodium Bicarbonate 500mg Tablet,Sodium bicarbonate,Alkalinizing agent,16.5,Indian Medicine Dataset Match
Oxaliplatin,Oxaliplatin 100mg Infusion,Oxaliplatin,Platinum analog,4670.33,Indian Medicine Dataset Match
Lithium Carbonate,None,Lithium carbonate,Mood stabilizer,270.53,Global Indian Medicine Average
ValGANCIclovir,None,Valganciclovir,Nucleoside analogue antiviral,270.53,Global Indian Medicine Average
Nevanac,None,Nepafenac,Nonsteroidal anti-inflammatory drug (NSAID),270.53,Global Indian Medicine Average
Hydroxychloroquine,Hcquin 200mg Tablet,Hydroxychloroquine,Disease-modifying antirheumatic drug (DMARD),63.0,Indian Medicine Dataset Match
Amphotericin B,Ambisome Injection,Amphotericin B,Polyene antifungal,7814.0,Indian Medicine Dataset Match
Hydrocortisone Val. Cream 0.2%,None,Hydrocortisone valerate,Corticosteroid,270.53,Global Indian Medicine Average
magnesium gluconate,None,Magnesium gluconate,Mineral supplement,270.53,Global Indian Medicine Average
Thera Tears Nutrition,None,Omega-3 fatty acids and Flaxseed oil,Dietary supplement,270.53,Global Indian Medicine Average
Felbatol,None,Felbamate,Carbamate anticonvulsant,270.53,Global Indian Medicine Average
Sodium Chloride (23.4%) Kit,Sodium Chloride Infusion,Sodium chloride,Electrolyte,18.37,Indian Medicine Dataset Match
modafini,Modnite 100mg Tablet,Modafinil,Wakefulness-promoting agent,135.0,Indian Medicine Dataset Match
latanoprost,DavaIndia Latanoprost 0.005% Eye Drop,Latanoprost,Prostaglandin analog,140.0,Indian Medicine Dataset Match
Thromb,None,Unknown,Hemostatic agent / Antithrombotic,270.53,Global Indian Medicine Average
Klor-Con,K-Lot Oral Solution,Potassium chloride,Electrolyte,52.0,Indian Medicine Dataset Match
Cortrosyn,ACTH INJECTION,Cosyntropin,ACTH analog,1510.0,Indian Medicine Dataset Match
alfuzosin,Alfuzosin Tablet,Alfuzosin,Alpha-1 blocker,165.0,Indian Medicine Dataset Match
Albumin,HUMAN ALBUMIN 20% INFUSION,Albumin,Colloid plasma expander,4332.0,Indian Medicine Dataset Match
Stribild,Forstavir 200 mg/300 mg/600 mg Tablet,"Elvitegravir, cobicistat, emtricitabine, tenofovir disoproxil fumarate",Antiretroviral combination,2380.95,Indian Medicine Dataset Match
Prednisolone Acetate,Prednisolone Acetate Eye Drop,Prednisolone acetate,Corticosteroid,66.0,Indian Medicine Dataset Match
Pilocarpine 2%,Pilocarpin 2% Eye Drop,Pilocarpine,Cholinergic agonist,33.75,Indian Medicine Dataset Match
D20W (Glass Bottle),Dextrose 25% Infusion,Dextrose,Hypertonic dextrose solution,18.85,Indian Medicine Dataset Match
Caspofungin *NF*,None,Caspofungin,Echinocandin,270.53,Global Indian Medicine Average
Prevnar 13 (PF),Prevenar 13 Vaccine,Pneumococcal 13-valent conjugate vaccine,Vaccine,3991.05,Indian Medicine Dataset Match
Azathioprine Sodium,None,Azathioprine sodium,Immunosuppressant,270.53,Global Indian Medicine Average
Levobunolol 0.25%,None,Levobunolol,Beta-blocker,270.53,Global Indian Medicine Average
Lotemax,Lotopex Eye Drop,Loteprednol etabonate,Corticosteroid,375.0,Indian Medicine Dataset Match
Prenatal Vitamins,None,Multivitamins and Minerals,Vitamin and Mineral Combinations,270.53,Global Indian Medicine Average
Zyflo CR,None,Zileuton,5-lipoxygenase inhibitor,270.53,Global Indian Medicine Average
inositol,None,Inositol,Dietary supplement,270.53,Global Indian Medicine Average
Mitomycin,Mitomycin 10mg Injection,Mitomycin,Antitumor antibiotic,593.0,Indian Medicine Dataset Match
TobraDEX,Tobradex 0.1%/0.3% Eye Drop,Tobramycin and dexamethasone,Aminoglycoside antibiotic and corticosteroid combination,18.29,Indian Medicine Dataset Match
Buprenorphine-Naloxone,None,Buprenorphine and Naloxone,Opioid partial agonist/antagonist combination,270.53,Global Indian Medicine Average
Creon dr,None,Pancrelipase,Pancreatic enzymes,270.53,Global Indian Medicine Average
Cobicistat,None,Cobicistat,Pharmacokinetic enhancer,270.53,Global Indian Medicine Average
INV-Letermovir(Letermovir),None,Letermovir,CMV DNA terminase inhibitor,270.53,Global Indian Medicine Average
Potassium Iodide,None,Potassium iodide,Antithyroid agent,270.53,Global Indian Medicine Average
Methylprednisolone Na Succ,None,Methylprednisolone,Corticosteroid,270.53,Global Indian Medicine Average
Cevimeline,None,Cevimeline,Cholinergic agonist,270.53,Global Indian Medicine Average
Gentamicin 0.3% Ophth. Ointment,Gentamycin Eye Drop,Gentamicin,Aminoglycoside,8.0,Indian Medicine Dataset Match
bisoprolol,None,Bisoprolol,Beta-blocker,270.53,Global Indian Medicine Average
Dakins,None,Sodium hypochlorite,Antiseptic,270.53,Global Indian Medicine Average
Gentamicin 0.3% Ophth. Soln,Gentamycin Eye Drop,Gentamicin,Aminoglycoside,8.0,Indian Medicine Dataset Match
Miralax,Oslax Laxative Oral Solution,Polyethylene glycol 3350,Osmotic laxative,102.0,Indian Medicine Dataset Match
Lidocaine Jell,Xylocaine 2% Jelly,Lidocaine,Amide local anesthetic,66.7,Indian Medicine Dataset Match
Bimatoprost  0.03%  Ophth  (*NF*),None,Bimatoprost,Prostaglandin analog,270.53,Global Indian Medicine Average
Thiotepa,None,Thiotepa,Alkylating agent,270.53,Global Indian Medicine Average
Afrin,Oxyinoz 0.05% Nasal Drops,Oxymetazoline,Alpha-adrenergic agonist,48.0,Indian Medicine Dataset Match
PHENYLEPHrine (for dilution),None,Phenylephrine,Alpha-1 adrenergic agonist,270.53,Global Indian Medicine Average
methylPREDNISolone acetate,None,Methylprednisolone acetate,Corticosteroid,270.53,Global Indian Medicine Average
Femara,Femara 2.5mg Tablet,Letrozole,Aromatase inhibitor,465.66,Indian Medicine Dataset Match
Clindamycin 1% Solution,Acnedin 1% Ointment,Clindamycin,Lincosamide antibiotic,92.0,Indian Medicine Dataset Match
Wellbutrin XL,Bupron 300mg Tablet SR,Bupropion,Norepinephrine-dopamine reuptake inhibitor (NDRI),82.0,Indian Medicine Dataset Match
HumaLOG Insulin,Humalog 100IU/ml Solution for Injection,Insulin lispro,Rapid-acting insulin,900.0,Indian Medicine Dataset Match
ZYRtec,Cetirizine 10mg Tablet,Cetirizine,Second-generation antihistamine,16.0,Indian Medicine Dataset Match
Capto,None,Captopril,ACE Inhibitor,270.53,Global Indian Medicine Average
Lupron Depot,None,Leuprolide acetate,GnRH agonist,270.53,Global Indian Medicine Average
Pangestyme-EC,Pancredos Tablet,Pancrelipase,Pancreatic enzyme,141.0,Indian Medicine Dataset Match
Zegerid,None,Omeprazole and Sodium Bicarbonate,Proton pump inhibitor and antacid combination,270.53,Global Indian Medicine Average
Insulin degludec (Tresiba),None,Insulin degludec,Long-acting insulin,270.53,Global Indian Medicine Average
Betamethasone Dipro 0.05% Augmented Gel,Belsonate 0.05% Cream,Betamethasone dipropionate,Corticosteroid,149.0,Indian Medicine Dataset Match
Nystat,None,Nystatin,Polyene antifungal,270.53,Global Indian Medicine Average
albuterol,Salbutamol Resp Solution,Albuterol,Beta2-adrenergic agonist,13.27,Indian Medicine Dataset Match
diltiaz,Diltiaz 60mg Tablet,Diltiazem,Calcium channel blocker,27.42,Indian Medicine Dataset Match
Domeboro,None,Aluminum sulfate and Calcium acetate,Astringent,270.53,Global Indian Medicine Average
Amiodarone (for dilution),None,Amiodarone,Class III antiarrhythmic,270.53,Global Indian Medicine Average
CeleBREX,Celebrex 200mg Capsule,Celecoxib,COX-2 inhibitor,205.0,Indian Medicine Dataset Match
Triamcinolone Acetonide Inj,Kenacort 40mg Injection,Triamcinolone acetonide,Corticosteroid,169.95,Indian Medicine Dataset Match
Breo Ellipta,Symbiva 200 mcg Inhaler,Fluticasone furoate and vilanterol,Inhaled corticosteroid (ICS) and long-acting beta2-adrenergic agonist (LABA),317.5,Indian Medicine Dataset Match
Lubricant Eye Drops,Supervisc Lubricant Eye Drop,Carboxymethylcellulose,Ophthalmic lubricant,105.0,Indian Medicine Dataset Match
Cefuroxime Axetil,None,Cefuroxime axetil,Second-generation cephalosporin,270.53,Global Indian Medicine Average
tobramycin-dexamethasone,Tobacin D Eye Drop,Tobramycin and dexamethasone,Aminoglycoside and corticosteroid combination,41.57,Indian Medicine Dataset Match
Capt,None,Captopril,ACE Inhibitor,270.53,Global Indian Medicine Average
Trimethobenzamide,Vomiclin 4mg Tablet MD,Trimethobenzamide,Antiemetic,40.0,Indian Medicine Dataset Match
Polymyxin B -Trimethoprim Ophth Soln,Mokbiotic 0.5% Eye Drop,Polymyxin B and Trimethoprim,Antibiotic,82.0,Indian Medicine Dataset Match
Sargramostim,None,Sargramostim,Granulocyte-macrophage colony-stimulating factor (GM-CSF),270.53,Global Indian Medicine Average
Temozolomide,Temozol 250 Capsule,Temozolomide,Alkylating agent,14520.0,Indian Medicine Dataset Match
Dulera (Mometasone/formoterol),Symbiva 200 mcg Inhaler,Mometasone furoate and formoterol fumarate,Inhaled corticosteroid (ICS) and Long-acting beta2-agonist (LABA),317.5,Indian Medicine Dataset Match
Tetanus-Diphtheria Tox (TENIVAC),BE Td Vaccine,Tetanus toxoid and diphtheria toxoid,"Vaccine, Toxoid",25.9,Indian Medicine Dataset Match
lisdexamfetamine,None,Lisdexamfetamine,Central nervous system stimulant,270.53,Global Indian Medicine Average
Triumeq,None,"Abacavir, dolutegravir, and lamivudine",Integrase inhibitor and nucleoside reverse transcriptase inhibitors (INSTI/NRTI),270.53,Global Indian Medicine Average
pneumoc 13-val conj-dip cr(PF),Prevenar 13 Vaccine,Pneumococcal 13-valent conjugate vaccine,Conjugate Vaccine,3991.05,Indian Medicine Dataset Match
Atgam,THYMOGLOBULIN 25 MG INJECTION,Antithymocyte globulin (equine),Immunosuppressant,13800.0,Indian Medicine Dataset Match
Lokelma,None,Sodium zirconium cyclosilicate,Potassium binder,270.53,Global Indian Medicine Average
NeuLumEX (Barium Sulfate 0.1% Suspension),None,Unknown,Radiopaque contrast media,270.53,Global Indian Medicine Average
modafi,Modnite 100mg Tablet,Modafinil,CNS stimulant,135.0,Indian Medicine Dataset Match
Famvir,Virovir 250 Tablet,Famciclovir,Antiviral,309.0,Indian Medicine Dataset Match
Zonisamide Suspension,None,Zonisamide,Anticonvulsant,270.53,Global Indian Medicine Average
lamiVUDine,Lamivir HBV Tablet,Lamivudine,Nucleoside reverse transcriptase inhibitor (NRTI),158.38,Indian Medicine Dataset Match
CefTRIAXone Graded Challenge,Ceftrivin 500 Injection,Ceftriaxone,Third-generation cephalosporin,49.71,Indian Medicine Dataset Match
HumuLIN R U-500 (Conc) Kwikpen,Huminsulin R 100IU/ml Solution for Injection,Insulin human,Insulin,539.0,Indian Medicine Dataset Match
Flecainide,None,Flecainide,Class IC antiarrhythmic,270.53,Global Indian Medicine Average
levothyroxine,Thyroxinol 75 Tablet,Levothyroxine,Thyroid hormone,156.0,Indian Medicine Dataset Match
Potassium Acetate,None,Potassium acetate,Electrolyte,270.53,Global Indian Medicine Average
vortioxetine,None,Vortioxetine,Serotonin modulator and stimulator,270.53,Global Indian Medicine Average
heparin (porcine),Heparin Sodium 10000 IU Injection,Heparin,Anticoagulant,185.71,Indian Medicine Dataset Match
Cepacol,None,"Benzocaine, Menthol",Local anesthetic,270.53,Global Indian Medicine Average
Novolog Flexpen,None,Insulin aspart,Rapid-acting insulin,270.53,Global Indian Medicine Average
Bisacodyl (Rectal),None,Bisacodyl,Stimulant laxative,270.53,Global Indian Medicine Average
Coreg,Genericart Carvedilol 3.125mg Tablet,Carvedilol,Beta-blocker,34.8,Indian Medicine Dataset Match
Lidocaine 1% PF,Xylocaine 1% Injection,Lidocaine,Amide local anesthetic,34.5,Indian Medicine Dataset Match
Solution,None,Unknown,Unknown,270.53,Global Indian Medicine Average
carboxymethylcellulose sodium,StayHappi Carboxymethylcellulose 0.5% Eye Drop,Carboxymethylcellulose sodium,Ophthalmic lubricant,22.0,Indian Medicine Dataset Match
Fluvastatin,DavaIndia Atorvastatin 80mg Tablet,Fluvastatin,HMG-CoA reductase inhibitor,55.0,Indian Medicine Dataset Match
Carbamazepine XR,None,Carbamazepine,Anticonvulsant,270.53,Global Indian Medicine Average
Dextroamphetamine,None,Dextroamphetamine,CNS stimulant,270.53,Global Indian Medicine Average
Donnatal,None,"Phenobarbital, Hyoscyamine, Atropine, Scopolamine",Anticholinergic and Barbiturate Combination,270.53,Global Indian Medicine Average
Simethicone 80mg TAB,None,Simethicone,Antiflatulent,270.53,Global Indian Medicine Average
Epinephri,None,Epinephrine,Sympathomimetic,270.53,Global Indian Medicine Average
RisperiDONE (Disintegrating Tablet),DavaIndia Risperidone 1mg Tablet,Risperidone,Atypical antipsychotic,8.0,Indian Medicine Dataset Match
DimenhyDRINATE,None,Dimenhydrinate,First-generation antihistamine,270.53,Global Indian Medicine Average
Selenious Acid,None,Selenious acid,Trace element,270.53,Global Indian Medicine Average
PHENobarbital,Phenobarb 30mg Tablet,Phenobarbital,Barbiturate,8.04,Indian Medicine Dataset Match
Xarelto,Xarelto 20mg Tablet,Rivaroxaban,Factor Xa inhibitor,2030.0,Indian Medicine Dataset Match
LanTUS,Lantus 100IU/ml Solution for Injection,Insulin glargine,Long-acting insulin,794.0,Indian Medicine Dataset Match
Cladribine,None,Cladribine,Purine nucleoside analog,270.53,Global Indian Medicine Average
nf-tacrolimus,None,Tacrolimus,Calcineurin inhibitor,270.53,Global Indian Medicine Average
rivaroxaban,Xarelto 10mg Tablet,Rivaroxaban,Factor Xa inhibitor,1015.0,Indian Medicine Dataset Match
Exelon,None,Rivastigmine,Cholinesterase inhibitor,270.53,Global Indian Medicine Average
Zofran ODT,Vomitron 4mg Tablet MD,Ondansetron,Serotonin 5-HT3 receptor antagonist,52.6,Indian Medicine Dataset Match
Niac,Nialip 500mg Tablet,Niacin,Nicotinic acid derivative,33.0,Indian Medicine Dataset Match
Exemestane,None,Exemestane,Aromatase inhibitor,270.53,Global Indian Medicine Average
lesc,None,Unknown,Unknown,270.53,Global Indian Medicine Average
chromium picolinate,None,Chromium picolinate,Mineral supplement,270.53,Global Indian Medicine Average
Dexametha,Dexasone 0.5mg Tablet,Dexamethasone,Corticosteroid,2.13,Indian Medicine Dataset Match
dilt,None,Diltiazem,Calcium channel blocker,270.53,Global Indian Medicine Average
Bystolic,Genericart Nebivolol 5mg Tablet,Nebivolol,Beta-blocker,102.0,Indian Medicine Dataset Match
Divalproex,DavaIndia Divalproex 500mg Tablet ER,Divalproex sodium,Anticonvulsant,46.0,Indian Medicine Dataset Match
Econazole,None,Econazole,Azole antifungal,270.53,Global Indian Medicine Average
Inderal LA,Genericart Propranolol 40mg Tablet,Propranolol,Beta-blocker,26.5,Indian Medicine Dataset Match
revlimid,Lenalid 25 Capsule,Lenalidomide,Immunomodulatory agent,9296.85,Indian Medicine Dataset Match
Albumin 5,Human Albumin 5% Infusion,Human albumin,Colloid plasma volume expander,5490.0,Indian Medicine Dataset Match
Nasonex,Nasonex Nasal Spray Suspension,Mometasone furoate,Corticosteroid,572.0,Indian Medicine Dataset Match
Tiagabine HCl,None,Tiagabine,GABA reuptake inhibitor,270.53,Global Indian Medicine Average
sitagliptin,None,Sitagliptin,DPP-4 inhibitor,270.53,Global Indian Medicine Average
Ceftaroline,None,Ceftaroline,Fifth-generation cephalosporin,270.53,Global Indian Medicine Average
Aciphex,RABEPRAZOLE SODIUM 20 MG TABLET,Rabeprazole,Proton pump inhibitor,36.25,Indian Medicine Dataset Match
HumuLIN R U-500 Concentrated,None,Insulin human,Insulin,270.53,Global Indian Medicine Average
alirocumab,None,Alirocumab,PCSK9 inhibitor,270.53,Global Indian Medicine Average
Copiktra (duvelisib),None,Duvelisib,PI3K inhibitor,270.53,Global Indian Medicine Average
neutr,None,Unknown,Unknown,270.53,Global Indian Medicine Average
*NF* Rasburicase,None,Rasburicase,Urate oxidase enzyme,270.53,Global Indian Medicine Average
