us_procedure_code,us_procedure_title,indian_procedure_equivalent,price_in_rupees,pricing_source
8856,Coronary arteriography using two catheters,Left Heart Catheterization,5000.0,PMJAY Dataset Match
3893,"Venous catheterization, not elsewhere classified",None,1865.31,Specialty Average (General Medicine)
3995,Hemodialysis,Haemodialysis Dialysis,1500.0,PMJAY Dataset Match
3897,Central venous catheter placement with guidance,None,1865.31,Specialty Average (General Medicine)
8872,Diagnostic ultrasound of heart,None,27506.15,Specialty Average (Cardiology)
9604,Insertion of endotracheal tube,None,26297.38,Global PMJAY Average
3723,Combined right and left heart cardiac catheterization,None,27506.15,Specialty Average (Cardiology)
9671,Continuous invasive mechanical ventilation for less than 96 consecutive hours,None,1865.31,Specialty Average (General Medicine)
3722,Left heart cardiac catheterization,Left Heart Catheterization,5000.0,PMJAY Dataset Match
3734,"Excision or destruction of other lesion or tissue of heart, endovascular approach",None,27506.15,Specialty Average (Cardiology)
966,Enteral infusion of concentrated nutritional substances,None,26297.38,Global PMJAY Average
0040,Procedure on single vessel,None,27506.15,Specialty Average (Cardiology)
3794,"Implantation or replacement of automatic cardioverter/defibrillator, total system [AICD]",None,27506.15,Specialty Average (Cardiology)
9962,Other electric countershock of heart,None,27506.15,Specialty Average (Cardiology)
3961,Extracorporeal circulation auxiliary to open heart surgery,None,17613.82,Specialty Average (General Surgery)
3727,Cardiac mapping,Electrophysiological Study,20000.0,PMJAY Dataset Match
3721,Right heart cardiac catheterization,Right Heart Catheterization,5000.0,PMJAY Dataset Match
9672,Continuous invasive mechanical ventilation for 96 consecutive hours or more,None,1865.31,Specialty Average (General Medicine)
0066,Percutaneous transluminal coronary angioplasty [PTCA],None,27506.15,Specialty Average (Cardiology)
4A023N6,"Measurement of Cardiac Sampling and Pressure, Right Heart, Percutaneous Approach",Right Heart Catheterization,5000.0,PMJAY Dataset Match
3726,Catheter based invasive electrophysiologic testing,Electrophysiological Study,20000.0,PMJAY Dataset Match
0045,Insertion of one vascular stent,"PTCA, inclusive of diagnostic angiogram",40600.0,PMJAY Dataset Match
3891,Arterial catheterization,None,27506.15,Specialty Average (Cardiology)
0051,"Implantation of cardiac resynchronization defibrillator, total system [CRT-D]",None,27506.15,Specialty Average (Cardiology)
3324,Closed [endoscopic] biopsy of bronchus,Rigid bronchoscopy - Diagnostic + / - biopsy,7000.0,PMJAY Dataset Match
3895,Venous catheterization for renal dialysis,None,26297.38,Global PMJAY Average
4513,Other endoscopy of small intestine,Endocopic as an independent procedure,5000.0,PMJAY Dataset Match
02HV33Z,"Insertion of Infusion Device into Superior Vena Cava, Percutaneous Approach",Chemo Port Insertion,18000.0,PMJAY Dataset Match
5491,Percutaneous abdominal drainage,LVP,7600.0,PMJAY Dataset Match
B211YZZ,Fluoroscopy of Multiple Coronary Arteries using Other Contrast,Left Heart Catheterization,5000.0,PMJAY Dataset Match
8949,Automatic implantable cardioverter/defibrillator (AICD) check,None,27506.15,Specialty Average (Cardiology)
3607,Insertion of drug-eluting coronary artery stent(s),"PTCA, inclusive of diagnostic angiogram",40600.0,PMJAY Dataset Match
3615,Single internal mammary-coronary artery bypass,"Coronary artery bypass grafting (CABG), including intra operative balloon pump (if required)",118100.0,PMJAY Dataset Match
5A2204Z,"Restoration of Cardiac Rhythm, Single",None,27506.15,Specialty Average (Cardiology)
3491,Thoracentesis,None,26297.38,Global PMJAY Average
8848,Arteriography of femoral and other lower extremity arteries,None,17613.82,Specialty Average (General Surgery)
3950,Angioplasty of other non-coronary vessel(s),Peripheral Angioplasty,34500.0,PMJAY Dataset Match
8853,Angiocardiography of left heart structures,Left Heart Catheterization,5000.0,PMJAY Dataset Match
8964,Pulmonary artery wedge monitoring,Right Heart Catheterization,5000.0,PMJAY Dataset Match
5A1221Z,"Performance of Cardiac Output, Continuous",None,27506.15,Specialty Average (Cardiology)
B2111ZZ,Fluoroscopy of Multiple Coronary Arteries using Low Osmolar Contrast,Left Heart Catheterization,5000.0,PMJAY Dataset Match
9925,Injection or infusion of cancer chemotherapeutic substance,None,19357.41,Specialty Average (Medical Oncology)
9904,Transfusion of packed cells,"Blood component including platelet transfusion (RDP, PC, SDP)",2000.0,PMJAY Dataset Match
3E0G76Z,"Introduction of Nutritional Substance into Upper GI, Via Natural or Artificial Opening",None,26297.38,Global PMJAY Average
9961,Atrial cardioversion,None,27506.15,Specialty Average (Cardiology)
3404,Insertion of intercostal catheter for drainage,None,17613.82,Specialty Average (General Surgery)
8842,Aortography,None,27506.15,Specialty Average (Cardiology)
8855,Coronary arteriography using a single catheter,Left Heart Catheterization,5000.0,PMJAY Dataset Match
02HK3KZ,"Insertion of Defibrillator Lead into Right Ventricle, Percutaneous Approach",None,27506.15,Specialty Average (Cardiology)
0050,"Implantation of cardiac resynchronization pacemaker without mention of defibrillation, total system [CRT-P]",None,27506.15,Specialty Average (Cardiology)
B24BZZ4,"Ultrasonography of Heart with Aorta, Transesophageal",None,27506.15,Specialty Average (Cardiology)
9915,Parenteral infusion of concentrated nutritional substances,None,26297.38,Global PMJAY Average
3899,Other puncture of vein,None,1865.31,Specialty Average (General Medicine)
0331,Spinal tap,None,26297.38,Global PMJAY Average
8952,Electrocardiogram,None,27506.15,Specialty Average (Cardiology)
02HQ32Z,"Insertion of Monitoring Device into Right Pulmonary Artery, Percutaneous Approach",None,27506.15,Specialty Average (Cardiology)
9960,"Cardiopulmonary resuscitation, not otherwise specified",None,3925.0,Specialty Average (Emergency Room Packages)
5A1D70Z,"Performance of Urinary Filtration, Intermittent, Less than 6 Hours Per Day",Haemodialysis Dialysis,1500.0,PMJAY Dataset Match
9390,Non-invasive mechanical ventilation,None,26297.38,Global PMJAY Average
4516,Esophagogastroduodenoscopy [EGD] with closed biopsy,Endocopic as an independent procedure,5000.0,PMJAY Dataset Match
02HP32Z,"Insertion of Monitoring Device into Pulmonary Trunk, Percutaneous Approach",Right Heart Catheterization,5000.0,PMJAY Dataset Match
3606,Insertion of non-drug-eluting coronary artery stent(s),"PTCA, inclusive of diagnostic angiogram",40600.0,PMJAY Dataset Match
0BH17EZ,"Insertion of Endotracheal Airway into Trachea, Via Natural or Artificial Opening",None,26297.38,Global PMJAY Average
8938,Other nonoperative respiratory measurements,None,26297.38,Global PMJAY Average
0041,Procedure on two vessels,None,27506.15,Specialty Average (Cardiology)
4A133B3,"Monitoring of Arterial Pressure, Pulmonary, Percutaneous Approach",Right Heart Catheterization,5000.0,PMJAY Dataset Match
3783,Initial insertion of dual-chamber device,Permanent Pacemaker Implantation - Double Chamber,33000.0,PMJAY Dataset Match
3772,Initial insertion of transvenous leads [electrodes] into atrium and ventricle,Permanent Pacemaker Implantation - Double Chamber,33000.0,PMJAY Dataset Match
0046,Insertion of two vascular stents,None,27506.15,Specialty Average (Cardiology)
5A1945Z,"Respiratory Ventilation, 24-96 Consecutive Hours",None,26297.38,Global PMJAY Average
0JH608Z,"Insertion of Defibrillator Generator into Chest Subcutaneous Tissue and Fascia, Open Approach",None,27506.15,Specialty Average (Cardiology)
02583ZZ,"Destruction of Conduction Mechanism, Percutaneous Approach",Electrophysiological Study with Radio Frequency Ablation,20000.0,PMJAY Dataset Match
8604,Other incision with drainage of skin and subcutaneous tissue,None,1865.31,Specialty Average (General Medicine)
3728,Intracardiac echocardiography,ICE,9700.0,PMJAY Dataset Match
4311,Percutaneous [endoscopic] gastrostomy [PEG],Gastrostomy + Esophagoscopy + Threading,20000.0,PMJAY Dataset Match
8191,Arthrocentesis,Aspiration,15000.0,PMJAY Dataset Match
8744,"Routine chest x-ray, so described",None,88933.33,Specialty Average (Interventional Neuroradiology)
9920,Injection or infusion of platelet inhibitor,None,27506.15,Specialty Average (Cardiology)
311,Temporary tracheostomy,Tracheostomy,6000.0,PMJAY Dataset Match
4523,Colonoscopy,Endocopic as an independent procedure,5000.0,PMJAY Dataset Match
3990,Insertion of non-drug-eluting peripheral (non-coronary) vessel stent(s),Peripheral Angioplasty,34500.0,PMJAY Dataset Match
4A1239Z,"Monitoring of Cardiac Output, Percutaneous Approach",Right Heart Catheterization,5000.0,PMJAY Dataset Match
3521,Open and other replacement of aortic valve with tissue graft,Aortic Valve,119000.0,PMJAY Dataset Match
4A023N8,"Measurement of Cardiac Sampling and Pressure, Bilateral, Percutaneous Approach",Right Heart Catheterization,5000.0,PMJAY Dataset Match
4131,Biopsy of bone marrow,Biopsy,1200.0,PMJAY Dataset Match
0DJ08ZZ,"Inspection of Upper Intestinal Tract, Via Natural or Artificial Opening Endoscopic",None,26297.38,Global PMJAY Average
0JPT0PZ,"Removal of Cardiac Rhythm Related Device from Trunk Subcutaneous Tissue and Fascia, Open Approach",None,27506.15,Specialty Average (Cardiology)
4A023N7,"Measurement of Cardiac Sampling and Pressure, Left Heart, Percutaneous Approach",Left Heart Catheterization,5000.0,PMJAY Dataset Match
0JH609Z,"Insertion of Cardiac Resynchronization Defibrillator Pulse Generator into Chest Subcutaneous Tissue and Fascia, Open Approach",None,27506.15,Specialty Average (Cardiology)
3612,(Aorto)coronary bypass of two coronary arteries,"Coronary artery bypass grafting (CABG), including intra operative balloon pump (if required)",118100.0,PMJAY Dataset Match
02H63KZ,"Insertion of Defibrillator Lead into Right Atrium, Percutaneous Approach",None,27506.15,Specialty Average (Cardiology)
3613,(Aorto)coronary bypass of three coronary arteries,"Coronary artery bypass grafting (CABG), including intra operative balloon pump (if required)",118100.0,PMJAY Dataset Match
5A1955Z,"Respiratory Ventilation, Greater than 96 Consecutive Hours",None,1865.31,Specialty Average (General Medicine)
8852,Angiocardiography of right heart structures,Right Heart Catheterization,5000.0,PMJAY Dataset Match
03HY32Z,"Insertion of Monitoring Device into Upper Artery, Percutaneous Approach",None,27506.15,Specialty Average (Cardiology)
3323,Other bronchoscopy,Rigid bronchoscopy - Diagnostic + / - biopsy,7000.0,PMJAY Dataset Match
3725,Biopsy of heart,None,27506.15,Specialty Average (Cardiology)
02K83ZZ,"Map Conduction Mechanism, Percutaneous Approach",Electrophysiological Study,20000.0,PMJAY Dataset Match
3761,Implant of pulsation balloon,Low Cardiac Output syndrome requiring IABP insertion post - operatively,50000.0,PMJAY Dataset Match
8411,Amputation of toe,Toe(s),10400.0,PMJAY Dataset Match
3779,Revision or relocation of cardiac device pocket,None,27506.15,Specialty Average (Cardiology)
3322,Fiber-optic bronchoscopy,None,26297.38,Global PMJAY Average
5185,Endoscopic sphincterotomy and papillotomy,Endobiliary,3500.0,PMJAY Dataset Match
8857,Other and unspecified coronary arteriography,Left Heart Catheterization,5000.0,PMJAY Dataset Match
3533,Annuloplasty,None,17613.82,Specialty Average (General Surgery)
9910,Injection or infusion of thrombolytic agent,Systemic Thrombolysis (for MI),17900.0,PMJAY Dataset Match
3522,Open and other replacement of aortic valve,Aortic Valve,119000.0,PMJAY Dataset Match
9229,Other radiotherapeutic procedure,None,19357.41,Specialty Average (Medical Oncology)
8622,"Excisional debridement of wound, infection, or burn",Debridement of Ulcer,5000.0,PMJAY Dataset Match
8605,Incision with removal of foreign body or device from skin and subcutaneous tissue,Foreign Body Removal,5000.0,PMJAY Dataset Match
3775,Revision of lead [electrode],None,27506.15,Specialty Average (Cardiology)
5A02210,"Assistance with Cardiac Output using Balloon Pump, Continuous",Low Cardiac Output syndrome requiring IABP insertion post - operatively,50000.0,PMJAY Dataset Match
3611,(Aorto)coronary bypass of one coronary artery,"Coronary artery bypass grafting (CABG), including intra operative balloon pump (if required)",118100.0,PMJAY Dataset Match
8841,Arteriography of cerebral arteries,None,26297.38,Global PMJAY Average
5187,Endoscopic insertion of stent (tube) into bile duct,Endobiliary,3500.0,PMJAY Dataset Match
02HA0QZ,"Insertion of Implantable Heart Assist System into Heart, Open Approach",None,17613.82,Specialty Average (General Surgery)
8611,Closed biopsy of skin and subcutaneous tissue,None,26297.38,Global PMJAY Average
8628,"Nonexcisional debridement of wound, infection or burn",None,1865.31,Specialty Average (General Medicine)
3774,Insertion or replacement of epicardial lead [electrode] into epicardium,None,27506.15,Specialty Average (Cardiology)
5459,Other lysis of peritoneal adhesions,Laparoscopic adhesiolysis,6000.0,PMJAY Dataset Match
4B02XTZ,"Measurement of Cardiac Defibrillator, External Approach",None,27506.15,Specialty Average (Cardiology)
5A12012,"Performance of Cardiac Output, Single, Manual",None,27506.15,Specialty Average (Cardiology)
4525,Closed [endoscopic] biopsy of large intestine,None,26297.38,Global PMJAY Average
0DJD8ZZ,"Inspection of Lower Intestinal Tract, Via Natural or Artificial Opening Endoscopic",None,26297.38,Global PMJAY Average
9907,Transfusion of other serum,None,26297.38,Global PMJAY Average
4A0234Z,"Measurement of Cardiac Electrical Activity, Percutaneous Approach",None,27506.15,Specialty Average (Cardiology)
4443,Endoscopic control of gastric or duodenal bleeding,Upper GI bleeding (endoscopic),1800.0,PMJAY Dataset Match
4011,Biopsy of lymphatic structure,Lymph Node,5000.0,PMJAY Dataset Match
5A0221D,"Assistance with Cardiac Output using Impeller Pump, Continuous",None,27506.15,Specialty Average (Cardiology)
3777,Removal of lead(s) [electrode] without replacement,None,27506.15,Specialty Average (Cardiology)
8162,Fusion or refusion of 2-3 vertebrae,Spine - Decompression & Fusion,40000.0,PMJAY Dataset Match
02H633Z,"Insertion of Infusion Device into Right Atrium, Percutaneous Approach",Chemo Port Insertion,18000.0,PMJAY Dataset Match
5A02216,"Assistance with Cardiac Output using Other Pump, Continuous",Low Cardiac Output syndrome requiring IABP insertion post - operatively,50000.0,PMJAY Dataset Match
8847,Arteriography of other intra-abdominal arteries,None,88933.33,Specialty Average (Interventional Neuroradiology)
02RF08Z,"Replacement of Aortic Valve with Zooplastic Tissue, Open Approach",Aortic Valve,119000.0,PMJAY Dataset Match
9929,Injection or infusion of other therapeutic or prophylactic substance,None,1865.31,Specialty Average (General Medicine)
3736,"Excision, destruction, or exclusion of left atrial appendage (LAA)",None,17613.82,Specialty Average (General Surgery)
5A1D60Z,"Performance of Urinary Filtration, Multiple",Haemodialysis Dialysis,1500.0,PMJAY Dataset Match
0309,Other exploration and decompression of spinal canal,Surgery for Spinal Canal Stenosis,40000.0,PMJAY Dataset Match
3142,Laryngoscopy and other tracheoscopy,Rigid laryngoscopy - Diagnostic + / - biopsy,7000.0,PMJAY Dataset Match
02PA3MZ,"Removal of Cardiac Lead from Heart, Percutaneous Approach",None,27506.15,Specialty Average (Cardiology)
02100Z9,"Bypass Coronary Artery, One Artery from Left Internal Mammary, Open Approach","Coronary artery bypass grafting (CABG), including intra operative balloon pump (if required)",118100.0,PMJAY Dataset Match
02HK3JZ,"Insertion of Pacemaker Lead into Right Ventricle, Percutaneous Approach",Permanent Pacemaker Implantation - Single Chamber,24500.0,PMJAY Dataset Match
4A023FZ,"Measurement of Cardiac Rhythm, Percutaneous Approach",None,27506.15,Specialty Average (Cardiology)
0W9G3ZZ,"Drainage of Peritoneal Cavity, Percutaneous Approach",LVP,7600.0,PMJAY Dataset Match
8849,Arteriography of other specified sites,None,88933.33,Specialty Average (Interventional Neuroradiology)
5A1935Z,"Respiratory Ventilation, Less than 24 Consecutive Hours",None,1865.31,Specialty Average (General Medicine)
3798,Replacement of automatic cardioverter/defibrillator pulse generator only,None,27506.15,Specialty Average (Cardiology)
3929,Other (peripheral) vascular shunt or bypass,None,17613.82,Specialty Average (General Surgery)
5101,Percutaneous aspiration of gallbladder,None,26297.38,Global PMJAY Average
5188,Endoscopic removal of stone(s) from biliary tract,Endobiliary,3500.0,PMJAY Dataset Match
5A1D90Z,"Performance of Urinary Filtration, Continuous, Greater than 18 hours Per Day",None,26297.38,Global PMJAY Average
0014,Injection or infusion of oxazolidinone class of antibiotics,Second Line Antibiotics and Antifungals,60000.0,PMJAY Dataset Match
4542,Endoscopic polypectomy of large intestine,Polypectomy,1500.0,PMJAY Dataset Match
0047,Insertion of three vascular stents,None,27506.15,Specialty Average (Cardiology)
8659,Closure of skin and subcutaneous tissue of other sites,Laceration - Suturing / Dressing,2000.0,PMJAY Dataset Match
8051,Excision of intervertebral disc,Lumbar Discectomy,30000.0,PMJAY Dataset Match
0W3P8ZZ,"Control Bleeding in Gastrointestinal Tract, Via Natural or Artificial Opening Endoscopic",Upper GI bleeding (endoscopic),1800.0,PMJAY Dataset Match
3512,Open heart valvuloplasty of mitral valve without replacement,Mitral Valve,119000.0,PMJAY Dataset Match
0W9G3ZX,"Drainage of Peritoneal Cavity, Percutaneous Approach, Diagnostic",None,26297.38,Global PMJAY Average
387,Interruption of the vena cava,None,17613.82,Specialty Average (General Surgery)
3321,Bronchoscopy through artificial stoma,None,26297.38,Global PMJAY Average
8945,Artificial pacemaker rate check,None,27506.15,Specialty Average (Cardiology)
5123,Laparoscopic cholecystectomy,Without Exploration of CBD - Lap.,22800.0,PMJAY Dataset Match
8968,Monitoring of cardiac output by other technique,None,27506.15,Specialty Average (Cardiology)
9462,Alcohol detoxification,Mental and Behavioural disorders due to psychoactive substance use,1500.0,PMJAY Dataset Match
3771,Initial insertion of transvenous lead [electrode] into ventricle,Permanent Pacemaker Implantation - Single Chamber,24500.0,PMJAY Dataset Match
3845,"Resection of vessel with replacement, thoracic vessels",Aortic Arch Replacement using bypass,150000.0,PMJAY Dataset Match
5794,Insertion of indwelling urinary catheter,Emergency management of Acute retention of Urine,2000.0,PMJAY Dataset Match
5A1223Z,"Performance of Cardiac Pacing, Continuous",Temporary Pacemaker implantation,19200.0,PMJAY Dataset Match
9607,Insertion of other (naso-)gastric tube,None,26297.38,Global PMJAY Average
3812,"Endarterectomy, other vessels of head and neck",Carotid - endearterectomy,50000.0,PMJAY Dataset Match
9605,Other intubation of respiratory tract,None,26297.38,Global PMJAY Average
8452,Insertion of recombinant bone morphogenetic protein,None,17509.09,Specialty Average (Orthopedics)
370,Pericardiocentesis,Pericardiocentesis,12100.0,PMJAY Dataset Match
3787,Replacement of any type pacemaker device with dual-chamber device,Permanent Pacemaker Implantation - Double Chamber,33000.0,PMJAY Dataset Match
02UG3JZ,"Supplement Mitral Valve with Synthetic Substitute, Percutaneous Approach",Mitral Valve,119000.0,PMJAY Dataset Match
0W9B30Z,"Drainage of Left Pleural Cavity with Drainage Device, Percutaneous Approach",Intercostal drainage Only,4800.0,PMJAY Dataset Match
5732,Other cystoscopy,Diagnostic Cystoscopy,6500.0,PMJAY Dataset Match
3778,Insertion of temporary transvenous pacemaker system,Temporary Pacemaker implantation,19200.0,PMJAY Dataset Match
0CJS8ZZ,"Inspection of Larynx, Via Natural or Artificial Opening Endoscopic",Rigid laryngoscopy - Diagnostic + / - biopsy,7000.0,PMJAY Dataset Match
3949,Other revision of vascular procedure,None,17613.82,Specialty Average (General Surgery)
3523,Open and other replacement of mitral valve with tissue graft,Mitral Valve,119000.0,PMJAY Dataset Match
009U3ZX,"Drainage of Spinal Canal, Percutaneous Approach, Diagnostic",None,26297.38,Global PMJAY Average
02H43KZ,"Insertion of Defibrillator Lead into Coronary Vein, Percutaneous Approach",None,27506.15,Specialty Average (Cardiology)
4562,Other partial resection of small intestine,None,1865.31,Specialty Average (General Medicine)
3403,Reopening of recent thoracotomy site,Reexploration / Second Stage,20000.0,PMJAY Dataset Match
5122,Cholecystectomy,Without Exploration of CBD - Lap.,22800.0,PMJAY Dataset Match
8854,Combined right and left heart angiocardiography,None,27506.15,Specialty Average (Cardiology)
0JH607Z,"Insertion of Cardiac Resynchronization Pacemaker Pulse Generator into Chest Subcutaneous Tissue and Fascia, Open Approach",Permanent Pacemaker Implantation - Double Chamber,33000.0,PMJAY Dataset Match
0390,Insertion of catheter into spinal canal for infusion of therapeutic or palliative substances,Intraspinal,50000.0,PMJAY Dataset Match
02HA3RZ,"Insertion of Short-term External Heart Assist System into Heart, Percutaneous Approach",Low Cardiac Output syndrome requiring IABP insertion post - operatively,50000.0,PMJAY Dataset Match
9723,Replacement of tracheostomy tube,None,26297.38,Global PMJAY Average
7935,"Open reduction of fracture with internal fixation, femur",Open Reduction Internal Fixation,14900.0,PMJAY Dataset Match
8339,Excision of lesion of other soft tissue,Benign Soft Tissue Tumour - Excision,12000.0,PMJAY Dataset Match
02HL3KZ,"Insertion of Defibrillator Lead into Left Ventricle, Percutaneous Approach",None,27506.15,Specialty Average (Cardiology)
2309,Extraction of other tooth,Extraction of impacted tooth under LA,500.0,PMJAY Dataset Match
0059,Intravascular pressure measurement of coronary arteries,None,27506.15,Specialty Average (Cardiology)
3964,Intraoperative cardiac pacemaker,Temporary Pacemaker implantation,19200.0,PMJAY Dataset Match
5498,Peritoneal dialysis,Peritoneal Dialysis,1500.0,PMJAY Dataset Match
3199,Other operations on trachea,None,17613.82,Specialty Average (General Surgery)
9914,Injection or infusion of immunoglobulin,None,26297.38,Global PMJAY Average
027034Z,"Dilation of Coronary Artery, One Artery with Drug-eluting Intraluminal Device, Percutaneous Approach",None,27506.15,Specialty Average (Cardiology)
02HL3JZ,"Insertion of Pacemaker Lead into Left Ventricle, Percutaneous Approach",Permanent Pacemaker Implantation - Double Chamber,33000.0,PMJAY Dataset Match
0054,Implantation or replacement of cardiac resynchronization defibrillator pulse generator only [CRT-D],None,27506.15,Specialty Average (Cardiology)
02L70CK,"Occlusion of Left Atrial Appendage with Extraluminal Device, Open Approach",None,17613.82,Specialty Average (General Surgery)
3768,Insertion of percutaneous external heart assist device,Low Cardiac Output syndrome requiring IABP insertion post - operatively,50000.0,PMJAY Dataset Match
5412,Reopening of recent laparotomy site,Re exploration after laparotomy,14000.0,PMJAY Dataset Match
3596,Percutaneous balloon valvuloplasty,None,27506.15,Specialty Average (Cardiology)
8412,Amputation through foot,Foot,27000.0,PMJAY Dataset Match
8415,Other amputation below knee,Below Knee,15000.0,PMJAY Dataset Match
3781,"Initial insertion of single-chamber device, not specified as rate responsive",Permanent Pacemaker Implantation - Single Chamber,24500.0,PMJAY Dataset Match
5523,Closed [percutaneous] [needle] biopsy of kidney,None,26297.38,Global PMJAY Average
8163,Fusion or refusion of 4-8 vertebrae,Spine - Decompression & Fusion with fixation,40000.0,PMJAY Dataset Match
5503,Percutaneous nephrostomy without fragmentation,Nephrostomy - Percutaneous ultrasound guided,14000.0,PMJAY Dataset Match
3776,Replacement of transvenous atrial and/or ventricular lead(s) [electrode],None,27506.15,Specialty Average (Cardiology)
0052,Implantation or replacement of transvenous lead [electrode] into left ventricular coronary venous system,None,27506.15,Specialty Average (Cardiology)
8154,Total knee replacement,Primary - Total Knee Replacement,80000.0,PMJAY Dataset Match
0044,Procedure on vessel bifurcation,None,17613.82,Specialty Average (General Surgery)
0131,Incision of cerebral meninges,None,35731.71,Specialty Average (Neurosurgery)
0BJ08ZZ,"Inspection of Tracheobronchial Tree, Via Natural or Artificial Opening Endoscopic",None,26297.38,Global PMJAY Average
403,Regional lymph node excision,None,1865.31,Specialty Average (General Medicine)
8106,"Lumbar and lumbosacral fusion of the anterior column, anterior technique",Spine - Decompression & Fusion with fixation,40000.0,PMJAY Dataset Match
5110,Endoscopic retrograde cholangiopancreatography [ERCP],Endobiliary,3500.0,PMJAY Dataset Match
8451,Insertion of interbody spinal fusion device,Spine - Decompression & Fusion with fixation,40000.0,PMJAY Dataset Match
8867,Phlebography of other specified sites using contrast material,None,88933.33,Specialty Average (Interventional Neuroradiology)
8345,Other myectomy,None,1865.31,Specialty Average (General Medicine)
3614,(Aorto)coronary bypass of four or more coronary arteries,"Coronary artery bypass grafting (CABG), including intra operative balloon pump (if required)",118100.0,PMJAY Dataset Match
02H63JZ,"Insertion of Pacemaker Lead into Right Atrium, Percutaneous Approach",Permanent Pacemaker Implantation - Single Chamber,24500.0,PMJAY Dataset Match
3979,Other endovascular procedures on other vessels,None,17613.82,Specialty Average (General Surgery)
3766,Insertion of implantable heart assist system,None,17613.82,Specialty Average (General Surgery)
9749,Removal of other device from thorax,None,17613.82,Specialty Average (General Surgery)
3963,Cardioplegia,None,17613.82,Specialty Average (General Surgery)
0DB68ZX,"Excision of Stomach, Via Natural or Artificial Opening Endoscopic, Diagnostic",Endocopic as an independent procedure,5000.0,PMJAY Dataset Match
3818,"Endarterectomy, lower limb arteries",Thromboendarterectomy,141000.0,PMJAY Dataset Match
3409,Other incision of pleura,Thoracostomy,19800.0,PMJAY Dataset Match
06BQ4ZZ,"Excision of Left Saphenous Vein, Percutaneous Endoscopic Approach",Management of Varicose Veins,14000.0,PMJAY Dataset Match
8851,Angiocardiography of venae cavae,None,27506.15,Specialty Average (Cardiology)
0096,Infusion of 4-Factor Prothrombin Complex Concentrate,"Blood component including platelet transfusion (RDP, PC, SDP)",2000.0,PMJAY Dataset Match
9971,Therapeutic plasmapheresis,Plasmapheresis,2000.0,PMJAY Dataset Match
4524,Flexible sigmoidoscopy,None,26297.38,Global PMJAY Average
8151,Total hip replacement,None,17509.09,Specialty Average (Orthopedics)
02BK3ZX,"Excision of Right Ventricle, Percutaneous Approach, Diagnostic",None,27506.15,Specialty Average (Cardiology)
0DH63UZ,"Insertion of Feeding Device into Stomach, Percutaneous Approach",Operative Gastrostomy,15000.0,PMJAY Dataset Match
B214YZZ,Fluoroscopy of Right Heart using Other Contrast,Right Heart Catheterization,5000.0,PMJAY Dataset Match
9905,Transfusion of platelets,"Blood component including platelet transfusion (RDP, PC, SDP)",2000.0,PMJAY Dataset Match
8843,Arteriography of pulmonary arteries,None,88933.33,Specialty Average (Interventional Neuroradiology)
0043,Procedure on four or more vessels,None,17613.82,Specialty Average (General Surgery)
0042,Procedure on three vessels,None,27506.15,Specialty Average (Cardiology)
021009W,"Bypass Coronary Artery, One Artery from Aorta with Autologous Venous Tissue, Open Approach","Coronary artery bypass grafting (CABG), including intra operative balloon pump (if required)",118100.0,PMJAY Dataset Match
3733,"Excision or destruction of other lesion or tissue of heart, open approach",Surgery for Cardiac Tumour,95000.0,PMJAY Dataset Match
0KNT0ZZ,"Release Left Lower Leg Muscle, Open Approach",Fasciotomy,10500.0,PMJAY Dataset Match
8607,Insertion of totally implantable vascular access device [VAD],Chemo Port Insertion,18000.0,PMJAY Dataset Match
9744,Nonoperative removal of heart assist system,None,27506.15,Specialty Average (Cardiology)
3942,Revision of arteriovenous shunt for renal dialysis,None,17613.82,Specialty Average (General Surgery)
9969,Other conversion of cardiac rhythm,None,27506.15,Specialty Average (Cardiology)
7761,"Local excision of lesion or tissue of bone, scapula, clavicle, and thorax [ribs and sternum]",Chest Wall Tumour Excision,36000.0,PMJAY Dataset Match
7749,"Biopsy of bone, other bones",Biopsy,1200.0,PMJAY Dataset Match
0B9F8ZX,"Drainage of Right Lower Lung Lobe, Via Natural or Artificial Opening Endoscopic, Diagnostic",Rigid bronchoscopy - Diagnostic + / - biopsy,7000.0,PMJAY Dataset Match
02RX0JZ,"Replacement of Thoracic Aorta, Ascending/Arch with Synthetic Substitute, Open Approach",Aortic Arch Replacement using bypass,150000.0,PMJAY Dataset Match
3492,Injection into thoracic cavity,None,26297.38,Global PMJAY Average
0W9930Z,"Drainage of Right Pleural Cavity with Drainage Device, Percutaneous Approach",Intercostal drainage Only,4800.0,PMJAY Dataset Match
5749,Other transurethral excision or destruction of lesion or tissue of bladder,TURBT (Transurethral Resection of the Bladder Tumor),27500.0,PMJAY Dataset Match
4576,Open and other sigmoidectomy,Sigmoid Resection,21500.0,PMJAY Dataset Match
8801,Computerized axial tomography of abdomen,"High end radiological diagnostic (CT, MRI, Imaging including nuclear imaging)",5000.0,PMJAY Dataset Match
8838,Other computerized axial tomography,"High end radiological diagnostic (CT, MRI, Imaging including nuclear imaging)",5000.0,PMJAY Dataset Match
4495,Laparoscopic gastric restrictive procedure,None,1865.31,Specialty Average (General Medicine)
8152,Partial hip replacement,Unipolar,15000.0,PMJAY Dataset Match
0DB98ZX,"Excision of Duodenum, Via Natural or Artificial Opening Endoscopic, Diagnostic",None,26297.38,Global PMJAY Average
5411,Exploratory laparotomy,Exploratory Laparotomy,10000.0,PMJAY Dataset Match
5451,Laparoscopic lysis of peritoneal adhesions,Laparoscopic adhesiolysis,6000.0,PMJAY Dataset Match
5421,Laparoscopy,None,1865.31,Specialty Average (General Medicine)
4319,Other gastrostomy,Operative Gastrostomy,15000.0,PMJAY Dataset Match
7768,"Local excision of lesion or tissue of bone, tarsals and metatarsals",None,17509.09,Specialty Average (Orthopedics)
8105,"Dorsal and dorsolumbar fusion of the posterior column, posterior technique",Spine - Decompression & Fusion,40000.0,PMJAY Dataset Match
8674,Attachment of pedicle or flap graft to other sites,Flap Reconstructive Surgery,20000.0,PMJAY Dataset Match
02UG0JZ,"Supplement Mitral Valve with Synthetic Substitute, Open Approach",Mitral Valve,119000.0,PMJAY Dataset Match
B548ZZA,"Ultrasonography of Superior Vena Cava, Guidance",None,88933.33,Specialty Average (Interventional Neuroradiology)
5349,Other open umbilical herniorrhaphy,Umbilical,17400.0,PMJAY Dataset Match
02RF38Z,"Replacement of Aortic Valve with Zooplastic Tissue, Percutaneous Approach",None,27506.15,Specialty Average (Cardiology)
0689,Other parathyroidectomy,Excision of Parathyroid Adenoma,20400.0,PMJAY Dataset Match
9705,Replacement of stent (tube) in biliary or pancreatic duct,None,26297.38,Global PMJAY Average
04HY32Z,"Insertion of Monitoring Device into Lower Artery, Percutaneous Approach",None,27506.15,Specialty Average (Cardiology)
8774,Retrograde pyelogram,None,20001.42,Specialty Average (Urology)
3797,Replacement of automatic cardioverter/defibrillator lead(s) only,None,27506.15,Specialty Average (Cardiology)
3E1M39Z,"Irrigation of Peritoneal Cavity using Dialysate, Percutaneous Approach",None,26297.38,Global PMJAY Average
2101,Control of epistaxis by anterior nasal packing,None,26297.38,Global PMJAY Average
8108,"Lumbar and lumbosacral fusion of the anterior column, posterior technique",Spine - Decompression & Fusion with fixation,40000.0,PMJAY Dataset Match
3E0T3BZ,"Introduction of Anesthetic Agent into Peripheral Nerves and Plexi, Percutaneous Approach",Nerve root block,3000.0,PMJAY Dataset Match
0BH18EZ,"Insertion of Endotracheal Airway into Trachea, Via Natural or Artificial Opening Endoscopic",None,26297.38,Global PMJAY Average
3514,Open heart valvuloplasty of tricuspid valve without replacement,Tricuspid Valve,119000.0,PMJAY Dataset Match
4A033BC,"Measurement of Arterial Pressure, Coronary, Percutaneous Approach",None,27506.15,Specialty Average (Cardiology)
3524,Open and other replacement of mitral valve,Mitral Valve,119000.0,PMJAY Dataset Match
3789,Revision or removal of pacemaker device,None,27506.15,Specialty Average (Cardiology)
5A1522G,"Extracorporeal Oxygenation, Membrane, Peripheral Veno-arterial",None,27506.15,Specialty Average (Cardiology)
8874,Diagnostic ultrasound of digestive system,None,88933.33,Specialty Average (Interventional Neuroradiology)
2103,Control of epistaxis by cauterization (and packing),Epistaxis treatment - packing,1800.0,PMJAY Dataset Match
4823,Rigid proctosigmoidoscopy,None,26297.38,Global PMJAY Average
8919,Video and radio-telemetered electroencephalographic monitoring,None,26297.38,Global PMJAY Average
4591,Small-to-small intestinal anastomosis,None,1865.31,Specialty Average (General Medicine)
0017,Infusion of vasopressor agent,Emergency with unstable cardiopulmonary status with resuccitation,10000.0,PMJAY Dataset Match
02PA3RZ,"Removal of Short-term External Heart Assist System from Heart, Percutaneous Approach",None,27506.15,Specialty Average (Cardiology)
0061,Percutaneous angioplasty of extracranial vessel(s),Peripheral Angioplasty,34500.0,PMJAY Dataset Match
5425,Peritoneal lavage,None,1865.31,Specialty Average (General Medicine)
9923,Injection of steroid,None,17509.09,Specialty Average (Orthopedics)
8314,Fasciotomy,Fasciotomy,10500.0,PMJAY Dataset Match
02580ZZ,"Destruction of Conduction Mechanism, Open Approach",Electrophysiological Study with Radio Frequency Ablation,20000.0,PMJAY Dataset Match
8703,Computerized axial tomography of head,"High end radiological diagnostic (CT, MRI, Imaging including nuclear imaging)",5000.0,PMJAY Dataset Match
0T25X0Z,"Change Drainage Device in Kidney, External Approach",Nephrostomy (PCN) - Follow Up,1200.0,PMJAY Dataset Match
3452,Thoracoscopic decortication of lung,Decortication (Pleurectomy),28000.0,PMJAY Dataset Match
9205,Cardiovascular and hematopoietic scan and radioisotope function study,"High end radiological diagnostic (CT, MRI, Imaging including nuclear imaging)",5000.0,PMJAY Dataset Match
7779,"Excision of bone for graft, other bones",None,17509.09,Specialty Average (Orthopedics)
3927,Arteriovenostomy for renal dialysis,AV Fistula without prosthesis,6000.0,PMJAY Dataset Match
8669,Other skin graft to other sites,Free Grafts - Wolfe Grafts,14000.0,PMJAY Dataset Match
5304,Other and open repair of indirect inguinal hernia with graft or prosthesis,None,1865.31,Specialty Average (General Medicine)
9981,Hypothermia (central) (local),None,1865.31,Specialty Average (General Medicine)
9427,Other electroshock therapy,Electro Convulsive Therapy (ECT) - per session,3000.0,PMJAY Dataset Match
7788,"Other partial ostectomy, tarsals and metatarsals",Small bone,9500.0,PMJAY Dataset Match
4223,Other esophagoscopy,Rigid oesophagoscopy - Diagnostic + / - biopsy,7000.0,PMJAY Dataset Match
4A0335C,"Measurement of Arterial Flow, Coronary, Percutaneous Approach",Left Heart Catheterization,5000.0,PMJAY Dataset Match
315,Local excision or destruction of lesion or tissue of trachea,Central airway tumour debulking,22800.0,PMJAY Dataset Match
0JH606Z,"Insertion of Pacemaker, Dual Chamber into Chest Subcutaneous Tissue and Fascia, Open Approach",Permanent Pacemaker Implantation - Double Chamber,33000.0,PMJAY Dataset Match
0CJY8ZZ,"Inspection of Mouth and Throat, Via Natural or Artificial Opening Endoscopic",Rigid laryngoscopy - Diagnostic + / - biopsy,7000.0,PMJAY Dataset Match
8192,Injection of therapeutic substance into joint or ligament,None,17509.09,Specialty Average (Orthopedics)
863,Other local excision or destruction of lesion or tissue of skin and subcutaneous tissue,None,26297.38,Global PMJAY Average
3406,Thoracoscopic drainage of pleural cavity,VATS,30000.0,PMJAY Dataset Match
4573,Open and other right hemicolectomy,None,1865.31,Specialty Average (General Medicine)
02UJ0JZ,"Supplement Tricuspid Valve with Synthetic Substitute, Open Approach",Tricuspid Valve,119000.0,PMJAY Dataset Match
4A133B1,"Monitoring of Arterial Pressure, Peripheral, Percutaneous Approach",None,27506.15,Specialty Average (Cardiology)
7915,"Closed reduction of fracture with internal fixation, femur",Closed Reduction & Fixation,18000.0,PMJAY Dataset Match
3749,Other repair of heart and pericardium,None,17613.82,Specialty Average (General Surgery)
02100Z8,"Bypass Coronary Artery, One Artery from Right Internal Mammary, Open Approach","Coronary artery bypass grafting (CABG), including intra operative balloon pump (if required)",118100.0,PMJAY Dataset Match
9952,Prophylactic vaccination against influenza,None,1865.31,Specialty Average (General Medicine)
03BC4ZZ,"Excision of Left Radial Artery, Percutaneous Endoscopic Approach",None,17613.82,Specialty Average (General Surgery)
3844,"Resection of vessel with replacement, aorta, abdominal",Aortic Aneurysm Repair without using Cardiopulmonary bypass (CPB),65500.0,PMJAY Dataset Match
0B113F4,"Bypass Trachea to Cutaneous with Tracheostomy Device, Percutaneous Approach",Tracheostomy,6000.0,PMJAY Dataset Match
9608,Insertion of (naso-)intestinal tube,None,26297.38,Global PMJAY Average
3505,Endovascular replacement of aortic valve,None,27506.15,Specialty Average (Cardiology)
7769,"Local excision of lesion or tissue of bone, other bones",Bone Tumour (benign) curettage / Excision and bone grafting,20000.0,PMJAY Dataset Match
0JH63XZ,"Insertion of Tunneled Vascular Access Device into Chest Subcutaneous Tissue and Fascia, Percutaneous Approach",Chemo Port Insertion,18000.0,PMJAY Dataset Match
3422,Mediastinoscopy,None,17613.82,Specialty Average (General Surgery)
0S9D3ZX,"Drainage of Left Knee Joint, Percutaneous Approach, Diagnostic",Aspiration,15000.0,PMJAY Dataset Match
3931,Suture of artery,Peripheral arterial injury repair (without bypass),30000.0,PMJAY Dataset Match
3932,Suture of vein,Vascular reconstruction,57600.0,PMJAY Dataset Match
8103,"Other cervical fusion of the posterior column, posterior technique",Posterior Cervical Fusion with implant (Lateral mass fixation),50000.0,PMJAY Dataset Match
3421,Transpleural thoracoscopy,None,17613.82,Specialty Average (General Surgery)
4A133J1,"Monitoring of Arterial Pulse, Peripheral, Percutaneous Approach",None,27506.15,Specialty Average (Cardiology)
8863,Phlebography of other intrathoracic veins using contrast material,None,88933.33,Specialty Average (Interventional Neuroradiology)
06BP4ZZ,"Excision of Right Saphenous Vein, Percutaneous Endoscopic Approach",Management of Varicose Veins,14000.0,PMJAY Dataset Match
3420,Thoracoscopic pleural biopsy,Diagnostic thoracoscopy,15000.0,PMJAY Dataset Match
02PYX3Z,"Removal of Infusion Device from Great Vessel, External Approach",None,27506.15,Specialty Average (Cardiology)
3E04305,"Introduction of Other Antineoplastic into Central Vein, Percutaneous Approach",None,19357.41,Specialty Average (Medical Oncology)
4639,Other enterostomy,Exploratory laparotomy f / b diversion stoma,30000.0,PMJAY Dataset Match
2911,Pharyngoscopy,None,26297.38,Global PMJAY Average
3974,Endovascular removal of obstruction from head and neck vessel(s),None,17613.82,Specialty Average (General Surgery)
8845,Arteriography of renal arteries,None,88933.33,Specialty Average (Interventional Neuroradiology)
3401,Incision of chest wall,None,17613.82,Specialty Average (General Surgery)
0159,Other excision or destruction of lesion or tissue of brain,Stereotactic Lesioning,60000.0,PMJAY Dataset Match
598,Ureteral catheterization,"DJ stenting including cystoscopy, ureteric catheterization, retrograde pyelogram",9800.0,PMJAY Dataset Match
0DJ07ZZ,"Inspection of Upper Intestinal Tract, Via Natural or Artificial Opening",Endocopic as an independent procedure,5000.0,PMJAY Dataset Match
5361,Other open incisional hernia repair with graft or prosthesis,Repair of Incisional Hernia,20000.0,PMJAY Dataset Match
741,Low cervical cesarean section,Caesarean Delivery,11500.0,PMJAY Dataset Match
B246ZZ4,"Ultrasonography of Right and Left Heart, Transesophageal",None,27506.15,Specialty Average (Cardiology)
8456,Insertion or replacement of (cement) spacer,None,17509.09,Specialty Average (Orthopedics)
5423,Biopsy of peritoneum,None,1865.31,Specialty Average (General Medicine)
02HN0KZ,"Insertion of Defibrillator Lead into Pericardium, Open Approach",None,17613.82,Specialty Average (General Surgery)
4610,"Colostomy, not otherwise specified",Colostomy,14000.0,PMJAY Dataset Match
3241,Thoracoscopic lobectomy of lung,Pulmonary Resection,70000.0,PMJAY Dataset Match
5013,Transjugular liver biopsy,None,88933.33,Specialty Average (Interventional Neuroradiology)
5012,Open biopsy of liver,None,1865.31,Specialty Average (General Medicine)
5011,Closed (percutaneous) [needle] biopsy of liver,None,26297.38,Global PMJAY Average
0B21XFZ,"Change Tracheostomy Device in Trachea, External Approach",None,26297.38,Global PMJAY Average
3E0436Z,"Introduction of Nutritional Substance into Central Vein, Percutaneous Approach",None,1865.31,Specialty Average (General Medicine)
0063,Percutaneous insertion of carotid artery stent(s),None,27506.15,Specialty Average (Cardiology)
0092,Transplant from live non-related donor,None,17613.82,Specialty Average (General Surgery)
4575,Open and other left hemicolectomy,None,1865.31,Specialty Average (General Medicine)
3220,Thoracoscopic excision of lesion or tissue of lung,Thoracoscopic Segmental Resection,25000.0,PMJAY Dataset Match
3201,Endoscopic excision or destruction of lesion or tissue of bronchus,None,26297.38,Global PMJAY Average
9912,Immunization for allergy,None,26297.38,Global PMJAY Average
4651,Closure of stoma of small intestine,Closure of stoma,14500.0,PMJAY Dataset Match
8609,Other incision of skin and subcutaneous tissue,None,1865.31,Specialty Average (General Medicine)
4620,"Ileostomy, not otherwise specified",Ileostomy,14000.0,PMJAY Dataset Match
3479,Other repair of chest wall,None,17613.82,Specialty Average (General Surgery)
3198,Other operations on larynx,None,26297.38,Global PMJAY Average
0353,Repair of vertebral fracture,Vertebroplasty,40000.0,PMJAY Dataset Match
4543,Endoscopic destruction of other lesion or tissue of large intestine,Polypectomy,1500.0,PMJAY Dataset Match
0055,Insertion of drug-eluting stent(s) of other peripheral vessel(s),Peripheral Angioplasty,34500.0,PMJAY Dataset Match
30283B1,"Transfusion of Nonautologous 4-Factor Prothrombin Complex Concentrate into Vein, Percutaneous Approach","Blood component including platelet transfusion (RDP, PC, SDP)",2000.0,PMJAY Dataset Match
0W993ZZ,"Drainage of Right Pleural Cavity, Percutaneous Approach",Intercostal drainage Only,4800.0,PMJAY Dataset Match
0113,Closed [percutaneous] [needle] biopsy of brain,Brain Biopsy,15000.0,PMJAY Dataset Match
021109W,"Bypass Coronary Artery, Two Arteries from Aorta with Autologous Venous Tissue, Open Approach","Coronary artery bypass grafting (CABG), including intra operative balloon pump (if required)",118100.0,PMJAY Dataset Match
5114,Other closed [endoscopic] biopsy of biliary duct or sphincter of Oddi,None,26297.38,Global PMJAY Average
4444,Transcatheter embolization for gastric or duodenal bleeding,None,88933.33,Specialty Average (Interventional Neuroradiology)
5A1D00Z,"Performance of Urinary Filtration, Single",None,20001.42,Specialty Average (Urology)
0JH60FZ,"Insertion of Subcutaneous Defibrillator Lead into Chest Subcutaneous Tissue and Fascia, Open Approach",None,27506.15,Specialty Average (Cardiology)
4106,Cord blood stem cell transplant,None,26297.38,Global PMJAY Average
4105,Allogeneic hematopoietic stem cell transpant without purging,None,26297.38,Global PMJAY Average
8382,Graft of muscle or fascia,None,17509.09,Specialty Average (Orthopedics)
B2131ZZ,Fluoroscopy of Multiple Coronary Artery Bypass Grafts using Low Osmolar Contrast,None,27506.15,Specialty Average (Cardiology)
0024,Intravascular imaging of coronary vessels,None,27506.15,Specialty Average (Cardiology)
8753,Intraoperative cholangiogram,None,1865.31,Specialty Average (General Medicine)
8309,Other incision of soft tissue,None,1865.31,Specialty Average (General Medicine)
05HY33Z,"Insertion of Infusion Device into Upper Vein, Percutaneous Approach",Chemo Port Insertion,18000.0,PMJAY Dataset Match
8876,Diagnostic ultrasound of abdomen and retroperitoneum,None,88933.33,Specialty Average (Interventional Neuroradiology)
0221,Insertion or replacement of external ventricular drain [EVD],External Ventricular Drainage (EVD) including antibiotics,30000.0,PMJAY Dataset Match
5419,Other laparotomy,Exploratory Laparotomy,10000.0,PMJAY Dataset Match
2319,Other surgical extraction of tooth,None,17613.82,Specialty Average (General Surgery)
8944,Other cardiovascular stress test,None,27506.15,Specialty Average (Cardiology)
2Y41X5Z,Packing of Nasal Region using Packing Material,Epistaxis treatment - packing,1800.0,PMJAY Dataset Match
9301,Functional evaluation,None,1865.31,Specialty Average (General Medicine)
02100AW,"Bypass Coronary Artery, One Artery from Aorta with Autologous Arterial Tissue, Open Approach","Coronary artery bypass grafting (CABG), including intra operative balloon pump (if required)",118100.0,PMJAY Dataset Match
02RF0JZ,"Replacement of Aortic Valve with Synthetic Substitute, Open Approach",Aortic Valve,119000.0,PMJAY Dataset Match
6029,Other transurethral prostatectomy,Holmium Laser Prostatectomy,40000.0,PMJAY Dataset Match
0B958ZX,"Drainage of Right Middle Lobe Bronchus, Via Natural or Artificial Opening Endoscopic, Diagnostic",Rigid bronchoscopy - Diagnostic + / - biopsy,7000.0,PMJAY Dataset Match
3965,Extracorporeal membrane oxygenation [ECMO],None,1865.31,Specialty Average (General Medicine)
0WCC0ZZ,"Extirpation of Matter from Mediastinum, Open Approach",Space - Occupying Lesion (SOL) mediastinum,65500.0,PMJAY Dataset Match
9354,Application of splint,Fracture - Conservative Management - Without plaster,2000.0,PMJAY Dataset Match
6549,Other unilateral salpingo-oophorectomy,None,12640.26,Specialty Average (Obstetrics & Gynecology)
0TY00Z0,"Transplantation of Right Kidney, Allogeneic, Open Approach",None,17613.82,Specialty Average (General Surgery)
9359,"Other immobilization, pressure, and attention to wound",Laceration - Suturing / Dressing,2000.0,PMJAY Dataset Match
6849,Other and unspecified total abdominal hysterectomy,Abdominal Hysterectomy,20000.0,PMJAY Dataset Match
0T9130Z,"Drainage of Left Kidney with Drainage Device, Percutaneous Approach",Nephrostomy - Percutaneous ultrasound guided,14000.0,PMJAY Dataset Match
9741,Removal of thoracotomy tube or pleural cavity drain,None,17613.82,Specialty Average (General Surgery)
03CG3ZZ,"Extirpation of Matter from Intracranial Artery, Percutaneous Approach",Intracranial thrombolysis / clot retrieval,160000.0,PMJAY Dataset Match
04V03DZ,"Restriction of Abdominal Aorta with Intraluminal Device, Percutaneous Approach",Aortic Aneurysm,150000.0,PMJAY Dataset Match
07DR3ZX,"Extraction of Iliac Bone Marrow, Percutaneous Approach, Diagnostic",None,26297.38,Global PMJAY Average
0B9C8ZX,"Drainage of Right Upper Lung Lobe, Via Natural or Artificial Opening Endoscopic, Diagnostic",Rigid bronchoscopy - Diagnostic + / - biopsy,7000.0,PMJAY Dataset Match
8879,Other diagnostic ultrasound,None,88933.33,Specialty Average (Interventional Neuroradiology)
7855,"Internal fixation of bone without fracture reduction, femur",Fixation,10000.0,PMJAY Dataset Match
06HY33Z,"Insertion of Infusion Device into Lower Vein, Percutaneous Approach",Chemo Port Insertion,18000.0,PMJAY Dataset Match
8967,Monitoring of cardiac output by oxygen consumption technique,Right Heart Catheterization,5000.0,PMJAY Dataset Match
02BG0ZZ,"Excision of Mitral Valve, Open Approach",Mitral Valve,119000.0,PMJAY Dataset Match
0DB78ZX,"Excision of Stomach, Pylorus, Via Natural or Artificial Opening Endoscopic, Diagnostic",Endocopic as an independent procedure,5000.0,PMJAY Dataset Match
3782,"Initial insertion of single-chamber device, rate responsive",Permanent Pacemaker Implantation - Single Chamber,24500.0,PMJAY Dataset Match
9755,"Removal of T-tube, other bile duct tube, or liver tube",None,1865.31,Specialty Average (General Medicine)
3571,Other and unspecified repair of atrial septal defect,Isolated Secundum Atrial Septal Defect (ASD) Repair,100000.0,PMJAY Dataset Match
7936,"Open reduction of fracture with internal fixation, tibia and fibula",Open Reduction Internal Fixation,14900.0,PMJAY Dataset Match
3712,Pericardiotomy,Pericardial window (via thoracotomy),30000.0,PMJAY Dataset Match
0B9D8ZX,"Drainage of Right Middle Lung Lobe, Via Natural or Artificial Opening Endoscopic, Diagnostic",Rigid bronchoscopy - Diagnostic + / - biopsy,7000.0,PMJAY Dataset Match
062,Unilateral thyroid lobectomy,None,1865.31,Specialty Average (General Medicine)
0DBL8ZX,"Excision of Transverse Colon, Via Natural or Artificial Opening Endoscopic, Diagnostic",None,1865.31,Specialty Average (General Medicine)
1755,Transluminal coronary atherectomy,"PTCA, inclusive of diagnostic angiogram",40600.0,PMJAY Dataset Match
04QK0ZZ,"Repair Right Femoral Artery, Open Approach",Peripheral arterial injury repair (without bypass),30000.0,PMJAY Dataset Match
4673,"Suture of laceration of small intestine, except duodenum",None,1865.31,Specialty Average (General Medicine)
4582,Open total intra-abdominal colectomy,None,1865.31,Specialty Average (General Medicine)
3957,Repair of blood vessel with synthetic patch graft,Vascular reconstruction,57600.0,PMJAY Dataset Match
022,Ventriculostomy,External Ventricular Drainage (EVD) including antibiotics,30000.0,PMJAY Dataset Match
9703,Replacement of tube or enterostomy device of small intestine,None,26297.38,Global PMJAY Average
1742,Laparoscopic robotic assisted procedure,None,1865.31,Specialty Average (General Medicine)
4623,Other permanent ileostomy,Ileostomy,14000.0,PMJAY Dataset Match
0W9B00Z,"Drainage of Left Pleural Cavity with Drainage Device, Open Approach",None,17613.82,Specialty Average (General Surgery)
9394,Respiratory medication administered by nebulizer,None,26297.38,Global PMJAY Average
9227,Implantation or insertion of radioactive elements,Interstitial,42000.0,PMJAY Dataset Match
0094,Intra-operative neurophysiologic monitoring,None,26297.38,Global PMJAY Average
064,Complete thyroidectomy,Total thyroidectomy,20000.0,PMJAY Dataset Match
0093,Transplant from cadaver,None,1865.31,Specialty Average (General Medicine)
4824,Closed [endoscopic] biopsy of rectum,Rectal Biopsy - Punch,10000.0,PMJAY Dataset Match
4836,[Endoscopic] polypectomy of rectum,Rectal Polypectomy - Sigmoiescopic Under GA,8000.0,PMJAY Dataset Match
4881,Incision of perirectal tissue,None,1865.31,Specialty Average (General Medicine)
4399,Other total gastrectomy,Total Gastrectomy - Open,51600.0,PMJAY Dataset Match
0CDWXZ1,"Extraction of Upper Tooth, Multiple, External Approach",Extraction of impacted tooth under LA,500.0,PMJAY Dataset Match
02110Z9,"Bypass Coronary Artery, Two Arteries from Left Internal Mammary, Open Approach","Coronary artery bypass grafting (CABG), including intra operative balloon pump (if required)",118100.0,PMJAY Dataset Match
021209W,"Bypass Coronary Artery, Three Arteries from Aorta with Autologous Venous Tissue, Open Approach","Coronary artery bypass grafting (CABG), including intra operative balloon pump (if required)",118100.0,PMJAY Dataset Match
4382,Laparoscopic vertical (sleeve) gastrectomy,None,1865.31,Specialty Average (General Medicine)
734,Medical induction of labor,Induction,96000.0,PMJAY Dataset Match
7789,"Other partial ostectomy, other bones",Sequestectomy / Curettage,10000.0,PMJAY Dataset Match
7906,"Closed reduction of fracture without internal fixation, tibia and fibula",None,17509.09,Specialty Average (Orthopedics)
4341,Endoscopic excision or destruction of lesion or tissue of stomach,Polypectomy,1500.0,PMJAY Dataset Match
8107,"Lumbar and lumbosacral fusion of the posterior column, posterior technique",Laminectomy with Fusion,40000.0,PMJAY Dataset Match
4292,Dilation of esophagus,None,26297.38,Global PMJAY Average
4281,Insertion of permanent tube into esophagus,Oesophageal stenting,45000.0,PMJAY Dataset Match
0TJB8ZZ,"Inspection of Bladder, Via Natural or Artificial Opening Endoscopic",Diagnostic Cystoscopy,6500.0,PMJAY Dataset Match
8457,Removal of (cement) spacer,None,17509.09,Specialty Average (Orthopedics)
5A15223,"Extracorporeal Membrane Oxygenation, Continuous",None,27506.15,Specialty Average (Cardiology)
8775,Percutaneous pyelogram,None,20001.42,Specialty Average (Urology)
8826,Other skeletal x-ray of pelvis and hip,Pelvis,14000.0,PMJAY Dataset Match
02HA0RZ,"Insertion of Short-term External Heart Assist System into Heart, Open Approach",Low Cardiac Output syndrome requiring IABP insertion post - operatively,50000.0,PMJAY Dataset Match
3952,Other repair of aneurysm,None,17613.82,Specialty Average (General Surgery)
8959,Other nonoperative cardiac and vascular measurements,None,27506.15,Specialty Average (Cardiology)
8963,Pulmonary artery pressure monitoring,Right Heart Catheterization,5000.0,PMJAY Dataset Match
5551,Nephroureterectomy,None,20001.42,Specialty Average (Urology)
04PY03Z,"Removal of Infusion Device from Lower Artery, Open Approach",None,17613.82,Specialty Average (General Surgery)
3808,"Incision of vessel, lower limb arteries",None,17613.82,Specialty Average (General Surgery)
415,Total splenectomy,None,1865.31,Specialty Average (General Medicine)
3803,"Incision of vessel, upper limb vessels",None,17613.82,Specialty Average (General Surgery)
8344,Other fasciectomy,None,17509.09,Specialty Average (Orthopedics)
8321,Open biopsy of soft tissue,Biopsy,1200.0,PMJAY Dataset Match
3795,Implantation of automatic cardioverter/defibrillator lead(s) only,None,27506.15,Specialty Average (Cardiology)
02PA0RZ,"Removal of Short-term External Heart Assist System from Heart, Open Approach",None,17613.82,Specialty Average (General Surgery)
5569,Other kidney transplantation,None,17613.82,Specialty Average (General Surgery)
02PA33Z,"Removal of Infusion Device from Heart, Percutaneous Approach",None,27506.15,Specialty Average (Cardiology)
8819,Other x-ray of abdomen,None,88933.33,Specialty Average (Interventional Neuroradiology)
0W9B3ZX,"Drainage of Left Pleural Cavity, Percutaneous Approach, Diagnostic",None,26297.38,Global PMJAY Average
0B110F4,"Bypass Trachea to Cutaneous with Tracheostomy Device, Open Approach",Tracheostomy,6000.0,PMJAY Dataset Match
02QF0ZZ,"Repair Aortic Valve, Open Approach",Aortic Valve,119000.0,PMJAY Dataset Match
0T9030Z,"Drainage of Right Kidney with Drainage Device, Percutaneous Approach",Nephrostomy - Percutaneous ultrasound guided,14000.0,PMJAY Dataset Match
527,Radical pancreaticoduodenectomy,PancreaticoDuodenectomy (Whipple's),30000.0,PMJAY Dataset Match
0SRD0J9,"Replacement of Left Knee Joint with Synthetic Substitute, Cemented, Open Approach",Primary - Total Knee Replacement,80000.0,PMJAY Dataset Match
0SBB0ZZ,"Excision of Left Hip Joint, Open Approach",None,17509.09,Specialty Average (Orthopedics)
0SRC0J9,"Replacement of Right Knee Joint with Synthetic Substitute, Cemented, Open Approach",Primary - Total Knee Replacement,80000.0,PMJAY Dataset Match
3527,Open and other replacement of tricuspid valve with tissue graft,Tricuspid Valve,119000.0,PMJAY Dataset Match
02RG08Z,"Replacement of Mitral Valve with Zooplastic Tissue, Open Approach",None,17613.82,Specialty Average (General Surgery)
3329,Other diagnostic procedures on lung or bronchus,Rigid bronchoscopy - Diagnostic + / - biopsy,7000.0,PMJAY Dataset Match
0HB5XZZ,"Excision of Chest Skin, External Approach",None,1865.31,Specialty Average (General Medicine)
8102,"Other cervical fusion of the anterior column, anterior technique",None,17509.09,Specialty Average (Orthopedics)
8099,"Other excision of joint, other specified sites",None,17509.09,Specialty Average (Orthopedics)
0S9C3ZX,"Drainage of Right Knee Joint, Percutaneous Approach, Diagnostic",Aspiration,15000.0,PMJAY Dataset Match
0JH60PZ,"Insertion of Cardiac Rhythm Related Device into Chest Subcutaneous Tissue and Fascia, Open Approach",None,27506.15,Specialty Average (Cardiology)
0JPT3XZ,"Removal of Tunneled Vascular Access Device from Trunk Subcutaneous Tissue and Fascia, Percutaneous Approach",None,1865.31,Specialty Average (General Medicine)
3249,Other lobectomy of lung,Pulmonary Resection,70000.0,PMJAY Dataset Match
0TP5X0Z,"Removal of Drainage Device from Kidney, External Approach",Nephrostomy (PCN) - Follow Up,1200.0,PMJAY Dataset Match
03CG3Z7,"Extirpation of Matter from Intracranial Artery using Stent Retriever, Percutaneous Approach",Intracranial thrombolysis / clot retrieval,160000.0,PMJAY Dataset Match
0WJD4ZZ,"Inspection of Pericardial Cavity, Percutaneous Endoscopic Approach",None,27506.15,Specialty Average (Cardiology)
0WJG4ZZ,"Inspection of Peritoneal Cavity, Percutaneous Endoscopic Approach",Diagnostic / Staging laparoscopy,9700.0,PMJAY Dataset Match
3229,Other local excision or destruction of lesion or tissue of lung,Wedge Excision,19000.0,PMJAY Dataset Match
3179,Other repair and plastic operations on trachea,Tracheal resection,36000.0,PMJAY Dataset Match
3174,Revision of tracheostomy,None,26297.38,Global PMJAY Average
0KBT0ZZ,"Excision of Left Lower Leg Muscle, Open Approach",Excision,9200.0,PMJAY Dataset Match
7767,"Local excision of lesion or tissue of bone, tibia and fibula",Bone Tumour (benign) curettage / Excision and bone grafting,20000.0,PMJAY Dataset Match
1735,Laparoscopic left hemicolectomy,None,1865.31,Specialty Average (General Medicine)
B240ZZ3,"Ultrasonography of Single Coronary Artery, Intravascular",None,27506.15,Specialty Average (Cardiology)
7841,"Other repair or plastic operations on bone, scapula, clavicle, and thorax [ribs and sternum]",None,17509.09,Specialty Average (Orthopedics)
586,Dilation of urethra,None,20001.42,Specialty Average (Urology)
7771,"Excision of bone for graft, scapula, clavicle, and thorax [ribs and sternum]",None,17509.09,Specialty Average (Orthopedics)
7865,"Removal of implanted devices from bone, femur",None,17509.09,Specialty Average (Orthopedics)
0JBQ0ZZ,"Excision of Right Foot Subcutaneous Tissue and Fascia, Open Approach",None,17509.09,Specialty Average (Orthopedics)
0048,Insertion of four or more vascular stents,None,27506.15,Specialty Average (Cardiology)
0091,Transplant from live related donor,None,17613.82,Specialty Average (General Surgery)
04CL0ZZ,"Extirpation of Matter from Left Femoral Artery, Open Approach",Thromboembolectomy,28000.0,PMJAY Dataset Match
0531,Injection of anesthetic into sympathetic nerve for analgesia,None,26297.38,Global PMJAY Average
0FB03ZX,"Excision of Liver, Percutaneous Approach, Diagnostic",Biopsy,1200.0,PMJAY Dataset Match
3799,Other operations on heart and pericardium,None,17613.82,Specialty Average (General Surgery)
0F798DZ,"Dilation of Common Bile Duct with Intraluminal Device, Via Natural or Artificial Opening Endoscopic",Endobiliary,3500.0,PMJAY Dataset Match
7869,"Removal of implanted devices from bone, other bones",None,17509.09,Specialty Average (Orthopedics)
B2151ZZ,Fluoroscopy of Left Heart using Low Osmolar Contrast,Left Heart Catheterization,5000.0,PMJAY Dataset Match
0DH67UZ,"Insertion of Feeding Device into Stomach, Via Natural or Artificial Opening",Operative Gastrostomy,15000.0,PMJAY Dataset Match
8821,Skeletal x-ray of shoulder and upper arm,None,88933.33,Specialty Average (Interventional Neuroradiology)
8873,Diagnostic ultrasound of other sites of thorax,None,88933.33,Specialty Average (Interventional Neuroradiology)
0392,Injection of other agent into spinal canal,Intraspinal,50000.0,PMJAY Dataset Match
9357,Application of other wound dressing,Anti-biotic + dressing - minimum of 2 sessions,3000.0,PMJAY Dataset Match
8015,"Other arthrotomy, hip",Arthorotomy of any joint,14000.0,PMJAY Dataset Match
9928,Injection or infusion of biological response modifier [BRM] as an antineoplastic agent,Trastuzumab,21200.0,PMJAY Dataset Match
9977,Application or administration of an adhesion barrier substance,None,1865.31,Specialty Average (General Medicine)
0W9D3ZZ,"Drainage of Pericardial Cavity, Percutaneous Approach",Pericardiocentesis,12100.0,PMJAY Dataset Match
0W993ZX,"Drainage of Right Pleural Cavity, Percutaneous Approach, Diagnostic",None,26297.38,Global PMJAY Average
02WA3MZ,"Revision of Cardiac Lead in Heart, Percutaneous Approach",None,27506.15,Specialty Average (Cardiology)
0B9G8ZX,"Drainage of Left Upper Lung Lobe, Via Natural or Artificial Opening Endoscopic, Diagnostic",Rigid bronchoscopy - Diagnostic + / - biopsy,7000.0,PMJAY Dataset Match
0KN90ZZ,"Release Right Lower Arm and Wrist Muscle, Open Approach",Tendon Release / Tenotomy,5000.0,PMJAY Dataset Match
0JH60XZ,"Insertion of Tunneled Vascular Access Device into Chest Subcutaneous Tissue and Fascia, Open Approach",Chemo Port Insertion,18000.0,PMJAY Dataset Match
0D20XUZ,"Change Feeding Device in Upper Intestinal Tract, External Approach",None,26297.38,Global PMJAY Average
0BC78ZZ,"Extirpation of Matter from Left Main Bronchus, Via Natural or Artificial Opening Endoscopic",None,26297.38,Global PMJAY Average
04UK0KZ,"Supplement Right Femoral Artery with Nonautologous Tissue Substitute, Open Approach",Vascular reconstruction,57600.0,PMJAY Dataset Match
4593,Other small-to-large intestinal anastomosis,None,1865.31,Specialty Average (General Medicine)
3424,Other pleural biopsy,Diagnostic thoracoscopy,15000.0,PMJAY Dataset Match
0CDXXZ0,"Extraction of Lower Tooth, Single, External Approach",Extraction of impacted tooth under LA,500.0,PMJAY Dataset Match
0151,Excision of lesion or tissue of cerebral meninges,None,35731.71,Specialty Average (Neurosurgery)
7939,"Open reduction of fracture with internal fixation, other specified bone",Open Reduction Internal Fixation,14900.0,PMJAY Dataset Match
7975,Closed reduction of dislocation of hip,None,17509.09,Specialty Average (Orthopedics)
0BDC8ZX,"Extraction of Right Upper Lung Lobe, Via Natural or Artificial Opening Endoscopic, Diagnostic",None,26297.38,Global PMJAY Average
0W380ZZ,"Control Bleeding in Chest Wall, Open Approach",None,17613.82,Specialty Average (General Surgery)
0W9J3ZX,"Drainage of Pelvic Cavity, Percutaneous Approach, Diagnostic",None,88933.33,Specialty Average (Interventional Neuroradiology)
3E05317,"Introduction of Other Thrombolytic into Peripheral Artery, Percutaneous Approach",None,17613.82,Specialty Average (General Surgery)
3E0G8GC,"Introduction of Other Therapeutic Substance into Upper GI, Via Natural or Artificial Opening Endoscopic",None,26297.38,Global PMJAY Average
8969,Monitoring of coronary blood flow,None,27506.15,Specialty Average (Cardiology)
4A03353,"Measurement of Arterial Flow, Pulmonary, Percutaneous Approach",None,27506.15,Specialty Average (Cardiology)
0080,"Revision of knee replacement, total (all components)",Revision - Total Knee Replacement,130000.0,PMJAY Dataset Match
B2141ZZ,Fluoroscopy of Right Heart using Low Osmolar Contrast,Right Heart Catheterization,5000.0,PMJAY Dataset Match
0DBK8ZX,"Excision of Ascending Colon, Via Natural or Artificial Opening Endoscopic, Diagnostic",None,26297.38,Global PMJAY Average
8769,Other digestive tract x-ray,None,88933.33,Specialty Average (Interventional Neuroradiology)
7916,"Closed reduction of fracture with internal fixation, tibia and fibula",Closed Reduction & Fixation,18000.0,PMJAY Dataset Match
0DBM8ZZ,"Excision of Descending Colon, Via Natural or Artificial Opening Endoscopic",Polypectomy,1500.0,PMJAY Dataset Match
8721,Contrast myelogram,"High end radiological diagnostic (CT, MRI, Imaging including nuclear imaging)",5000.0,PMJAY Dataset Match
8601,Aspiration of skin and subcutaneous tissue,Aspiration,15000.0,PMJAY Dataset Match
05JY3ZZ,"Inspection of Upper Vein, Percutaneous Approach",None,17613.82,Specialty Average (General Surgery)
B216YZZ,Fluoroscopy of Right and Left Heart using Other Contrast,None,27506.15,Specialty Average (Cardiology)
7867,"Removal of implanted devices from bone, tibia and fibula",None,17509.09,Specialty Average (Orthopedics)
6909,Other dilation and curettage,D&C (Dilatation&curretage),3000.0,PMJAY Dataset Match
5184,Endoscopic dilation of ampulla and biliary duct,Endobiliary,3500.0,PMJAY Dataset Match
4719,Other incidental appendectomy,None,1865.31,Specialty Average (General Medicine)
3959,Other repair of vessel,Vascular reconstruction,57600.0,PMJAY Dataset Match
3867,"Other excision of vessels, abdominal veins",None,17613.82,Specialty Average (General Surgery)
B218YZZ,Fluoroscopy of Left Internal Mammary Bypass Graft using Other Contrast,None,27506.15,Specialty Average (Cardiology)
0F9430Z,"Drainage of Gallbladder with Drainage Device, Percutaneous Approach",None,1865.31,Specialty Average (General Medicine)
B31SYZZ,Fluoroscopy of Right Pulmonary Artery using Other Contrast,Right Heart Catheterization,5000.0,PMJAY Dataset Match
8016,"Other arthrotomy, knee",Arthorotomy of any joint,14000.0,PMJAY Dataset Match
0070,"Revision of hip replacement, both acetabular and femoral components",None,17509.09,Specialty Average (Orthopedics)
0FT44ZZ,"Resection of Gallbladder, Percutaneous Endoscopic Approach",Without Exploration of CBD - Lap.,22800.0,PMJAY Dataset Match
0212,Other repair of cerebral meninges,Duroplasty with Exogenous graft,12500.0,PMJAY Dataset Match
0GTP0ZZ,"Resection of Left Inferior Parathyroid Gland, Open Approach",Excision of Parathyroid Adenoma,20400.0,PMJAY Dataset Match
0H9EXZZ,"Drainage of Left Lower Arm Skin, External Approach",Abscess Tapping,20000.0,PMJAY Dataset Match
0H9KXZZ,"Drainage of Right Lower Leg Skin, External Approach",None,1865.31,Specialty Average (General Medicine)
0053,Implantation or replacement of cardiac resynchronization pacemaker pulse generator only [CRT-P],Permanent Pacemaker Implantation - Double Chamber,33000.0,PMJAY Dataset Match
0J9J0ZZ,"Drainage of Right Hand Subcutaneous Tissue and Fascia, Open Approach",None,17509.09,Specialty Average (Orthopedics)
0064,Percutaneous insertion of other extracranial artery stent(s),None,17613.82,Specialty Average (General Surgery)
2611,Closed [needle] biopsy of salivary gland or duct,None,26297.38,Global PMJAY Average
0762,"Partial excision of pituitary gland, transsphenoidal approach",None,35731.71,Specialty Average (Neurosurgery)
544,Excision or destruction of peritoneal tissue,Omentectomy,21000.0,PMJAY Dataset Match
047N3ZZ,"Dilation of Left Popliteal Artery, Percutaneous Approach",Peripheral Angioplasty,34500.0,PMJAY Dataset Match
B41DYZZ,Fluoroscopy of Aorta and Bilateral Lower Extremity Arteries using Other Contrast,None,17613.82,Specialty Average (General Surgery)
0JH604Z,"Insertion of Pacemaker, Single Chamber into Chest Subcutaneous Tissue and Fascia, Open Approach",Permanent Pacemaker Implantation - Single Chamber,24500.0,PMJAY Dataset Match
3729,Other diagnostic procedures on heart and pericardium,None,27506.15,Specialty Average (Cardiology)
B31DYZZ,Fluoroscopy of Right Vertebral Artery using Other Contrast,None,88933.33,Specialty Average (Interventional Neuroradiology)
570,Transurethral clearance of bladder,None,20001.42,Specialty Average (Urology)
1733,Laparoscopic right hemicolectomy,Right - Lap.,25000.0,PMJAY Dataset Match
9656,Other lavage of bronchus and trachea,None,26297.38,Global PMJAY Average
B215YZZ,Fluoroscopy of Left Heart using Other Contrast,Left Heart Catheterization,5000.0,PMJAY Dataset Match
9756,Removal of pancreatic tube or drain,None,1865.31,Specialty Average (General Medicine)
9759,Removal of other device from digestive system,Foreign Body Removal with scope,20000.0,PMJAY Dataset Match
02570ZK,"Destruction of Left Atrial Appendage, Open Approach",None,17613.82,Specialty Average (General Surgery)
2102,Control of epistaxis by posterior (and anterior) packing,Epistaxis treatment - packing,1800.0,PMJAY Dataset Match
4B02XSZ,"Measurement of Cardiac Pacemaker, External Approach",None,27506.15,Specialty Average (Cardiology)
0JWT0PZ,"Revision of Cardiac Rhythm Related Device in Trunk Subcutaneous Tissue and Fascia, Open Approach",None,27506.15,Specialty Average (Cardiology)
02UN0JZ,"Supplement Pericardium with Synthetic Substitute, Open Approach",None,17613.82,Specialty Average (General Surgery)
04PY0DZ,"Removal of Intraluminal Device from Lower Artery, Open Approach",None,17613.82,Specialty Average (General Surgery)
04QL0ZZ,"Repair Left Femoral Artery, Open Approach",Peripheral arterial injury repair (without bypass),30000.0,PMJAY Dataset Match
4A02X4Z,"Measurement of Cardiac Electrical Activity, External Approach",None,27506.15,Specialty Average (Cardiology)
3228,Endoscopic excision or destruction of lesion or tissue of lung,Central airway tumour debulking,22800.0,PMJAY Dataset Match
0QB30ZZ,"Excision of Left Pelvic Bone, Open Approach",Hemipelvectomy - Internal,54000.0,PMJAY Dataset Match
3E0336Z,"Introduction of Nutritional Substance into Peripheral Vein, Percutaneous Approach",None,1865.31,Specialty Average (General Medicine)
0QBN0ZZ,"Excision of Right Metatarsal, Open Approach",Small bone,9500.0,PMJAY Dataset Match
0QBP0ZZ,"Excision of Left Metatarsal, Open Approach",None,17509.09,Specialty Average (Orthopedics)
0QS704Z,"Reposition Left Upper Femur with Internal Fixation Device, Open Approach",Open Reduction Internal Fixation,14900.0,PMJAY Dataset Match
03CL3Z7,"Extirpation of Matter from Left Internal Carotid Artery using Stent Retriever, Percutaneous Approach",Intracranial thrombolysis / clot retrieval,160000.0,PMJAY Dataset Match
30233N1,"Transfusion of Nonautologous Red Blood Cells into Peripheral Vein, Percutaneous Approach",None,26297.38,Global PMJAY Average
0WQF0ZZ,"Repair Abdominal Wall, Open Approach",Closure of Burst Abdomen,15000.0,PMJAY Dataset Match
0QSJ04Z,"Reposition Right Fibula with Internal Fixation Device, Open Approach",Open Reduction Internal Fixation,14900.0,PMJAY Dataset Match
0R9M3ZX,"Drainage of Left Elbow Joint, Percutaneous Approach, Diagnostic",Aspiration,15000.0,PMJAY Dataset Match
05HM33Z,"Insertion of Infusion Device into Right Internal Jugular Vein, Percutaneous Approach",Chemo Port Insertion,18000.0,PMJAY Dataset Match
8076,"Synovectomy, knee",None,17509.09,Specialty Average (Orthopedics)
3230,Thoracoscopic segmental resection of lung,Thoracoscopic Segmental Resection,25000.0,PMJAY Dataset Match
560,Transurethral removal of obstruction from ureter and renal pelvis,None,20001.42,Specialty Average (Urology)
0PB00ZX,"Excision of Sternum, Open Approach, Diagnostic",None,17613.82,Specialty Average (General Surgery)
06QM0ZZ,"Repair Right Femoral Vein, Open Approach",Vascular reconstruction,57600.0,PMJAY Dataset Match
02WA0MZ,"Revision of Cardiac Lead in Heart, Open Approach",None,27506.15,Specialty Average (Cardiology)
02VW3DZ,"Restriction of Thoracic Aorta, Descending with Intraluminal Device, Percutaneous Approach",Aortic Aneurysm,150000.0,PMJAY Dataset Match
3327,Closed endoscopic biopsy of lung,Rigid bronchoscopy - Diagnostic + / - biopsy,7000.0,PMJAY Dataset Match
093K7ZZ,"Control Bleeding in Nasal Mucosa and Soft Tissue, Via Natural or Artificial Opening",Epistaxis treatment - packing,1800.0,PMJAY Dataset Match
0JC60ZZ,"Extirpation of Matter from Chest Subcutaneous Tissue and Fascia, Open Approach",Foreign Body Removal,5000.0,PMJAY Dataset Match
0JB70ZZ,"Excision of Back Subcutaneous Tissue and Fascia, Open Approach",Excision,9200.0,PMJAY Dataset Match
0JB60ZZ,"Excision of Chest Subcutaneous Tissue and Fascia, Open Approach",Chest Wall Tumour Excision,36000.0,PMJAY Dataset Match
02RG38Z,"Replacement of Mitral Valve with Zooplastic Tissue, Percutaneous Approach",Mitral Valve,119000.0,PMJAY Dataset Match
0GTM0ZZ,"Resection of Left Superior Parathyroid Gland, Open Approach",None,1865.31,Specialty Average (General Medicine)
0SPB0JZ,"Removal of Synthetic Substitute from Left Hip Joint, Open Approach",Excision Arthoplasty of Femur head,17500.0,PMJAY Dataset Match
02RG0JZ,"Replacement of Mitral Valve with Synthetic Substitute, Open Approach",Mitral Valve,119000.0,PMJAY Dataset Match
0DBN8ZX,"Excision of Sigmoid Colon, Via Natural or Artificial Opening Endoscopic, Diagnostic",None,1865.31,Specialty Average (General Medicine)
8104,"Dorsal and dorsolumbar fusion of the anterior column, anterior technique",Spine - Decompression & Fusion,40000.0,PMJAY Dataset Match
0SRB0EZ,"Replacement of Left Hip Joint with Articulating Spacer, Open Approach",Revision - Total Hip Replacement,140000.0,PMJAY Dataset Match
0DHA3UZ,"Insertion of Feeding Device into Jejunum, Percutaneous Approach",Feeding Jejunostomy,10000.0,PMJAY Dataset Match
8111,Ankle fusion,Ankle / Triple with implant,15000.0,PMJAY Dataset Match
0SRS0JA,"Replacement of Left Hip Joint, Femoral Surface with Synthetic Substitute, Uncemented, Open Approach",Unipolar,15000.0,PMJAY Dataset Match
0CDXXZ1,"Extraction of Lower Tooth, Multiple, External Approach",Extraction of impacted tooth under LA,500.0,PMJAY Dataset Match
0CDWXZ0,"Extraction of Upper Tooth, Single, External Approach",Extraction of impacted tooth under LA,500.0,PMJAY Dataset Match
0B9M7ZX,"Drainage of Bilateral Lungs, Via Natural or Artificial Opening, Diagnostic",None,26297.38,Global PMJAY Average
02QG0ZZ,"Repair Mitral Valve, Open Approach",Mitral Valve,119000.0,PMJAY Dataset Match
0B9J8ZX,"Drainage of Left Lower Lung Lobe, Via Natural or Artificial Opening Endoscopic, Diagnostic",Rigid bronchoscopy - Diagnostic + / - biopsy,7000.0,PMJAY Dataset Match
3597,Percutaneous mitral valve repair with implant,None,27506.15,Specialty Average (Cardiology)
0TB13ZX,"Excision of Left Kidney, Percutaneous Approach, Diagnostic",None,20001.42,Specialty Average (Urology)
3E0102A,"Introduction of Anti-Infective Envelope into Subcutaneous Tissue, Open Approach",None,27506.15,Specialty Average (Cardiology)
0TP98DZ,"Removal of Intraluminal Device from Ureter, Via Natural or Artificial Opening Endoscopic",None,20001.42,Specialty Average (Urology)
05763ZZ,"Dilation of Left Subclavian Vein, Percutaneous Approach",None,17613.82,Specialty Average (General Surgery)
6841,Laparoscopic total abdominal hysterectomy,Laparoscopic hysterectomy (TLH),20000.0,PMJAY Dataset Match
06H03DZ,"Insertion of Intraluminal Device into Inferior Vena Cava, Percutaneous Approach",None,17613.82,Specialty Average (General Surgery)
04L23DZ,"Occlusion of Gastric Artery with Intraluminal Device, Percutaneous Approach",None,88933.33,Specialty Average (Interventional Neuroradiology)
047R3ZZ,"Dilation of Right Posterior Tibial Artery, Percutaneous Approach",Peripheral Angioplasty,34500.0,PMJAY Dataset Match
047Q3ZZ,"Dilation of Left Anterior Tibial Artery, Percutaneous Approach",Peripheral Angioplasty,34500.0,PMJAY Dataset Match
3724,Biopsy of pericardium,None,17613.82,Specialty Average (General Surgery)
5795,Replacement of indwelling urinary catheter,None,20001.42,Specialty Average (Urology)
B241ZZ3,"Ultrasonography of Multiple Coronary Arteries, Intravascular",None,27506.15,Specialty Average (Cardiology)
0W9B3ZZ,"Drainage of Left Pleural Cavity, Percutaneous Approach",Intercostal drainage Only,4800.0,PMJAY Dataset Match
0W9D0ZZ,"Drainage of Pericardial Cavity, Open Approach",Pericardial window (via thoracotomy),30000.0,PMJAY Dataset Match
0W9D30Z,"Drainage of Pericardial Cavity with Drainage Device, Percutaneous Approach",Pericardiocentesis,12100.0,PMJAY Dataset Match
02Q50ZZ,"Repair Atrial Septum, Open Approach",Isolated Secundum Atrial Septal Defect (ASD) Repair,100000.0,PMJAY Dataset Match
9659,Other irrigation of wound,None,1865.31,Specialty Average (General Medicine)
02PA0MZ,"Removal of Cardiac Lead from Heart, Open Approach",None,17613.82,Specialty Average (General Surgery)
0W9J30Z,"Drainage of Pelvic Cavity with Drainage Device, Percutaneous Approach",None,1865.31,Specialty Average (General Medicine)
0WJG0ZZ,"Inspection of Peritoneal Cavity, Open Approach",Exploratory Laparotomy,10000.0,PMJAY Dataset Match
02L70ZK,"Occlusion of Left Atrial Appendage, Open Approach",None,17613.82,Specialty Average (General Surgery)
0WUF0JZ,"Supplement Abdominal Wall with Synthetic Substitute, Open Approach",Repair of Incisional Hernia,20000.0,PMJAY Dataset Match
02JA3ZZ,"Inspection of Heart, Percutaneous Approach",None,27506.15,Specialty Average (Cardiology)
02HA3RJ,"Insertion of Short-term External Heart Assist System into Heart, Intraoperative, Percutaneous Approach",Low Cardiac Output syndrome requiring IABP insertion post - operatively,50000.0,PMJAY Dataset Match
02WAXRZ,"Revision of Short-term External Heart Assist System in Heart, External Approach",None,17613.82,Specialty Average (General Surgery)
0Y6P0Z0,"Detachment at Right 1st Toe, Complete, Open Approach",Toe(s),10400.0,PMJAY Dataset Match
8349,Other excision of soft tissue,Benign Soft Tissue Tumour - Excision,12000.0,PMJAY Dataset Match
027035Z,"Dilation of Coronary Artery, One Artery with Two Drug-eluting Intraluminal Devices, Percutaneous Approach","PTCA, inclusive of diagnostic angiogram",40600.0,PMJAY Dataset Match
02110Z8,"Bypass Coronary Artery, Two Arteries from Right Internal Mammary, Open Approach","Coronary artery bypass grafting (CABG), including intra operative balloon pump (if required)",118100.0,PMJAY Dataset Match
02HL0MZ,"Insertion of Cardiac Lead into Left Ventricle, Open Approach",None,17613.82,Specialty Average (General Surgery)
06HN33Z,"Insertion of Infusion Device into Left Femoral Vein, Percutaneous Approach",Chemo Port Insertion,18000.0,PMJAY Dataset Match
3816,"Endarterectomy, abdominal arteries",Thromboendarterectomy,141000.0,PMJAY Dataset Match
9921,Injection of antibiotic,None,26297.38,Global PMJAY Average
3925,Aorta-iliac-femoral bypass,Aorto femoral bypass - U/L,64500.0,PMJAY Dataset Match
9702,Replacement of gastrostomy tube,None,26297.38,Global PMJAY Average
3951,Clipping of aneurysm,Aneurysm Clipping including angiogram,50000.0,PMJAY Dataset Match
09JK8ZZ,"Inspection of Nasal Mucosa and Soft Tissue, Via Natural or Artificial Opening Endoscopic",Endocopic as an independent procedure,5000.0,PMJAY Dataset Match
0W3C0ZZ,"Control Bleeding in Mediastinum, Open Approach",Excessive bleeding requiring re-exploration,10000.0,PMJAY Dataset Match
8877,Diagnostic ultrasound of peripheral vascular system,None,88933.33,Specialty Average (Interventional Neuroradiology)
5371,"Laparoscopic repair of diaphragmatic hernia, abdominal approach",None,1865.31,Specialty Average (General Medicine)
0W9C0ZZ,"Drainage of Mediastinum, Open Approach",None,17613.82,Specialty Average (General Surgery)
5362,Laparoscopic incisional hernia repair with graft or prosthesis,None,1865.31,Specialty Average (General Medicine)
5341,Other and open repair of umbilical hernia with graft or prosthesis,Umbilical,17400.0,PMJAY Dataset Match
3975,Endovascular embolization or occlusion of vessel(s) of head or neck using bare coils,Coil embolization for aneurysms (includes cost of first 3 coils + balloon and / or stent if used),100000.0,PMJAY Dataset Match
3978,Endovascular implantation of branching or fenestrated graft(s) in aorta,Aortic Aneurysm,150000.0,PMJAY Dataset Match
B2181ZZ,Fluoroscopy of Left Internal Mammary Bypass Graft using Low Osmolar Contrast,None,27506.15,Specialty Average (Cardiology)
5A09357,"Assistance with Respiratory Ventilation, Less than 24 Consecutive Hours, Continuous Positive Airway Pressure",None,26297.38,Global PMJAY Average
4041,"Radical neck dissection, unilateral",Radical Neck Dissection,15000.0,PMJAY Dataset Match
B24CZZ4,"Ultrasonography of Pericardium, Transesophageal",None,27506.15,Specialty Average (Cardiology)
5462,Delayed closure of granulating abdominal wound,Closure of Burst Abdomen,15000.0,PMJAY Dataset Match
4051,Radical excision of axillary lymph nodes,Axillary dissection,19800.0,PMJAY Dataset Match
8574,"Deep inferior epigastric artery perforator (DIEP) flap, free",Microvascular reconstruction (free flaps),45000.0,PMJAY Dataset Match
8844,Arteriography of other intrathoracic vessels,None,88933.33,Specialty Average (Interventional Neuroradiology)
8395,Aspiration of other soft tissue,Aspiration,15000.0,PMJAY Dataset Match
5121,Other partial cholecystectomy,Without Exploration of CBD - Open,22800.0,PMJAY Dataset Match
4104,Autologous hematopoietic stem cell transplant without purging,None,26297.38,Global PMJAY Average
5103,Other cholecystostomy,None,1865.31,Specialty Average (General Medicine)
4233,Endoscopic excision or destruction of lesion or tissue of esophagus,None,26297.38,Global PMJAY Average
3E1F88Z,"Irrigation of Respiratory Tract using Irrigating Substance, Via Natural or Artificial Opening Endoscopic",None,26297.38,Global PMJAY Average
5022,Partial hepatectomy,Segmentectomy - hepatobiliary system,50000.0,PMJAY Dataset Match
027135Z,"Dilation of Coronary Artery, Two Arteries with Two Drug-eluting Intraluminal Devices, Percutaneous Approach","PTCA, inclusive of diagnostic angiogram",40600.0,PMJAY Dataset Match
9902,Transfusion of previously collected autologous blood,None,26297.38,Global PMJAY Average
391,Intra-abdominal venous shunt,Mesenteric Caval Anastomosis,28500.0,PMJAY Dataset Match
B41GYZZ,Fluoroscopy of Left Lower Extremity Arteries using Other Contrast,None,17613.82,Specialty Average (General Surgery)
0B968ZX,"Drainage of Right Lower Lobe Bronchus, Via Natural or Artificial Opening Endoscopic, Diagnostic",Rigid bronchoscopy - Diagnostic + / - biopsy,7000.0,PMJAY Dataset Match
7861,"Removal of implanted devices from bone, scapula, clavicle, and thorax [ribs and sternum]",None,17509.09,Specialty Average (Orthopedics)
7818,"Application of external fixator device, tarsals and metatarsals",Corrective Surgery in Club Foot / JESS Fixator,20000.0,PMJAY Dataset Match
7817,"Application of external fixator device, tibia and fibula",Ilizarov Fixation,15000.0,PMJAY Dataset Match
7798,"Total ostectomy, tarsals and metatarsals",None,17509.09,Specialty Average (Orthopedics)
025M3ZZ,"Destruction of Ventricular Septum, Percutaneous Approach",None,27506.15,Specialty Average (Cardiology)
344,Excision or destruction of lesion of chest wall,Chest Wall Tumour Excision,36000.0,PMJAY Dataset Match
4342,Local excision of other lesion or tissue of stomach,Wedge Excision,19000.0,PMJAY Dataset Match
7770,"Excision of bone for graft, unspecified site",None,17509.09,Specialty Average (Orthopedics)
633,Excision of other lesion or tissue of spermatic cord and epididymis,Epididymal Nodule excision,4600.0,PMJAY Dataset Match
0B9C7ZX,"Drainage of Right Upper Lung Lobe, Via Natural or Artificial Opening, Diagnostic",None,26297.38,Global PMJAY Average
7309,Other artificial rupture of membranes,Induction,96000.0,PMJAY Dataset Match
843,Revision of amputation stump,None,17509.09,Specialty Average (Orthopedics)
8724,Other x-ray of lumbosacral spine,None,88933.33,Specialty Average (Interventional Neuroradiology)
0012,Administration of inhaled nitric oxide,"Critical Care Neonatal Package: Babies with birthweight of <1200 g or Babies of any birthweight with at least one of the following conditions: • Severe Respiratory Failure requiring High Frequency Ventilation or inhaled Nitric Oxide (iNO) • Multisystem failure requiring multiple organ support including mechanical ventilation and multiple inotropes • Critical congenital heart disease Mother's stay and food in the hospital for breastfeeding, family centred care and (Kangaroo Mother Care) KMC is mandatory and included in the package rate",7000.0,PMJAY Dataset Match
8741,Computerized axial tomography of thorax,"High end radiological diagnostic (CT, MRI, Imaging including nuclear imaging)",5000.0,PMJAY Dataset Match
4431,High gastric bypass,Gastrojejunostomy,18500.0,PMJAY Dataset Match
4921,Anoscopy,None,26297.38,Global PMJAY Average
4439,Other gastroenterostomy without gastrectomy,Gastrojejunostomy,18500.0,PMJAY Dataset Match
4A0239Z,"Measurement of Cardiac Output, Percutaneous Approach",Right Heart Catheterization,5000.0,PMJAY Dataset Match
8950,Ambulatory cardiac monitoring,None,27506.15,Specialty Average (Cardiology)
5293,Endoscopic insertion of stent (tube) into pancreatic duct,None,26297.38,Global PMJAY Average
0074,"Hip bearing surface, metal-on-polyethylene",None,17509.09,Specialty Average (Orthopedics)
5137,Anastomosis of hepatic duct to gastrointestinal tract,None,1865.31,Specialty Average (General Medicine)
0B9B8ZX,"Drainage of Left Lower Lobe Bronchus, Via Natural or Artificial Opening Endoscopic, Diagnostic",Rigid bronchoscopy - Diagnostic + / - biopsy,7000.0,PMJAY Dataset Match
01NB0ZZ,"Release Lumbar Nerve, Open Approach",Nerve Decompression,16000.0,PMJAY Dataset Match
3391,Bronchial dilation,None,26297.38,Global PMJAY Average
4468,Laparoscopic gastroplasty,None,1865.31,Specialty Average (General Medicine)
0139,Other incision of brain,None,35731.71,Specialty Average (Neurosurgery)
4641,Revision of stoma of small intestine,None,1865.31,Specialty Average (General Medicine)
2W0MX4Z,Change Bandage on Left Lower Extremity,Anti-biotic + dressing - minimum of 2 sessions,3000.0,PMJAY Dataset Match
0481,Injection of anesthetic into peripheral nerve for analgesia,None,26297.38,Global PMJAY Average
4621,Temporary ileostomy,Ileostomy,14000.0,PMJAY Dataset Match
4530,Endoscopic excision or destruction of lesion of duodenum,Polypectomy,1500.0,PMJAY Dataset Match
4029,Simple excision of other lymphatic structure,Lymph Node,5000.0,PMJAY Dataset Match
4579,Other and unspecified partial excision of large intestine,None,1865.31,Specialty Average (General Medicine)
093K8ZZ,"Control Bleeding in Nasal Mucosa and Soft Tissue, Via Natural or Artificial Opening Endoscopic",Sphenopalatine artery ligation - Endoscopic,15000.0,PMJAY Dataset Match
9955,Prophylactic administration of vaccine against other diseases,None,1865.31,Specialty Average (General Medicine)
0BP1XFZ,"Removal of Tracheostomy Device from Trachea, External Approach",None,26297.38,Global PMJAY Average
3924,Aorta-renal bypass,None,17613.82,Specialty Average (General Surgery)
3886,"Other surgical occlusion of vessels, abdominal arteries",None,17613.82,Specialty Average (General Surgery)
3009,Other excision or destruction of lesion or tissue of larynx,Microlaryngeal surgery with or without laser,17000.0,PMJAY Dataset Match
4685,Dilation of intestine,None,26297.38,Global PMJAY Average
4681,Intra-abdominal manipulation of small intestine,None,1865.31,Specialty Average (General Medicine)
9782,Removal of peritoneal drainage device,None,1865.31,Specialty Average (General Medicine)
3348,Other repair and plastic operations on bronchus,Surgical Correction of Bronchopleural Fistula,65000.0,PMJAY Dataset Match
3796,Implantation of automatic cardioverter/defibrillator pulse generator only,None,27506.15,Specialty Average (Cardiology)
B213YZZ,Fluoroscopy of Multiple Coronary Artery Bypass Grafts using Other Contrast,None,27506.15,Specialty Average (Cardiology)
3773,Initial insertion of transvenous lead [electrode] into atrium,Permanent Pacemaker Implantation - Single Chamber,24500.0,PMJAY Dataset Match
04UL0KZ,"Supplement Left Femoral Artery with Nonautologous Tissue Substitute, Open Approach",Vascular reconstruction,57600.0,PMJAY Dataset Match
9802,Removal of intraluminal foreign body from esophagus without incision,Foreign Body Removal with scope,20000.0,PMJAY Dataset Match
03HY33Z,"Insertion of Infusion Device into Upper Artery, Percutaneous Approach",None,17613.82,Specialty Average (General Surgery)
3459,Other excision of pleura,Decortication (Pleurectomy),28000.0,PMJAY Dataset Match
3732,Excision of aneurysm of heart,None,17613.82,Specialty Average (General Surgery)
4611,Temporary colostomy,Colostomy,14000.0,PMJAY Dataset Match
4642,Repair of pericolostomy hernia,Repair of Incisional Hernia,20000.0,PMJAY Dataset Match
3378,Endoscopic removal of bronchial device(s) or substances,Foreign Body Removal with scope,20000.0,PMJAY Dataset Match
3806,"Incision of vessel, abdominal arteries",None,17613.82,Specialty Average (General Surgery)
3807,"Incision of vessel, abdominal veins",None,17613.82,Specialty Average (General Surgery)
3846,"Resection of vessel with replacement, abdominal arteries",None,17613.82,Specialty Average (General Surgery)
3882,"Other surgical occlusion of vessels, other vessels of head and neck",Parent vessel occlusion - Basic,30000.0,PMJAY Dataset Match
3883,"Other surgical occlusion of vessels, upper limb vessels",None,17613.82,Specialty Average (General Surgery)
2811,Biopsy of tonsils and adenoids,None,26297.38,Global PMJAY Average
2263,Ethmoidectomy,Functional Endoscopic Sinus (FESS),11000.0,PMJAY Dataset Match
3955,Reimplantation of aberrant renal vessel,None,20001.42,Specialty Average (Urology)
1756,Atherectomy of other non-coronary vessel(s),None,17613.82,Specialty Average (General Surgery)
0851,Canthotomy,None,7288.68,Specialty Average (Ophthalmology)
4571,Open and other multiple segmental resection of large intestine,None,1865.31,Specialty Average (General Medicine)
0693,Suture of thyroid gland,None,1865.31,Specialty Average (General Medicine)
0539,Other injection into sympathetic nerve or ganglion,None,26297.38,Global PMJAY Average
4252,Intrathoracic esophagogastrostomy,Gastric pull-up / Jejunal Graft,36000.0,PMJAY Dataset Match
4467,Laparoscopic procedures for creation of esophagogastric sphincteric competence,Fundoplication - Lap.,23500.0,PMJAY Dataset Match
4502,Other incision of small intestine,None,1865.31,Specialty Average (General Medicine)
4594,Large-to-large intestinal anastomosis,None,1865.31,Specialty Average (General Medicine)
4498,(Laparoscopic) adjustment of size of adjustable gastric restrictive device,None,1865.31,Specialty Average (General Medicine)
4613,Permanent colostomy,None,1865.31,Specialty Average (General Medicine)
0529,Other sympathectomy and ganglionectomy,Sympathectomy,15000.0,PMJAY Dataset Match
0479,Other neuroplasty,None,35731.71,Specialty Average (Neurosurgery)
4701,Laparoscopic appendectomy,None,1865.31,Specialty Average (General Medicine)
0126,Insertion of catheter(s) into cranial cavity or tissue,Ventriculoperitoneal Shunt Surgery (VP) or Omaya Reservoir or External Drainage for Hydrocephalus,5000.0,PMJAY Dataset Match
4852,Open abdominoperineal resection of the rectum,None,1865.31,Specialty Average (General Medicine)
4863,Other anterior resection of rectum,Anterior - Lap.,58800.0,PMJAY Dataset Match
0077,"Hip bearing surface, ceramic-on-polyethylene",None,17509.09,Specialty Average (Orthopedics)
4835,Local excision of rectal lesion or tissue,None,1865.31,Specialty Average (General Medicine)
5296,Anastomosis of pancreas,Distal Pancreatectomy with Pancreatico Jejunostomy,25000.0,PMJAY Dataset Match
5300,"Unilateral repair of inguinal hernia, not otherwise specified",Inguinal - Open,14200.0,PMJAY Dataset Match
5343,Other laparoscopic umbilical herniorrhaphy,Umbilical,17400.0,PMJAY Dataset Match
4893,Repair of perirectal fistula,Fecal Fistula Closure,25000.0,PMJAY Dataset Match
4945,Ligation of hemorrhoids,None,1865.31,Specialty Average (General Medicine)
0016,Pressurized treatment of venous bypass graft [conduit] with pharmaceutical substance,None,17613.82,Specialty Average (General Surgery)
5593,Replacement of nephrostomy tube,Nephrostomy (PCN) - Follow Up,1200.0,PMJAY Dataset Match
5631,Ureteroscopy,None,20001.42,Specialty Average (Urology)
5674,Ureteroneocystostomy,Distal ureterectomy with reimplantation,30000.0,PMJAY Dataset Match
0011,Infusion of drotrecogin alfa (activated),Severe sepsis,1800.0,PMJAY Dataset Match
5733,Closed [transurethral] biopsy of bladder,Post TURBT - Check Cystoscopy (Per sitting) with cold-cup biopsy,10000.0,PMJAY Dataset Match
6094,Control of (postoperative) hemorrhage of prostate,Emergency management of Hematuria,2000.0,PMJAY Dataset Match
6632,Other bilateral ligation and division of fallopian tubes,Laparoscopic tubal surgeries (for any indication including ectopic pregnancy),13900.0,PMJAY Dataset Match
6651,Removal of both fallopian tubes at same operative episode,Laparoscopic tubal surgeries (for any indication including ectopic pregnancy),13900.0,PMJAY Dataset Match
7109,Other incision of vulva and perineum,None,12640.26,Specialty Average (Obstetrics & Gynecology)
835,Bursectomy,Excision of Bursa,3000.0,PMJAY Dataset Match
7569,Repair of other current obstetric laceration,None,12640.26,Specialty Average (Obstetrics & Gynecology)
7735,"Other division of bone, femur",None,17509.09,Specialty Average (Orthopedics)
7745,"Biopsy of bone, femur",None,17509.09,Specialty Average (Orthopedics)
4946,Excision of hemorrhoids,None,1865.31,Specialty Average (General Medicine)
346,Scarification of pleura,Other simple lung procedure excluding lung resection,45000.0,PMJAY Dataset Match
290,Pharyngotomy,None,26297.38,Global PMJAY Average
252,Partial glossectomy,Hemiglossectomy,24000.0,PMJAY Dataset Match
043,Suture of cranial and peripheral nerves,None,35731.71,Specialty Average (Neurosurgery)
DW061ZZ,Beam Radiation of Pelvic Region using Photons 1 - 10 MeV,None,19357.41,Specialty Average (Medical Oncology)
DP051ZZ,Beam Radiation of Rib(s) using Photons 1 - 10 MeV,None,19357.41,Specialty Average (Medical Oncology)
BW20YZZ,Computerized Tomography (CT Scan) of Abdomen using Other Contrast,"High end radiological diagnostic (CT, MRI, Imaging including nuclear imaging)",5000.0,PMJAY Dataset Match
7919,"Closed reduction of fracture with internal fixation, other specified bone",Closed Reduction & Fixation,18000.0,PMJAY Dataset Match
8083,"Other local excision or destruction of lesion of joint, wrist",Arthorotomy of any joint,14000.0,PMJAY Dataset Match
8088,"Other local excision or destruction of lesion of joint, foot and toe",None,17509.09,Specialty Average (Orthopedics)
B31TYZZ,Fluoroscopy of Left Pulmonary Artery using Other Contrast,None,27506.15,Specialty Average (Cardiology)
B31GYZZ,Fluoroscopy of Bilateral Vertebral Arteries using Other Contrast,None,88933.33,Specialty Average (Interventional Neuroradiology)
8114,Midtarsal fusion,Ankle / Triple with implant,15000.0,PMJAY Dataset Match
B315YZZ,Fluoroscopy of Bilateral Common Carotid Arteries using Other Contrast,None,88933.33,Specialty Average (Interventional Neuroradiology)
5024,Percutaneous ablation of liver lesion or tissue,None,88933.33,Specialty Average (Interventional Neuroradiology)
5059,Other transplant of liver,None,17613.82,Specialty Average (General Surgery)
8257,Other hand tendon transposition,None,17509.09,Specialty Average (Orthopedics)
8364,Other suture of tendon,Tendon Repair,15000.0,PMJAY Dataset Match
5111,Endoscopic retrograde cholangiography [ERC],None,26297.38,Global PMJAY Average
5124,Laparoscopic partial cholecystectomy,Without Exploration of CBD - Lap.,22800.0,PMJAY Dataset Match
4103,Allogeneic bone marrow transplant without purging,None,26297.38,Global PMJAY Average
5162,Excision of ampulla of Vater (with reimplantation of common duct),None,1865.31,Specialty Average (General Medicine)
8521,Local excision of lesion of breast,Breast Lump Excision (Benign),6000.0,PMJAY Dataset Match
5183,Pancreatic sphincteroplasty,Sphinecterotomy,15000.0,PMJAY Dataset Match
8589,Other mammoplasty,None,17613.82,Specialty Average (General Surgery)
8684,Relaxation of scar or web contracture of skin,None,17613.82,Specialty Average (General Surgery)
8687,Fat graft of skin and subcutaneous tissue,None,17613.82,Specialty Average (General Surgery)
5198,Other percutaneous procedures on biliary tract,Endobiliary,3500.0,PMJAY Dataset Match
4042,"Radical neck dissection, bilateral",Radical Neck Dissection,15000.0,PMJAY Dataset Match
5211,Closed [aspiration] [needle] [percutaneous] biopsy of pancreas,None,26297.38,Global PMJAY Average
8779,Other x-ray of the urinary system,None,88933.33,Specialty Average (Interventional Neuroradiology)
5A09457,"Assistance with Respiratory Ventilation, 24-96 Consecutive Hours, Continuous Positive Airway Pressure",None,26297.38,Global PMJAY Average
5305,"Repair of inguinal hernia with graft or prosthesis, not otherwise specified",Inguinal - Open,14200.0,PMJAY Dataset Match
8827,"Skeletal x-ray of thigh, knee, and lower leg",None,88933.33,Specialty Average (Interventional Neuroradiology)
4023,Excision of axillary lymph node,Axillary Sampling / Sentinel Node Biopsy,16200.0,PMJAY Dataset Match
3987,Removal of carotid sinus stimulation lead(s) only,None,27506.15,Specialty Average (Cardiology)
5315,Other and open bilateral repair of indirect inguinal hernia with graft or prosthesis,None,1865.31,Specialty Average (General Medicine)
5317,"Bilateral inguinal hernia repair with graft or prosthesis, not otherwise specified",None,1865.31,Specialty Average (General Medicine)
3973,Endovascular implantation of graft in thoracic aorta,Aortic Aneurysm,150000.0,PMJAY Dataset Match
3972,Endovascular (total) embolization or occlusion of head and neck vessels,Parent vessel occlusion - Basic,30000.0,PMJAY Dataset Match
3971,Endovascular implantation of other graft in abdominal aorta,Aortic Aneurysm,150000.0,PMJAY Dataset Match
8866,Phlebography of femoral and other lower extremity veins using contrast material,None,88933.33,Specialty Average (Interventional Neuroradiology)
5369,Other and open repair of other hernia of anterior abdominal wall with graft or prosthesis,None,1865.31,Specialty Average (General Medicine)
5424,Closed [percutaneous] [needle] biopsy of intra-abdominal mass,None,88933.33,Specialty Average (Interventional Neuroradiology)
8894,Magnetic resonance imaging of musculoskeletal,"High end radiological diagnostic (CT, MRI, Imaging including nuclear imaging)",5000.0,PMJAY Dataset Match
5461,Reclosure of postoperative disruption of abdominal wall,Closure of Burst Abdomen,15000.0,PMJAY Dataset Match
3E0S33Z,"Introduction of Anti-inflammatory into Epidural Space, Percutaneous Approach",Nerve root block,3000.0,PMJAY Dataset Match
5493,Creation of cutaneoperitoneal fistula,None,1865.31,Specialty Average (General Medicine)
9218,Total body scan,"High end radiological diagnostic (CT, MRI, Imaging including nuclear imaging)",5000.0,PMJAY Dataset Match
9353,Application of other cast,None,17509.09,Specialty Average (Orthopedics)
9356,Application of pressure dressing,None,1865.31,Specialty Average (General Medicine)
3943,Removal of arteriovenous shunt for renal dialysis,None,17613.82,Specialty Average (General Surgery)
5504,Percutaneous nephrostomy with fragmentation,PCNL (Percutaneous Nephrolithotomy),35000.0,PMJAY Dataset Match
3E03317,"Introduction of Other Thrombolytic into Peripheral Vein, Percutaneous Approach",None,27506.15,Specialty Average (Cardiology)
3894,Venous cutdown,None,1865.31,Specialty Average (General Medicine)
9765,Removal of urethral stent,None,20001.42,Specialty Average (Urology)
9900,Perioperative autologous transfusion of whole blood or blood components,Whole Blood transfusion,2000.0,PMJAY Dataset Match
3848,"Resection of vessel with replacement, lower limb arteries",Femoral - popliteal Bypass,50000.0,PMJAY Dataset Match
3843,"Resection of vessel with replacement, upper limb vessels",None,17613.82,Specialty Average (General Surgery)
3E0330M,"Introduction of Antineoplastic, Monoclonal Antibody, into Peripheral Vein, Percutaneous Approach",Trastuzumab,21200.0,PMJAY Dataset Match
30233S1,"Transfusion of Nonautologous Globulin into Peripheral Vein, Percutaneous Approach",None,26297.38,Global PMJAY Average
0YUA0JZ,"Supplement Bilateral Inguinal Region with Synthetic Substitute, Open Approach",Inguinal - Open,14200.0,PMJAY Dataset Match
3804,"Incision of vessel, aorta",None,17613.82,Specialty Average (General Surgery)
0Y6Q0Z3,"Detachment at Left 1st Toe, Low, Open Approach",Toe(s),10400.0,PMJAY Dataset Match
0Y6P0Z3,"Detachment at Right 1st Toe, Low, Open Approach",Toe(s),10400.0,PMJAY Dataset Match
0Y6P0Z2,"Detachment at Right 1st Toe, Mid, Open Approach",Toe(s),10400.0,PMJAY Dataset Match
02F03ZZ,"Fragmentation in Coronary Artery, One Artery, Percutaneous Approach","PTCA, inclusive of diagnostic angiogram",40600.0,PMJAY Dataset Match
02H43JZ,"Insertion of Pacemaker Lead into Coronary Vein, Percutaneous Approach",None,27506.15,Specialty Average (Cardiology)
0Y6N0ZD,"Detachment at Left Foot, Partial 4th Ray, Open Approach",Toe(s),10400.0,PMJAY Dataset Match
3786,"Replacement of any type of pacemaker device with single-chamber device, rate responsive",Permanent Pacemaker Implantation - Single Chamber,24500.0,PMJAY Dataset Match
0Y6M0ZC,"Detachment at Right Foot, Partial 3rd Ray, Open Approach",None,17509.09,Specialty Average (Orthopedics)
3762,Insertion of temporary non-implantable extracorporeal circulatory assist device,None,27506.15,Specialty Average (Cardiology)
3731,Pericardiectomy,None,17613.82,Specialty Average (General Surgery)
0Y6H0Z2,"Detachment at Right Lower Leg, Mid, Open Approach",Below Knee,15000.0,PMJAY Dataset Match
02NN0ZZ,"Release Pericardium, Open Approach",None,17613.82,Specialty Average (General Surgery)
02PA0JZ,"Removal of Synthetic Substitute from Heart, Open Approach",None,17613.82,Specialty Average (General Surgery)
0WPC0JZ,"Removal of Synthetic Substitute from Mediastinum, Open Approach",None,17613.82,Specialty Average (General Surgery)
5641,Partial ureterectomy,Distal ureterectomy with reimplantation,30000.0,PMJAY Dataset Match
0W9G30Z,"Drainage of Peritoneal Cavity with Drainage Device, Percutaneous Approach",LVP,7600.0,PMJAY Dataset Match
02Q53ZZ,"Repair Atrial Septum, Percutaneous Approach",ASD Device Closure,36900.0,PMJAY Dataset Match
02U608Z,"Supplement Right Atrium with Zooplastic Tissue, Open Approach",None,17613.82,Specialty Average (General Surgery)
6497,Insertion or replacement of inflatable penile prosthesis,Penile prosthesis insertion,35000.0,PMJAY Dataset Match
037K3ZZ,"Dilation of Right Internal Carotid Artery, Percutaneous Approach",None,17613.82,Specialty Average (General Surgery)
03CB0ZZ,"Extirpation of Matter from Right Radial Artery, Open Approach",Thromboembolectomy,28000.0,PMJAY Dataset Match
03CK0ZZ,"Extirpation of Matter from Right Internal Carotid Artery, Open Approach",Carotid - endearterectomy,50000.0,PMJAY Dataset Match
03CK3ZZ,"Extirpation of Matter from Right Internal Carotid Artery, Percutaneous Approach",None,17613.82,Specialty Average (General Surgery)
047P3ZZ,"Dilation of Right Anterior Tibial Artery, Percutaneous Approach",None,17613.82,Specialty Average (General Surgery)
6829,Other excision or destruction of lesion of uterus,Hysteroscopic polypectomy,7200.0,PMJAY Dataset Match
0W383ZZ,"Control Bleeding in Chest Wall, Percutaneous Approach",None,1865.31,Specialty Average (General Medicine)
04CK0Z6,"Extirpation of Matter from Right Femoral Artery, Bifurcation, Open Approach",Thromboembolectomy,28000.0,PMJAY Dataset Match
04CL3ZZ,"Extirpation of Matter from Left Femoral Artery, Percutaneous Approach",Thromboembolectomy,28000.0,PMJAY Dataset Match
04CN0ZZ,"Extirpation of Matter from Left Popliteal Artery, Open Approach",Thromboembolectomy,28000.0,PMJAY Dataset Match
04CN3ZZ,"Extirpation of Matter from Left Popliteal Artery, Percutaneous Approach",Thromboembolectomy,28000.0,PMJAY Dataset Match
04H53DZ,"Insertion of Intraluminal Device into Superior Mesenteric Artery, Percutaneous Approach",None,17613.82,Specialty Average (General Surgery)
3720,Noninvasive programmed electrical stimulation [NIPS],None,27506.15,Specialty Average (Cardiology)
0W33XZZ,"Control Bleeding in Oral Cavity and Throat, External Approach",None,26297.38,Global PMJAY Average
04U00JZ,"Supplement Abdominal Aorta with Synthetic Substitute, Open Approach",Aortic Aneurysm,150000.0,PMJAY Dataset Match
0UT70ZZ,"Resection of Bilateral Fallopian Tubes, Open Approach",None,12640.26,Specialty Average (Obstetrics & Gynecology)
04V03FZ,"Restriction of Abdominal Aorta with Branched or Fenestrated Intraluminal Device, Three or More Arteries, Percutaneous Approach",Aortic Aneurysm,150000.0,PMJAY Dataset Match
0TQB4ZZ,"Repair Bladder, Percutaneous Endoscopic Approach",Bladder injury repair (with or without urethral injury),23000.0,PMJAY Dataset Match
05H533Z,"Insertion of Infusion Device into Right Subclavian Vein, Percutaneous Approach",Chemo Port Insertion,18000.0,PMJAY Dataset Match
05H733Z,"Insertion of Infusion Device into Right Axillary Vein, Percutaneous Approach",Chemo Port Insertion,18000.0,PMJAY Dataset Match
05Q30ZZ,"Repair Right Innominate Vein, Open Approach",None,17613.82,Specialty Average (General Surgery)
06BP0ZZ,"Excision of Right Saphenous Vein, Open Approach",None,17613.82,Specialty Average (General Surgery)
06L53DZ,"Occlusion of Superior Mesenteric Vein with Intraluminal Device, Percutaneous Approach",None,17613.82,Specialty Average (General Surgery)
06LY3ZZ,"Occlusion of Lower Vein, Percutaneous Approach",Management of Varicose Veins,14000.0,PMJAY Dataset Match
09CW8ZZ,"Extirpation of Matter from Right Sphenoid Sinus, Via Natural or Artificial Opening Endoscopic",Functional Endoscopic Sinus (FESS),11000.0,PMJAY Dataset Match
0TBB8ZZ,"Excision of Bladder, Via Natural or Artificial Opening Endoscopic",TURBT (Transurethral Resection of the Bladder Tumor),27500.0,PMJAY Dataset Match
0B548ZZ,"Destruction of Right Upper Lobe Bronchus, Via Natural or Artificial Opening Endoscopic",Central airway tumour debulking,22800.0,PMJAY Dataset Match
0B918ZZ,"Drainage of Trachea, Via Natural or Artificial Opening Endoscopic",None,26297.38,Global PMJAY Average
0TB03ZX,"Excision of Right Kidney, Percutaneous Approach, Diagnostic",None,20001.42,Specialty Average (Urology)
6952,Aspiration curettage following delivery or abortion,D&C (Dilatation&curretage),3000.0,PMJAY Dataset Match
0T778DZ,"Dilation of Left Ureter with Intraluminal Device, Via Natural or Artificial Opening Endoscopic","DJ stenting including cystoscopy, ureteric catheterization, retrograde pyelogram",9800.0,PMJAY Dataset Match
0BBC8ZX,"Excision of Right Upper Lung Lobe, Via Natural or Artificial Opening Endoscopic, Diagnostic",Rigid bronchoscopy - Diagnostic + / - biopsy,7000.0,PMJAY Dataset Match
0BBD4ZZ,"Excision of Right Middle Lung Lobe, Percutaneous Endoscopic Approach",Pulmonary Resection,70000.0,PMJAY Dataset Match
0BBG8ZX,"Excision of Left Upper Lung Lobe, Via Natural or Artificial Opening Endoscopic, Diagnostic",Rigid bronchoscopy - Diagnostic + / - biopsy,7000.0,PMJAY Dataset Match
0BBK4ZZ,"Excision of Right Lung, Percutaneous Endoscopic Approach",Thoracoscopic Segmental Resection,25000.0,PMJAY Dataset Match
3552,"Repair of atrial septal defect with prosthesis, closed technique",ASD Device Closure,36900.0,PMJAY Dataset Match
0BQT4ZZ,"Repair Diaphragm, Percutaneous Endoscopic Approach",Diaphragmatic Repair,30000.0,PMJAY Dataset Match
0CBM0ZZ,"Excision of Pharynx, Open Approach",Total Pharyngectomy,36000.0,PMJAY Dataset Match
0T767DZ,"Dilation of Right Ureter with Intraluminal Device, Via Natural or Artificial Opening","DJ stenting including cystoscopy, ureteric catheterization, retrograde pyelogram",9800.0,PMJAY Dataset Match
7279,Other vacuum extraction,None,12640.26,Specialty Average (Obstetrics & Gynecology)
0D160ZA,"Bypass Stomach to Jejunum, Open Approach",Gastrojejunostomy,18500.0,PMJAY Dataset Match
0D1L0Z4,"Bypass Transverse Colon to Cutaneous, Open Approach",Exploratory laparotomy f / b diversion stoma,30000.0,PMJAY Dataset Match
0DB28ZX,"Excision of Middle Esophagus, Via Natural or Artificial Opening Endoscopic, Diagnostic",Rigid oesophagoscopy - Diagnostic + / - biopsy,7000.0,PMJAY Dataset Match
0DB48ZX,"Excision of Esophagogastric Junction, Via Natural or Artificial Opening Endoscopic, Diagnostic",Rigid oesophagoscopy - Diagnostic + / - biopsy,7000.0,PMJAY Dataset Match
0SR902Z,"Replacement of Right Hip Joint with Metal on Polyethylene Synthetic Substitute, Open Approach",None,17509.09,Specialty Average (Orthopedics)
0DBH8ZX,"Excision of Cecum, Via Natural or Artificial Opening Endoscopic, Diagnostic",None,26297.38,Global PMJAY Average
0DBN4ZZ,"Excision of Sigmoid Colon, Percutaneous Endoscopic Approach",Sigmoid Resection,21500.0,PMJAY Dataset Match
0SPT0JZ,"Removal of Synthetic Substitute from Right Knee Joint, Femoral Surface, Open Approach",Revision - Total Knee Replacement,130000.0,PMJAY Dataset Match
0SPD0JZ,"Removal of Synthetic Substitute from Left Knee Joint, Open Approach",Revision - Total Knee Replacement,130000.0,PMJAY Dataset Match
0DW6XUZ,"Revision of Feeding Device in Stomach, External Approach",Operative Gastrostomy,15000.0,PMJAY Dataset Match
0F7D8DZ,"Dilation of Pancreatic Duct with Intraluminal Device, Via Natural or Artificial Opening Endoscopic",None,26297.38,Global PMJAY Average
0FY00Z0,"Transplantation of Liver, Allogeneic, Open Approach",None,1865.31,Specialty Average (General Medicine)
0GBJ0ZZ,"Excision of Thyroid Gland Isthmus, Open Approach",Hemi thyroidectomy,17000.0,PMJAY Dataset Match
0GTL0ZZ,"Resection of Right Superior Parathyroid Gland, Open Approach",Excision of Parathyroid Adenoma,20400.0,PMJAY Dataset Match
0SG1071,"Fusion of 2 or more Lumbar Vertebral Joints with Autologous Tissue Substitute, Posterior Approach, Posterior Column, Open Approach",Laminectomy with Fusion,40000.0,PMJAY Dataset Match
0SG0071,"Fusion of Lumbar Vertebral Joint with Autologous Tissue Substitute, Posterior Approach, Posterior Column, Open Approach",Spine - Decompression & Fusion,40000.0,PMJAY Dataset Match
0HRLX74,"Replacement of Left Lower Leg Skin with Autologous Tissue Substitute, Partial Thickness, External Approach",None,17613.82,Specialty Average (General Surgery)
0HRNXK3,"Replacement of Left Foot Skin with Nonautologous Tissue Substitute, Full Thickness, External Approach",None,17613.82,Specialty Average (General Surgery)
0HXMXZZ,"Transfer Right Foot Skin, External Approach",Skin Flaps - Rotation Flaps,11400.0,PMJAY Dataset Match
0SB40ZZ,"Excision of Lumbosacral Disc, Open Approach",Lumbar Discectomy,30000.0,PMJAY Dataset Match
0S9G3ZX,"Drainage of Left Ankle Joint, Percutaneous Approach, Diagnostic",None,17509.09,Specialty Average (Orthopedics)
0JBL0ZZ,"Excision of Right Upper Leg Subcutaneous Tissue and Fascia, Open Approach",Excision,9200.0,PMJAY Dataset Match
0JBP0ZZ,"Excision of Left Lower Leg Subcutaneous Tissue and Fascia, Open Approach",None,1865.31,Specialty Average (General Medicine)
7748,"Biopsy of bone, tarsals and metatarsals",None,17509.09,Specialty Average (Orthopedics)
0JDG0ZZ,"Extraction of Right Lower Arm Subcutaneous Tissue and Fascia, Open Approach",None,1865.31,Specialty Average (General Medicine)
0S9B3ZX,"Drainage of Left Hip Joint, Percutaneous Approach, Diagnostic",Aspiration,15000.0,PMJAY Dataset Match
0RRK0J6,"Replacement of Left Shoulder Joint with Synthetic Substitute, Humeral Surface, Open Approach",None,17509.09,Specialty Average (Orthopedics)
0JH63FZ,"Insertion of Subcutaneous Defibrillator Lead into Chest Subcutaneous Tissue and Fascia, Percutaneous Approach",None,27506.15,Specialty Average (Cardiology)
0RRK00Z,"Replacement of Left Shoulder Joint with Reverse Ball and Socket Synthetic Substitute, Open Approach",None,17509.09,Specialty Average (Orthopedics)
0JPTXXZ,"Removal of Tunneled Vascular Access Device from Trunk Subcutaneous Tissue and Fascia, External Approach",None,1865.31,Specialty Average (General Medicine)
0KBH0ZZ,"Excision of Right Thorax Muscle, Open Approach",Chest Wall Tumour Excision,36000.0,PMJAY Dataset Match
0KBV0ZZ,"Excision of Right Foot Muscle, Open Approach",None,17509.09,Specialty Average (Orthopedics)
0RRJ0J6,"Replacement of Right Shoulder Joint with Synthetic Substitute, Humeral Surface, Open Approach",None,17509.09,Specialty Average (Orthopedics)
0LBW0ZZ,"Excision of Left Foot Tendon, Open Approach",None,17509.09,Specialty Average (Orthopedics)
0LS30ZZ,"Reposition Right Upper Arm Tendon, Open Approach",Tendon Transfer,15000.0,PMJAY Dataset Match
0M943ZX,"Drainage of Left Elbow Bursa and Ligament, Percutaneous Approach, Diagnostic",Aspiration,15000.0,PMJAY Dataset Match
0RPL0JZ,"Removal of Synthetic Substitute from Right Elbow Joint, Open Approach",None,17509.09,Specialty Average (Orthopedics)
0PD00ZZ,"Extraction of Sternum, Open Approach",None,17509.09,Specialty Average (Orthopedics)
0QBR0ZZ,"Excision of Left Toe Phalanx, Open Approach",None,17509.09,Specialty Average (Orthopedics)
0QHG04Z,"Insertion of Internal Fixation Device into Right Tibia, Open Approach",Open Reduction Internal Fixation,14900.0,PMJAY Dataset Match
0QP004Z,"Removal of Internal Fixation Device from Lumbar Vertebra, Open Approach",None,17509.09,Specialty Average (Orthopedics)
0QP604Z,"Removal of Internal Fixation Device from Right Upper Femur, Open Approach",None,17509.09,Specialty Average (Orthopedics)
0QSG04Z,"Reposition Right Tibia with Internal Fixation Device, Open Approach",Open Reduction Internal Fixation,14900.0,PMJAY Dataset Match
0RG207J,"Fusion of 2 or more Cervical Vertebral Joints with Autologous Tissue Substitute, Posterior Approach, Anterior Column, Open Approach",Posterior Cervical Fusion with implant (Lateral mass fixation),50000.0,PMJAY Dataset Match
0RPK0JZ,"Removal of Synthetic Substitute from Left Shoulder Joint, Open Approach",None,17509.09,Specialty Average (Orthopedics)
0RT30ZZ,"Resection of Cervical Vertebral Disc, Open Approach",Posterior Cervical Discetomy without implant,30000.0,PMJAY Dataset Match
0SG10J1,"Fusion of 2 or more Lumbar Vertebral Joints with Synthetic Substitute, Posterior Approach, Posterior Column, Open Approach",Laminectomy with Fusion and fixation,40000.0,PMJAY Dataset Match
0SG30AJ,"Fusion of Lumbosacral Joint with Interbody Fusion Device, Posterior Approach, Anterior Column, Open Approach",Spine - Decompression & Fusion with fixation,40000.0,PMJAY Dataset Match
0SHB08Z,"Insertion of Spacer into Left Hip Joint, Open Approach",Revision - Total Hip Replacement,140000.0,PMJAY Dataset Match
0SJD3ZZ,"Inspection of Left Knee Joint, Percutaneous Approach",None,17509.09,Specialty Average (Orthopedics)
0SPC09Z,"Removal of Liner from Right Knee Joint, Open Approach",Revision - Total Knee Replacement,130000.0,PMJAY Dataset Match
0SRV0JZ,"Replacement of Right Knee Joint, Tibial Surface with Synthetic Substitute, Open Approach",Primary - Total Knee Replacement,80000.0,PMJAY Dataset Match
0T503ZZ,"Destruction of Right Kidney, Percutaneous Approach",None,20001.42,Specialty Average (Urology)
0T760DZ,"Dilation of Right Ureter with Intraluminal Device, Open Approach",None,20001.42,Specialty Average (Urology)
0T768DZ,"Dilation of Right Ureter with Intraluminal Device, Via Natural or Artificial Opening Endoscopic","DJ stenting including cystoscopy, ureteric catheterization, retrograde pyelogram",9800.0,PMJAY Dataset Match
0T9430Z,"Drainage of Left Kidney Pelvis with Drainage Device, Percutaneous Approach",Nephrostomy - Percutaneous ultrasound guided,14000.0,PMJAY Dataset Match
0TCB8ZZ,"Extirpation of Matter from Bladder, Via Natural or Artificial Opening Endoscopic","Cystolithotripsy endoscopic, including cystoscopy",18500.0,PMJAY Dataset Match
0RGA0J1,"Fusion of Thoracolumbar Vertebral Joint with Synthetic Substitute, Posterior Approach, Posterior Column, Open Approach",Spine - Decompression & Fusion with fixation,40000.0,PMJAY Dataset Match
0UT10ZZ,"Resection of Left Ovary, Open Approach",None,12640.26,Specialty Average (Obstetrics & Gynecology)
0VT04ZZ,"Resection of Prostate, Percutaneous Endoscopic Approach",Channel TURP,22800.0,PMJAY Dataset Match
0W3Q8ZZ,"Control Bleeding in Respiratory Tract, Via Natural or Artificial Opening Endoscopic",None,26297.38,Global PMJAY Average
0RG20K0,"Fusion of 2 or more Cervical Vertebral Joints with Nonautologous Tissue Substitute, Anterior Approach, Anterior Column, Open Approach",Spine - Decompression & Fusion,40000.0,PMJAY Dataset Match
0RG20AJ,"Fusion of 2 or more Cervical Vertebral Joints with Interbody Fusion Device, Posterior Approach, Anterior Column, Open Approach",None,17509.09,Specialty Average (Orthopedics)
0RG007J,"Fusion of Occipital-cervical Joint with Autologous Tissue Substitute, Posterior Approach, Anterior Column, Open Approach",Posterior Cervical Fusion with implant (Lateral mass fixation),50000.0,PMJAY Dataset Match
0QSC04Z,"Reposition Left Lower Femur with Internal Fixation Device, Open Approach",Fracture - Long Bones - Metaphyseal - ORIF,12700.0,PMJAY Dataset Match
0Y383ZZ,"Control Bleeding in Left Femoral Region, Percutaneous Approach",None,17613.82,Specialty Average (General Surgery)
0Y6T0Z0,"Detachment at Right 3rd Toe, Complete, Open Approach",Toe(s),10400.0,PMJAY Dataset Match
0QS806Z,"Reposition Right Femoral Shaft with Intramedullary Internal Fixation Device, Open Approach",None,17509.09,Specialty Average (Orthopedics)
0QS706Z,"Reposition Left Upper Femur with Intramedullary Internal Fixation Device, Open Approach",Open Reduction Internal Fixation,14900.0,PMJAY Dataset Match
0QBM0ZZ,"Excision of Left Tarsal, Open Approach",Small bone,9500.0,PMJAY Dataset Match
3E033PZ,"Introduction of Platelet Inhibitor into Peripheral Vein, Percutaneous Approach",None,27506.15,Specialty Average (Cardiology)
0QB00ZZ,"Excision of Lumbar Vertebra, Open Approach",Lumbar Corpectomy with fusion,60000.0,PMJAY Dataset Match
3E0F7SD,"Introduction of Nitric Oxide Gas into Respiratory Tract, Via Natural or Artificial Opening","Critical Care Neonatal Package: Babies with birthweight of <1200 g or Babies of any birthweight with at least one of the following conditions: • Severe Respiratory Failure requiring High Frequency Ventilation or inhaled Nitric Oxide (iNO) • Multisystem failure requiring multiple organ support including mechanical ventilation and multiple inotropes • Critical congenital heart disease Mother's stay and food in the hospital for breastfeeding, family centred care and (Kangaroo Mother Care) KMC is mandatory and included in the package rate",7000.0,PMJAY Dataset Match
0PC00ZZ,"Extirpation of Matter from Sternum, Open Approach",Foreign Body Removal,5000.0,PMJAY Dataset Match
3224,Percutaneous ablation of lung lesion or tissue,None,88933.33,Specialty Average (Interventional Neuroradiology)
0KXP0ZZ,"Transfer Left Hip Muscle, Open Approach",Tendon Transfer,15000.0,PMJAY Dataset Match
0KBW0ZZ,"Excision of Left Foot Muscle, Open Approach",None,17509.09,Specialty Average (Orthopedics)
7758,"Other excision, fusion and repair of toes",Other foot deformities,15000.0,PMJAY Dataset Match
2931,Cricopharyngeal myotomy,None,26297.38,Global PMJAY Average
2501,Closed [needle] biopsy of tongue,Biopsy,1200.0,PMJAY Dataset Match
2219,Other diagnostic procedures on nasal sinuses,None,26297.38,Global PMJAY Average
2109,Control of epistaxis by other means,Epistaxis treatment - packing,1800.0,PMJAY Dataset Match
0JJT0ZZ,"Inspection of Trunk Subcutaneous Tissue and Fascia, Open Approach",None,1865.31,Specialty Average (General Medicine)
2001,Myringotomy with insertion of tube,Tympanotomy,13000.0,PMJAY Dataset Match
B206YZZ,Plain Radiography of Right and Left Heart using Other Contrast,None,27506.15,Specialty Average (Cardiology)
B2110ZZ,Fluoroscopy of Multiple Coronary Arteries using High Osmolar Contrast,Left Heart Catheterization,5000.0,PMJAY Dataset Match
1736,Laparoscopic sigmoidectomy,None,1865.31,Specialty Average (General Medicine)
0JH639Z,"Insertion of Cardiac Resynchronization Defibrillator Pulse Generator into Chest Subcutaneous Tissue and Fascia, Percutaneous Approach",None,27506.15,Specialty Average (Cardiology)
0JH637Z,"Insertion of Cardiac Resynchronization Pacemaker Pulse Generator into Chest Subcutaneous Tissue and Fascia, Percutaneous Approach",Permanent Pacemaker Implantation - Double Chamber,33000.0,PMJAY Dataset Match
0JH632Z,"Insertion of Monitoring Device into Chest Subcutaneous Tissue and Fascia, Percutaneous Approach",None,27506.15,Specialty Average (Cardiology)
0JH60WZ,"Insertion of Totally Implantable Vascular Access Device into Chest Subcutaneous Tissue and Fascia, Open Approach",Chemo Port Insertion,18000.0,PMJAY Dataset Match
B245YZZ,Ultrasonography of Left Heart using Other Contrast,ICE,9700.0,PMJAY Dataset Match
7785,"Other partial ostectomy, femur",None,17509.09,Specialty Average (Orthopedics)
B3101ZZ,Fluoroscopy of Thoracic Aorta using Low Osmolar Contrast,"High end radiological diagnostic (CT, MRI, Imaging including nuclear imaging)",5000.0,PMJAY Dataset Match
B310YZZ,Fluoroscopy of Thoracic Aorta using Other Contrast,None,27506.15,Specialty Average (Cardiology)
B31CYZZ,Fluoroscopy of Bilateral External Carotid Arteries using Other Contrast,None,88933.33,Specialty Average (Interventional Neuroradiology)
7851,"Internal fixation of bone without fracture reduction, scapula, clavicle, and thorax [ribs and sternum]",Fixation,10000.0,PMJAY Dataset Match
B31N1ZZ,Fluoroscopy of Other Upper Arteries using Low Osmolar Contrast,None,88933.33,Specialty Average (Interventional Neuroradiology)
B31RYZZ,Fluoroscopy of Intracranial Arteries using Other Contrast,None,26297.38,Global PMJAY Average
0JBR0ZZ,"Excision of Left Foot Subcutaneous Tissue and Fascia, Open Approach",Debridement of Ulcer,5000.0,PMJAY Dataset Match
DP0C1ZZ,Beam Radiation of Other Bone using Photons 1 - 10 MeV,None,19357.41,Specialty Average (Medical Oncology)
XW033E5,"Introduction of Remdesivir Anti-infective into Peripheral Vein, Percutaneous Approach, New Technology Group 5",Infectious - uncomplicated,1800.0,PMJAY Dataset Match
310,Injection of larynx,Microlaryngoscopic Surgery,18500.0,PMJAY Dataset Match
0JBD0ZZ,"Excision of Right Upper Arm Subcutaneous Tissue and Fascia, Open Approach",None,1865.31,Specialty Average (General Medicine)
1711,Laparoscopic repair of direct inguinal hernia with graft or prosthesis,None,1865.31,Specialty Average (General Medicine)
1291,Therapeutic evacuation of anterior chamber,None,7288.68,Specialty Average (Ophthalmology)
0JB83ZX,"Excision of Abdomen Subcutaneous Tissue and Fascia, Percutaneous Approach, Diagnostic",Biopsy,1200.0,PMJAY Dataset Match
0611,Closed [percutaneous] [needle] biopsy of thyroid gland,Biopsy,1200.0,PMJAY Dataset Match
0JB80ZX,"Excision of Abdomen Subcutaneous Tissue and Fascia, Open Approach, Diagnostic",None,1865.31,Specialty Average (General Medicine)
0J9L0ZZ,"Drainage of Right Upper Leg Subcutaneous Tissue and Fascia, Open Approach",None,1865.31,Specialty Average (General Medicine)
0J9G0ZZ,"Drainage of Right Lower Arm Subcutaneous Tissue and Fascia, Open Approach",None,1865.31,Specialty Average (General Medicine)
0125,Other craniectomy,None,35731.71,Specialty Average (Neurosurgery)
0127,Removal of catheter(s) from cranial cavity or tissue,None,35731.71,Specialty Average (Neurosurgery)
0GTG0ZZ,"Resection of Left Thyroid Gland Lobe, Open Approach",Hemi thyroidectomy,17000.0,PMJAY Dataset Match
0294,Insertion or replacement of skull tongs or halo traction device,Skull Traction,8000.0,PMJAY Dataset Match
0609,Other incision of thyroid field,None,1865.31,Specialty Average (General Medicine)
0FJ43ZZ,"Inspection of Gallbladder, Percutaneous Approach",None,1865.31,Specialty Average (General Medicine)
3423,Biopsy of chest wall,Biopsy,1200.0,PMJAY Dataset Match
0F9930Z,"Drainage of Common Bile Duct with Drainage Device, Percutaneous Approach",Endobiliary,3500.0,PMJAY Dataset Match
0DTL0ZZ,"Resection of Transverse Colon, Open Approach",None,1865.31,Specialty Average (General Medicine)
3887,"Other surgical occlusion of vessels, abdominal veins",None,17613.82,Specialty Average (General Surgery)
0DTF4ZZ,"Resection of Right Large Intestine, Percutaneous Endoscopic Approach",None,1865.31,Specialty Average (General Medicine)
0449,Other peripheral nerve or ganglion decompression or lysis of adhesions,None,35731.71,Specialty Average (Neurosurgery)
0DTF0ZZ,"Resection of Right Large Intestine, Open Approach",None,1865.31,Specialty Average (General Medicine)
4923,Biopsy of anus,Rectal Biopsy - Punch,10000.0,PMJAY Dataset Match
5151,Exploration of common duct,With Exploration of CBD - Open,22800.0,PMJAY Dataset Match
0DSL0ZZ,"Reposition Transverse Colon, Open Approach",Operative Management of Volvulus of Large Bowel,25000.0,PMJAY Dataset Match
5314,Other and open bilateral repair of direct inguinal hernia with graft or prosthesis,None,1865.31,Specialty Average (General Medicine)
0399,Other operations on spinal cord and spinal canal structures,None,35731.71,Specialty Average (Neurosurgery)
5422,Biopsy of abdominal wall or umbilicus,None,1865.31,Specialty Average (General Medicine)
5475,Other repair of mesentery,None,1865.31,Specialty Average (General Medicine)
0DNV0ZZ,"Release Mesentery, Open Approach",None,1865.31,Specialty Average (General Medicine)
7532,Fetal EKG (scalp),None,12640.26,Specialty Average (Obstetrics & Gynecology)
7738,"Other division of bone, tarsals and metatarsals",Small Bone,10000.0,PMJAY Dataset Match
7765,"Local excision of lesion or tissue of bone, femur",Bone Tumour (benign) curettage / Excision and bone grafting,20000.0,PMJAY Dataset Match
8244,Other suture of flexor tendon of hand,Tendon Repair,15000.0,PMJAY Dataset Match
8292,Aspiration of bursa of hand,Aspiration,15000.0,PMJAY Dataset Match
8342,Other tenonectomy,None,7288.68,Specialty Average (Ophthalmology)
8407,Amputation through humerus,Above Elbow,15000.0,PMJAY Dataset Match
8595,Insertion of breast tissue expander,None,17613.82,Specialty Average (General Surgery)
7901,"Closed reduction of fracture without internal fixation, humerus",None,17509.09,Specialty Average (Orthopedics)
0DBP8ZX,"Excision of Rectum, Via Natural or Artificial Opening Endoscopic, Diagnostic",Rectal Biopsy - Punch,10000.0,PMJAY Dataset Match
8723,Other x-ray of thoracic spine,None,88933.33,Specialty Average (Interventional Neuroradiology)
0DBL0ZZ,"Excision of Transverse Colon, Open Approach",None,1865.31,Specialty Average (General Medicine)
0DBB0ZZ,"Excision of Ileum, Open Approach",None,1865.31,Specialty Average (General Medicine)
8850,"Angiocardiography, not otherwise specified",None,27506.15,Specialty Average (Cardiology)
8864,Phlebography of the portal venous system using contrast material,None,88933.33,Specialty Average (Interventional Neuroradiology)
7931,"Open reduction of fracture with internal fixation, humerus",Open Reduction Internal Fixation,14900.0,PMJAY Dataset Match
7934,"Open reduction of fracture with internal fixation, phalanges of hand",Internal Fixation of Small Bones,8500.0,PMJAY Dataset Match
8941,Cardiovascular stress test using treadmill,None,27506.15,Specialty Average (Cardiology)
0332,Biopsy of spinal cord or spinal meninges,None,35731.71,Specialty Average (Neurosurgery)
0DB64Z3,"Excision of Stomach, Percutaneous Endoscopic Approach, Vertical",None,1865.31,Specialty Average (General Medicine)
0DB60ZZ,"Excision of Stomach, Open Approach",Total Gastrectomy - Open,51600.0,PMJAY Dataset Match
0293,Implantation or replacement of intracranial neurostimulator lead(s),None,35731.71,Specialty Average (Neurosurgery)
9762,Removal of ureterostomy tube and ureteral catheter,None,20001.42,Specialty Average (Urology)
9919,Injection of anticoagulant,None,26297.38,Global PMJAY Average
0DB38ZX,"Excision of Lower Esophagus, Via Natural or Artificial Opening Endoscopic, Diagnostic",Rigid oesophagoscopy - Diagnostic + / - biopsy,7000.0,PMJAY Dataset Match
0D758ZZ,"Dilation of Esophagus, Via Natural or Artificial Opening Endoscopic",None,26297.38,Global PMJAY Average
0234,Ventricular shunt to abdominal cavity and organs,Ventriculo - peritoneal,30000.0,PMJAY Dataset Match
9995,Stretching of foreskin,None,20001.42,Specialty Average (Urology)
00QT0ZZ,"Repair Spinal Meninges, Open Approach",Duroplasty with Endogenous graft,12500.0,PMJAY Dataset Match
025T0ZZ,"Destruction of Left Pulmonary Vein, Open Approach",None,17613.82,Specialty Average (General Surgery)
02PY3DZ,"Removal of Intraluminal Device from Great Vessel, Percutaneous Approach",None,27506.15,Specialty Average (Cardiology)
0D5H8ZZ,"Destruction of Cecum, Via Natural or Artificial Opening Endoscopic",None,26297.38,Global PMJAY Average
03CM0ZZ,"Extirpation of Matter from Right External Carotid Artery, Open Approach",Thromboembolectomy,28000.0,PMJAY Dataset Match
041F0JB,"Bypass Left Internal Iliac Artery to Left Internal Iliac Artery with Synthetic Substitute, Open Approach",None,17613.82,Specialty Average (General Surgery)
041L09L,"Bypass Left Femoral Artery to Popliteal Artery with Autologous Venous Tissue, Open Approach",Femoral - popliteal Bypass,50000.0,PMJAY Dataset Match
047K3ZZ,"Dilation of Right Femoral Artery, Percutaneous Approach",Peripheral Angioplasty,34500.0,PMJAY Dataset Match
047W3ZZ,"Dilation of Left Foot Artery, Percutaneous Approach",Peripheral Angioplasty,34500.0,PMJAY Dataset Match
04CR3ZZ,"Extirpation of Matter from Right Posterior Tibial Artery, Percutaneous Approach",Thromboembolectomy,28000.0,PMJAY Dataset Match
04HJ3DZ,"Insertion of Intraluminal Device into Left External Iliac Artery, Percutaneous Approach",Peripheral Angioplasty,34500.0,PMJAY Dataset Match
04L33DZ,"Occlusion of Hepatic Artery with Intraluminal Device, Percutaneous Approach",Parent vessel occlusion - Basic,30000.0,PMJAY Dataset Match
0D1N4Z4,"Bypass Sigmoid Colon to Cutaneous, Percutaneous Endoscopic Approach",Colostomy,14000.0,PMJAY Dataset Match
0CTS0ZZ,"Resection of Larynx, Open Approach",Total Laryngectomy,36000.0,PMJAY Dataset Match
05HC33Z,"Insertion of Infusion Device into Left Basilic Vein, Percutaneous Approach",Chemo Port Insertion,18000.0,PMJAY Dataset Match
7955,"Open reduction of separated epiphysis, femur",Fracture - Long Bones - Metaphyseal - ORIF,12700.0,PMJAY Dataset Match
05Q50ZZ,"Repair Right Subclavian Vein, Open Approach",None,17613.82,Specialty Average (General Surgery)
0124,Other craniotomy,Supratentorial & others,55000.0,PMJAY Dataset Match
0BNK4ZZ,"Release Right Lung, Percutaneous Endoscopic Approach",VATS,30000.0,PMJAY Dataset Match
06HM33Z,"Insertion of Infusion Device into Right Femoral Vein, Percutaneous Approach",Chemo Port Insertion,18000.0,PMJAY Dataset Match
06L13DZ,"Occlusion of Splenic Vein with Intraluminal Device, Percutaneous Approach",Parent vessel occlusion - Basic,30000.0,PMJAY Dataset Match
07T20ZZ,"Resection of Left Neck Lymphatic, Open Approach",None,1865.31,Specialty Average (General Medicine)
0084,"Revision of total knee replacement, tibial insert (liner)",Revision - Total Knee Replacement,130000.0,PMJAY Dataset Match
0B9K8ZX,"Drainage of Right Lung, Via Natural or Artificial Opening Endoscopic, Diagnostic",Rigid bronchoscopy - Diagnostic + / - biopsy,7000.0,PMJAY Dataset Match
0BCP0ZZ,"Extirpation of Matter from Left Pleura, Open Approach",Pleurectomy Decortication,39000.0,PMJAY Dataset Match
0BJ18ZZ,"Inspection of Trachea, Via Natural or Artificial Opening Endoscopic",Rigid bronchoscopy - Diagnostic + / - biopsy,7000.0,PMJAY Dataset Match
0BC38ZZ,"Extirpation of Matter from Right Main Bronchus, Via Natural or Artificial Opening Endoscopic",None,26297.38,Global PMJAY Average
0DBU0ZZ,"Excision of Omentum, Open Approach",Omentectomy,21000.0,PMJAY Dataset Match
0DBW0ZZ,"Excision of Peritoneum, Open Approach",Omentectomy,21000.0,PMJAY Dataset Match
0DJ68ZZ,"Inspection of Stomach, Via Natural or Artificial Opening Endoscopic",Endocopic as an independent procedure,5000.0,PMJAY Dataset Match
0DNW0ZZ,"Release Peritoneum, Open Approach",None,1865.31,Specialty Average (General Medicine)
0DTM0ZZ,"Resection of Descending Colon, Open Approach",None,1865.31,Specialty Average (General Medicine)
0FPB8DZ,"Removal of Intraluminal Device from Hepatobiliary Duct, Via Natural or Artificial Opening Endoscopic",Endobiliary,3500.0,PMJAY Dataset Match
0GTN0ZZ,"Resection of Right Inferior Parathyroid Gland, Open Approach",Excision of Parathyroid Adenoma,20400.0,PMJAY Dataset Match
0HBJXZZ,"Excision of Left Upper Leg Skin, External Approach",Other cutaneous swellings Excision,5000.0,PMJAY Dataset Match
0J993ZX,"Drainage of Buttock Subcutaneous Tissue and Fascia, Percutaneous Approach, Diagnostic",Aspiration,15000.0,PMJAY Dataset Match
0J9Q0ZZ,"Drainage of Right Foot Subcutaneous Tissue and Fascia, Open Approach",None,17509.09,Specialty Average (Orthopedics)
4601,Exteriorization of small intestine,None,1865.31,Specialty Average (General Medicine)
0B9N0ZZ,"Drainage of Right Pleura, Open Approach",Rib Resection & Drainage,14000.0,PMJAY Dataset Match
0NB04ZX,"Excision of Skull, Percutaneous Endoscopic Approach, Diagnostic",None,35731.71,Specialty Average (Neurosurgery)
0QBQ0ZZ,"Excision of Right Toe Phalanx, Open Approach",Toe(s),10400.0,PMJAY Dataset Match
0RP604Z,"Removal of Internal Fixation Device from Thoracic Vertebral Joint, Open Approach",None,17509.09,Specialty Average (Orthopedics)
0RSJXZZ,"Reposition Right Shoulder Joint, External Approach",None,17509.09,Specialty Average (Orthopedics)
0S9B00Z,"Drainage of Left Hip Joint with Drainage Device, Open Approach",Arthorotomy of any joint,14000.0,PMJAY Dataset Match
0SBC0ZZ,"Excision of Right Knee Joint, Open Approach",None,17509.09,Specialty Average (Orthopedics)
0SHD08Z,"Insertion of Spacer into Left Knee Joint, Open Approach",Revision - Total Knee Replacement,130000.0,PMJAY Dataset Match
0T903ZZ,"Drainage of Right Kidney, Percutaneous Approach",Nephrostomy - Percutaneous ultrasound guided,14000.0,PMJAY Dataset Match
0VT34ZZ,"Resection of Bilateral Seminal Vesicles, Percutaneous Endoscopic Approach",None,20001.42,Specialty Average (Urology)
8006,"Arthrotomy for removal of prosthesis without replacement, knee",Arthorotomy of any joint,14000.0,PMJAY Dataset Match
0W3H0ZZ,"Control Bleeding in Retroperitoneum, Open Approach",None,1865.31,Specialty Average (General Medicine)
0B988ZX,"Drainage of Left Upper Lobe Bronchus, Via Natural or Artificial Opening Endoscopic, Diagnostic",Rigid bronchoscopy - Diagnostic + / - biopsy,7000.0,PMJAY Dataset Match
0W9D00Z,"Drainage of Pericardial Cavity with Drainage Device, Open Approach",Pericardial window (via thoracotomy),30000.0,PMJAY Dataset Match
0B588ZZ,"Destruction of Left Upper Lobe Bronchus, Via Natural or Artificial Opening Endoscopic",Central airway tumour debulking,22800.0,PMJAY Dataset Match
0W9F30Z,"Drainage of Abdominal Wall with Drainage Device, Percutaneous Approach",Abscess Tapping,20000.0,PMJAY Dataset Match
8013,"Other arthrotomy, wrist",Arthorotomy of any joint,14000.0,PMJAY Dataset Match
0WQ8XZZ,"Repair Chest Wall, External Approach",None,17613.82,Specialty Average (General Surgery)
0WUF47Z,"Supplement Abdominal Wall with Autologous Tissue Substitute, Percutaneous Endoscopic Approach",None,1865.31,Specialty Average (General Medicine)
0X940ZZ,"Drainage of Right Axilla, Open Approach",None,1865.31,Specialty Average (General Medicine)
0Y3F0ZZ,"Control Bleeding in Right Knee Region, Open Approach",None,17509.09,Specialty Average (Orthopedics)
0Y6N0Z9,"Detachment at Left Foot, Partial 1st Ray, Open Approach",Toe(s),10400.0,PMJAY Dataset Match
0Y6R0Z0,"Detachment at Right 2nd Toe, Complete, Open Approach",Toe(s),10400.0,PMJAY Dataset Match
0Y6S0Z1,"Detachment at Left 2nd Toe, High, Open Approach",Toe(s),10400.0,PMJAY Dataset Match
3E04317,"Introduction of Other Thrombolytic into Central Vein, Percutaneous Approach",None,27506.15,Specialty Average (Cardiology)
09BN8ZX,"Excision of Nasopharynx, Via Natural or Artificial Opening Endoscopic, Diagnostic",None,26297.38,Global PMJAY Average
3E0G36Z,"Introduction of Nutritional Substance into Upper GI, Percutaneous Approach",Gastrostomy + Esophagoscopy + Threading,20000.0,PMJAY Dataset Match
07B13ZX,"Excision of Right Neck Lymphatic, Percutaneous Approach, Diagnostic",None,1865.31,Specialty Average (General Medicine)
06LY0ZZ,"Occlusion of Lower Vein, Open Approach",Management of Varicose Veins,14000.0,PMJAY Dataset Match
0083,"Revision of knee replacement, patellar component",Revision - Total Knee Replacement,130000.0,PMJAY Dataset Match
06L38CZ,"Occlusion of Esophageal Vein with Extraluminal Device, Via Natural or Artificial Opening Endoscopic",Upper GI bleeding (endoscopic),1800.0,PMJAY Dataset Match
8E0WXBF,"Computer Assisted Procedure of Trunk Region, With Fluoroscopy",None,17509.09,Specialty Average (Orthopedics)
06183DY,"Bypass Portal Vein to Lower Vein with Intraluminal Device, Percutaneous Approach",Porto Caval Anastomosis,31500.0,PMJAY Dataset Match
05HB33Z,"Insertion of Infusion Device into Right Basilic Vein, Percutaneous Approach",Chemo Port Insertion,18000.0,PMJAY Dataset Match
05H933Z,"Insertion of Infusion Device into Right Brachial Vein, Percutaneous Approach",Chemo Port Insertion,18000.0,PMJAY Dataset Match
05C73ZZ,"Extirpation of Matter from Right Axillary Vein, Percutaneous Approach",Thromboembolectomy,28000.0,PMJAY Dataset Match
B245ZZ4,"Ultrasonography of Left Heart, Transesophageal",None,27506.15,Specialty Average (Cardiology)
B246YZZ,Ultrasonography of Right and Left Heart using Other Contrast,ICE,9700.0,PMJAY Dataset Match
B313YZZ,Fluoroscopy of Right Common Carotid Artery using Other Contrast,None,27506.15,Specialty Average (Cardiology)
B3171ZZ,Fluoroscopy of Left Internal Carotid Artery using Low Osmolar Contrast,None,26297.38,Global PMJAY Average
B31S1ZZ,Fluoroscopy of Right Pulmonary Artery using Low Osmolar Contrast,Right Heart Catheterization,5000.0,PMJAY Dataset Match
059F3ZZ,"Drainage of Left Cephalic Vein, Percutaneous Approach",None,17613.82,Specialty Average (General Surgery)
B41F1ZZ,Fluoroscopy of Right Lower Extremity Arteries using Low Osmolar Contrast,None,17613.82,Specialty Average (General Surgery)
B41JZZZ,Fluoroscopy of Other Lower Arteries,None,17613.82,Specialty Average (General Surgery)
04CS3ZZ,"Extirpation of Matter from Left Posterior Tibial Artery, Percutaneous Approach",Thromboembolectomy,28000.0,PMJAY Dataset Match
BF111ZZ,Fluoroscopy of Biliary and Pancreatic Ducts using Low Osmolar Contrast,None,26297.38,Global PMJAY Average
XW03372,"Introduction of Inactivated Coagulation Factor Xa into Peripheral Vein, Percutaneous Approach, New Technology Group 2",None,26297.38,Global PMJAY Average
04C00ZZ,"Extirpation of Matter from Abdominal Aorta, Open Approach",Thromboembolectomy,28000.0,PMJAY Dataset Match
0068,Intravascular pressure measurement of peripheral arteries,None,27506.15,Specialty Average (Cardiology)
0205,Insertion of skull plate,CranioPlasty with Exogenous graft,20000.0,PMJAY Dataset Match
0522,Cervical sympathectomy,None,35731.71,Specialty Average (Neurosurgery)
047Q3DZ,"Dilation of Left Anterior Tibial Artery with Intraluminal Device, Percutaneous Approach",Peripheral Angioplasty,34500.0,PMJAY Dataset Match
3144,Closed [endoscopic] biopsy of trachea,Rigid bronchoscopy - Diagnostic + / - biopsy,7000.0,PMJAY Dataset Match
3616,Double internal mammary-coronary artery bypass,"Coronary artery bypass grafting (CABG), including intra operative balloon pump (if required)",118100.0,PMJAY Dataset Match
047K3Z1,"Dilation of Right Femoral Artery using Drug-Coated Balloon, Percutaneous Approach",Peripheral Angioplasty,34500.0,PMJAY Dataset Match
3866,"Other excision of vessels, abdominal arteries",None,17613.82,Specialty Average (General Surgery)
864,Radical excision of skin lesion,Excision,9200.0,PMJAY Dataset Match
4422,Endoscopic dilation of pylorus,None,26297.38,Global PMJAY Average
4514,Closed [endoscopic] biopsy of small intestine,None,26297.38,Global PMJAY Average
4592,Anastomosis of small intestine to rectal stump,None,1865.31,Specialty Average (General Medicine)
4693,Revision of anastomosis of small intestine,None,1865.31,Specialty Average (General Medicine)
5091,Percutaneous aspiration of liver,Liver abscess,1800.0,PMJAY Dataset Match
5252,Distal pancreatectomy,Distal Pancreatectomy with Pancreatico Jejunostomy,25000.0,PMJAY Dataset Match
5472,Other repair of abdominal wall,Closure of Burst Abdomen,15000.0,PMJAY Dataset Match
5993,Replacement of ureterostomy tube,None,20001.42,Specialty Average (Urology)
7012,Culdotomy,Pelvic Abscess Management including Colpotomy,1200.0,PMJAY Dataset Match
047K3FZ,"Dilation of Right Femoral Artery with Three Intraluminal Devices, Percutaneous Approach",Peripheral Angioplasty,34500.0,PMJAY Dataset Match
7809,"Bone graft, other bones",None,17509.09,Specialty Average (Orthopedics)
7868,"Removal of implanted devices from bone, tarsals and metatarsals",None,17509.09,Specialty Average (Orthopedics)
8086,"Other local excision or destruction of lesion of joint, knee",None,17509.09,Specialty Average (Orthopedics)
8303,Bursotomy,None,17509.09,Specialty Average (Orthopedics)
605,Radical prostatectomy,None,20001.42,Specialty Average (Urology)
047K34Z,"Dilation of Right Femoral Artery with Drug-eluting Intraluminal Device, Percutaneous Approach",Peripheral Angioplasty,34500.0,PMJAY Dataset Match
8511,Closed [percutaneous] [needle] biopsy of breast,Biopsy,1200.0,PMJAY Dataset Match
8840,"Arteriography using contrast material, unspecified site",None,88933.33,Specialty Average (Interventional Neuroradiology)
8865,Phlebography of other Intra-Abdominal veins using contrast material,None,88933.33,Specialty Average (Interventional Neuroradiology)
041M09Q,"Bypass Right Popliteal Artery to Lower Extremity Artery with Autologous Venous Tissue, Open Approach",Revascularization of limb / digit,25000.0,PMJAY Dataset Match
9468,Combined alcohol and drug detoxification,Mental and Behavioural disorders due to psychoactive substance use,1500.0,PMJAY Dataset Match
9649,Other genitourinary instillation,None,20001.42,Specialty Average (Urology)
041K09L,"Bypass Right Femoral Artery to Popliteal Artery with Autologous Venous Tissue, Open Approach",Femoral - popliteal Bypass,50000.0,PMJAY Dataset Match
9754,Removal of cholecystostomy tube,None,1865.31,Specialty Average (General Medicine)
03LG3DZ,"Occlusion of Intracranial Artery with Intraluminal Device, Percutaneous Approach",Parent vessel occlusion - Basic,30000.0,PMJAY Dataset Match
9771,Removal of intrauterine contraceptive device,Hysteroscopic IUCD removal,4700.0,PMJAY Dataset Match
03L53DZ,"Occlusion of Right Axillary Artery with Intraluminal Device, Percutaneous Approach",Parent vessel occlusion - Basic,30000.0,PMJAY Dataset Match
02713ZZ,"Dilation of Coronary Artery, Two Arteries, Percutaneous Approach",None,27506.15,Specialty Average (Cardiology)
02HN4KZ,"Insertion of Defibrillator Lead into Pericardium, Percutaneous Endoscopic Approach",None,27506.15,Specialty Average (Cardiology)
02QJ0ZZ,"Repair Tricuspid Valve, Open Approach",Tricuspid Valve,119000.0,PMJAY Dataset Match
02U53JZ,"Supplement Atrial Septum with Synthetic Substitute, Percutaneous Approach",None,27506.15,Specialty Average (Cardiology)
8037,"Biopsy of joint structure, ankle",None,17509.09,Specialty Average (Orthopedics)
02UW08Z,"Supplement Thoracic Aorta, Descending with Zooplastic Tissue, Open Approach",None,17613.82,Specialty Average (General Surgery)
03JY3ZZ,"Inspection of Upper Artery, Percutaneous Approach",None,17613.82,Specialty Average (General Surgery)
03UH0KZ,"Supplement Right Common Carotid Artery with Nonautologous Tissue Substitute, Open Approach",None,17613.82,Specialty Average (General Surgery)
047H3EZ,"Dilation of Right External Iliac Artery with Two Intraluminal Devices, Percutaneous Approach",Peripheral Angioplasty,34500.0,PMJAY Dataset Match
047M34Z,"Dilation of Right Popliteal Artery with Drug-eluting Intraluminal Device, Percutaneous Approach",None,17613.82,Specialty Average (General Surgery)
047M3ZZ,"Dilation of Right Popliteal Artery, Percutaneous Approach",Peripheral Angioplasty,34500.0,PMJAY Dataset Match
047T3ZZ,"Dilation of Right Peroneal Artery, Percutaneous Approach",Peripheral Angioplasty,34500.0,PMJAY Dataset Match
04HH3DZ,"Insertion of Intraluminal Device into Right External Iliac Artery, Percutaneous Approach",Peripheral Angioplasty,34500.0,PMJAY Dataset Match
03H833Z,"Insertion of Infusion Device into Left Brachial Artery, Percutaneous Approach",None,17613.82,Specialty Average (General Surgery)
03CY3ZZ,"Extirpation of Matter from Upper Artery, Percutaneous Approach",Thromboembolectomy,28000.0,PMJAY Dataset Match
03CH0ZZ,"Extirpation of Matter from Right Common Carotid Artery, Open Approach",Thromboendarterectomy,141000.0,PMJAY Dataset Match
03C80ZZ,"Extirpation of Matter from Left Brachial Artery, Open Approach",None,17613.82,Specialty Average (General Surgery)
06BQ0ZZ,"Excision of Left Saphenous Vein, Open Approach",None,17613.82,Specialty Average (General Surgery)
03C50ZZ,"Extirpation of Matter from Right Axillary Artery, Open Approach",Thromboembolectomy,28000.0,PMJAY Dataset Match
07BD0ZZ,"Excision of Aortic Lymphatic, Open Approach",None,1865.31,Specialty Average (General Medicine)
07T10ZZ,"Resection of Right Neck Lymphatic, Open Approach",Neck dissection - comprehensive,16000.0,PMJAY Dataset Match
8087,"Other local excision or destruction of lesion of joint, ankle",Arthorotomy of any joint,14000.0,PMJAY Dataset Match
543,Excision or destruction of lesion or tissue of abdominal wall or umbilicus,None,1865.31,Specialty Average (General Medicine)
0B9L8ZZ,"Drainage of Left Lung, Via Natural or Artificial Opening Endoscopic",Other simple lung procedure excluding lung resection,45000.0,PMJAY Dataset Match
0D1B0Z4,"Bypass Ileum to Cutaneous, Open Approach",Ileostomy,14000.0,PMJAY Dataset Match
0D1L4Z4,"Bypass Transverse Colon to Cutaneous, Percutaneous Endoscopic Approach",None,1865.31,Specialty Average (General Medicine)
0DBE8ZX,"Excision of Large Intestine, Via Natural or Artificial Opening Endoscopic, Diagnostic",None,26297.38,Global PMJAY Average
0DBN8ZZ,"Excision of Sigmoid Colon, Via Natural or Artificial Opening Endoscopic",Sigmoid Resection,21500.0,PMJAY Dataset Match
0DBU3ZX,"Excision of Omentum, Percutaneous Approach, Diagnostic",None,1865.31,Specialty Average (General Medicine)
0DC68ZZ,"Extirpation of Matter from Stomach, Via Natural or Artificial Opening Endoscopic",Foreign Body Removal with scope,20000.0,PMJAY Dataset Match
02RF38H,"Replacement of Aortic Valve with Zooplastic Tissue, Transapical, Percutaneous Approach",None,17613.82,Specialty Average (General Surgery)
0F998ZZ,"Drainage of Common Bile Duct, Via Natural or Artificial Opening Endoscopic",None,26297.38,Global PMJAY Average
0FB13ZX,"Excision of Right Lobe Liver, Percutaneous Approach, Diagnostic",None,1865.31,Specialty Average (General Medicine)
0GBL0ZZ,"Excision of Right Superior Parathyroid Gland, Open Approach",None,1865.31,Specialty Average (General Medicine)
0GTH0ZZ,"Resection of Right Thyroid Gland Lobe, Open Approach",Hemi thyroidectomy,17000.0,PMJAY Dataset Match
0HBBXZX,"Excision of Right Upper Arm Skin, External Approach, Diagnostic",None,26297.38,Global PMJAY Average
0HRLXK3,"Replacement of Left Lower Leg Skin with Nonautologous Tissue Substitute, Full Thickness, External Approach",None,17613.82,Specialty Average (General Surgery)
0JJW3ZZ,"Inspection of Lower Extremity Subcutaneous Tissue and Fascia, Percutaneous Approach",None,1865.31,Specialty Average (General Medicine)
0QBG0ZZ,"Excision of Right Tibia, Open Approach",None,17509.09,Specialty Average (Orthopedics)
0QBN0ZX,"Excision of Right Metatarsal, Open Approach, Diagnostic",None,17509.09,Specialty Average (Orthopedics)
0RPA04Z,"Removal of Internal Fixation Device from Thoracolumbar Vertebral Joint, Open Approach",None,17509.09,Specialty Average (Orthopedics)
02RF0KZ,"Replacement of Aortic Valve with Nonautologous Tissue Substitute, Open Approach",Aortic Valve,119000.0,PMJAY Dataset Match
0SUV09Z,"Supplement Right Knee Joint, Tibial Surface with Liner, Open Approach",Revision - Total Knee Replacement,130000.0,PMJAY Dataset Match
0TN74ZZ,"Release Left Ureter, Percutaneous Endoscopic Approach",Antegrade with laser / bugbee,25000.0,PMJAY Dataset Match
0W9G00Z,"Drainage of Peritoneal Cavity with Drainage Device, Open Approach",None,1865.31,Specialty Average (General Medicine)
8133,"Refusion of other cervical spine, posterior column, posterior technique",None,17509.09,Specialty Average (Orthopedics)
0WUC0JZ,"Supplement Mediastinum with Synthetic Substitute, Open Approach",None,17613.82,Specialty Average (General Surgery)
0Y6N0ZF,"Detachment at Left Foot, Partial 5th Ray, Open Approach",None,17509.09,Specialty Average (Orthopedics)
0Y6W0Z0,"Detachment at Left 4th Toe, Complete, Open Approach",Toe(s),10400.0,PMJAY Dataset Match
02Q60ZZ,"Repair Right Atrium, Open Approach",None,17613.82,Specialty Average (General Surgery)
500,Hepatotomy,Liver abscess,1800.0,PMJAY Dataset Match
8E09XBZ,Computer Assisted Procedure of Head and Neck Region,None,26297.38,Global PMJAY Average
8E0W4CZ,"Robotic Assisted Procedure of Trunk Region, Percutaneous Endoscopic Approach",None,1865.31,Specialty Average (General Medicine)
8147,Other repair of knee,None,17509.09,Specialty Average (Orthopedics)
B32R1ZZ,Computerized Tomography (CT Scan) of Intracranial Arteries using Low Osmolar Contrast,"High end radiological diagnostic (CT, MRI, Imaging including nuclear imaging)",5000.0,PMJAY Dataset Match
B410ZZZ,Fluoroscopy of Abdominal Aorta,None,88933.33,Specialty Average (Interventional Neuroradiology)
B4141ZZ,Fluoroscopy of Superior Mesenteric Artery using Low Osmolar Contrast,None,88933.33,Specialty Average (Interventional Neuroradiology)
B41FYZZ,Fluoroscopy of Right Lower Extremity Arteries using Other Contrast,None,17613.82,Specialty Average (General Surgery)
B51W1ZZ,Fluoroscopy of Dialysis Shunt/Fistula using Low Osmolar Contrast,None,88933.33,Specialty Average (Interventional Neuroradiology)
BF101ZZ,Fluoroscopy of Bile Ducts using Low Osmolar Contrast,None,88933.33,Specialty Average (Interventional Neuroradiology)
XW013S6,"Introduction of COVID-19 Vaccine Dose 1 into Subcutaneous Tissue, Percutaneous Approach, New Technology Group 6",None,26297.38,Global PMJAY Average
343,Excision or destruction of lesion or tissue of mediastinum,Space - Occupying Lesion (SOL) mediastinum,65500.0,PMJAY Dataset Match
0532,Injection of neurolytic agent into sympathetic nerve,None,1865.31,Specialty Average (General Medicine)
3764,Removal of external heart assist system(s) or device(s),None,17613.82,Specialty Average (General Surgery)
3822,Percutaneous angioscopy,None,27506.15,Specialty Average (Cardiology)
4528,Other diagnostic procedures on large intestine,Rectal Biopsy - Punch,10000.0,PMJAY Dataset Match
5141,Common duct exploration for removal of calculus,With Exploration of CBD - Lap.,22800.0,PMJAY Dataset Match
6816,Closed biopsy of uterus,Endometrial Aspiration,2000.0,PMJAY Dataset Match
6942,Closure of fistula of uterus,None,12640.26,Specialty Average (Obstetrics & Gynecology)
7731,"Other division of bone, scapula, clavicle, and thorax [ribs and sternum]",None,17509.09,Specialty Average (Orthopedics)
7965,"Debridement of open fracture site, femur",None,17509.09,Specialty Average (Orthopedics)
8665,Heterograft to skin,None,17613.82,Specialty Average (General Surgery)
8683,Size reduction plastic operation,None,17613.82,Specialty Average (General Surgery)
8754,Other cholangiogram,None,26297.38,Global PMJAY Average
8803,Sinogram of abdominal wall,None,88933.33,Specialty Average (Interventional Neuroradiology)
8174,Arthroplasty of carpocarpal or carpometacarpal joint with implant,None,17509.09,Specialty Average (Orthopedics)
8960,Continuous intra-arterial blood gas monitoring,None,1865.31,Specialty Average (General Medicine)
8961,Systemic arterial pressure monitoring,None,27506.15,Specialty Average (Cardiology)
458,Tot intra-abd colectomy,None,1865.31,Specialty Average (General Medicine)
8180,Other total shoulder replacement,None,17509.09,Specialty Average (Orthopedics)
9815,Removal of intraluminal foreign body from trachea and bronchus without incision,Foreign Body Removal with scope,20000.0,PMJAY Dataset Match
9917,Injection of insulin,None,26297.38,Global PMJAY Average
021309W,"Bypass Coronary Artery, Four or More Arteries from Aorta with Autologous Venous Tissue, Open Approach","Coronary artery bypass grafting (CABG), including intra operative balloon pump (if required)",118100.0,PMJAY Dataset Match
02BL0ZX,"Excision of Left Ventricle, Open Approach, Diagnostic",None,17613.82,Specialty Average (General Surgery)
437,Partial gastrectomy with anastomosis to jejunum,Partial Gastrectomy for Carcinoma,27800.0,PMJAY Dataset Match
8183,Other repair of shoulder,None,17509.09,Specialty Average (Orthopedics)
02QN0ZZ,"Repair Pericardium, Open Approach",None,17613.82,Specialty Average (General Surgery)
8201,Exploration of tendon sheath of hand,None,17509.09,Specialty Average (Orthopedics)
8385,Other change in muscle or tendon length,Tendon Release / Tenotomy,5000.0,PMJAY Dataset Match
03UK0KZ,"Supplement Right Internal Carotid Artery with Nonautologous Tissue Substitute, Open Approach",None,17613.82,Specialty Average (General Surgery)
047R34Z,"Dilation of Right Posterior Tibial Artery with Drug-eluting Intraluminal Device, Percutaneous Approach",Peripheral Angioplasty,34500.0,PMJAY Dataset Match
04FC3ZZ,"Fragmentation of Right Common Iliac Artery, Percutaneous Approach",None,17613.82,Specialty Average (General Surgery)
02HL0KZ,"Insertion of Defibrillator Lead into Left Ventricle, Open Approach",None,17613.82,Specialty Average (General Surgery)
05PYX3Z,"Removal of Infusion Device from Upper Vein, External Approach",None,17613.82,Specialty Average (General Surgery)
06BP3ZZ,"Excision of Right Saphenous Vein, Percutaneous Approach",Management of Varicose Veins,14000.0,PMJAY Dataset Match
06BQ3ZZ,"Excision of Left Saphenous Vein, Percutaneous Approach",Management of Varicose Veins,14000.0,PMJAY Dataset Match
02HK3NZ,"Insertion of Intracardiac Pacemaker into Right Ventricle, Percutaneous Approach",Permanent Pacemaker Implantation - Single Chamber,24500.0,PMJAY Dataset Match
8387,Other plastic operations on muscle,None,17509.09,Specialty Average (Orthopedics)
0B978ZZ,"Drainage of Left Main Bronchus, Via Natural or Artificial Opening Endoscopic",None,26297.38,Global PMJAY Average
0C94XZZ,"Drainage of Buccal Mucosa, External Approach",None,17613.82,Specialty Average (General Surgery)
0CTW0Z1,"Resection of Upper Tooth, Multiple, Open Approach",Extraction of impacted tooth under LA,500.0,PMJAY Dataset Match
0DDP8ZX,"Extraction of Rectum, Via Natural or Artificial Opening Endoscopic, Diagnostic",None,1865.31,Specialty Average (General Medicine)
0FD98ZX,"Extraction of Common Bile Duct, Via Natural or Artificial Opening Endoscopic, Diagnostic",None,26297.38,Global PMJAY Average
0GBH0ZZ,"Excision of Right Thyroid Gland Lobe, Open Approach",Hemi thyroidectomy,17000.0,PMJAY Dataset Match
0HBKXZX,"Excision of Right Lower Leg Skin, External Approach, Diagnostic",None,26297.38,Global PMJAY Average
0JPSX0Z,"Removal of Drainage Device from Head and Neck Subcutaneous Tissue and Fascia, External Approach",None,1865.31,Specialty Average (General Medicine)
0SP004Z,"Removal of Internal Fixation Device from Lumbar Vertebral Joint, Open Approach",None,17509.09,Specialty Average (Orthopedics)
0UJ84ZZ,"Inspection of Fallopian Tube, Percutaneous Endoscopic Approach",None,12640.26,Specialty Average (Obstetrics & Gynecology)
8388,Other plastic operations on tendon,Tendon injury reconstruction,50000.0,PMJAY Dataset Match
02HA3RS,"Insertion of Biventricular Short-term External Heart Assist System into Heart, Percutaneous Approach",None,27506.15,Specialty Average (Cardiology)
0WCG0ZZ,"Extirpation of Matter from Peritoneal Cavity, Open Approach",Exploratory Laparotomy,10000.0,PMJAY Dataset Match
0WJP0ZZ,"Inspection of Gastrointestinal Tract, Open Approach",Exploratory Laparotomy,10000.0,PMJAY Dataset Match
0WPG33Z,"Removal of Infusion Device from Peritoneal Cavity, Percutaneous Approach",None,1865.31,Specialty Average (General Medicine)
0Y6H0Z1,"Detachment at Right Lower Leg, High, Open Approach",Below Knee,15000.0,PMJAY Dataset Match
3E0H76Z,"Introduction of Nutritional Substance into Lower GI, Via Natural or Artificial Opening",None,26297.38,Global PMJAY Average
3E0L3GC,"Introduction of Other Therapeutic Substance into Pleural Cavity, Percutaneous Approach",None,26297.38,Global PMJAY Average
3E0T3CZ,"Introduction of Regional Anesthetic into Peripheral Nerves and Plexi, Percutaneous Approach",Nerve root block,3000.0,PMJAY Dataset Match
3E0U33Z,"Introduction of Anti-inflammatory into Joints, Percutaneous Approach",None,17509.09,Specialty Average (Orthopedics)
3E1M38Z,"Irrigation of Peritoneal Cavity using Irrigating Substance, Percutaneous Approach",None,1865.31,Specialty Average (General Medicine)
8394,Aspiration of bursa,None,17509.09,Specialty Average (Orthopedics)
B221Z2Z,Computerized Tomography (CT Scan) of Multiple Coronary Arteries using Intravascular Optical Coherence,None,27506.15,Specialty Average (Cardiology)
8408,Disarticulation of shoulder,None,17509.09,Specialty Average (Orthopedics)
B317YZZ,Fluoroscopy of Left Internal Carotid Artery using Other Contrast,None,26297.38,Global PMJAY Average
B4101ZZ,Fluoroscopy of Abdominal Aorta using Low Osmolar Contrast,"High end radiological diagnostic (CT, MRI, Imaging including nuclear imaging)",5000.0,PMJAY Dataset Match
B410YZZ,Fluoroscopy of Abdominal Aorta using Other Contrast,"High end radiological diagnostic (CT, MRI, Imaging including nuclear imaging)",5000.0,PMJAY Dataset Match
B4161ZZ,Fluoroscopy of Right Renal Artery using Low Osmolar Contrast,None,88933.33,Specialty Average (Interventional Neuroradiology)
B419ZZZ,Fluoroscopy of Lumbar Arteries,None,88933.33,Specialty Average (Interventional Neuroradiology)
B5171ZZ,Fluoroscopy of Left Subclavian Vein using Low Osmolar Contrast,None,88933.33,Specialty Average (Interventional Neuroradiology)
B5181ZZ,Fluoroscopy of Superior Vena Cava using Low Osmolar Contrast,None,27506.15,Specialty Average (Cardiology)
BT131ZZ,Fluoroscopy of Bilateral Kidneys using Low Osmolar Contrast,None,88933.33,Specialty Average (Interventional Neuroradiology)
0018,Infusion of immunosuppressive antibody therapy,Rituximab,24800.0,PMJAY Dataset Match
3962,Hypothermia (systemic) incidental to open heart surgery,None,17613.82,Specialty Average (General Surgery)
3998,"Control of hemorrhage, not otherwise specified",None,1865.31,Specialty Average (General Medicine)
4519,Other diagnostic procedures on small intestine,None,26297.38,Global PMJAY Average
4603,Exteriorization of large intestine,None,1865.31,Specialty Average (General Medicine)
4869,Other resection of rectum,None,1865.31,Specialty Average (General Medicine)
5014,Laparoscopic liver biopsy,Diagnostic / Staging laparoscopy,9700.0,PMJAY Dataset Match
8417,Amputation above knee,None,17509.09,Specialty Average (Orthopedics)
7747,"Biopsy of bone, tibia and fibula",None,17509.09,Specialty Average (Orthopedics)
7966,"Debridement of open fracture site, tibia and fibula",None,17509.09,Specialty Average (Orthopedics)
7989,Open reduction of dislocation of other specified sites,Open Reduction of Small Joint,8500.0,PMJAY Dataset Match
8164,Fusion or refusion of 9 or more vertebrae,Spine deformity correction,30000.0,PMJAY Dataset Match
8670,"Pedicle or flap graft, not otherwise specified",None,17613.82,Specialty Average (General Surgery)
8743,"X-ray of ribs, sternum, and clavicle",None,88933.33,Specialty Average (Interventional Neuroradiology)
8534,Other unilateral subcutaneous mammectomy,Simple Mastectomy,20000.0,PMJAY Dataset Match
8891,Magnetic resonance imaging of brain and brain stem,"High end radiological diagnostic (CT, MRI, Imaging including nuclear imaging)",5000.0,PMJAY Dataset Match
8914,Electroencephalogram,None,26297.38,Global PMJAY Average
9636,Irrigation of gastrostomy or enterostomy,None,26297.38,Global PMJAY Average
9648,Irrigation of other indwelling urinary catheter,None,20001.42,Specialty Average (Urology)
01N50ZZ,"Release Median Nerve, Open Approach",Carpal Tunnel Release,10000.0,PMJAY Dataset Match
02UX08Z,"Supplement Thoracic Aorta, Ascending/Arch with Zooplastic Tissue, Open Approach",Aortic Arch Replacement using bypass,150000.0,PMJAY Dataset Match
02WYX2Z,"Revision of Monitoring Device in Great Vessel, External Approach",None,27506.15,Specialty Average (Cardiology)
03PYX2Z,"Removal of Monitoring Device from Upper Artery, External Approach",None,27506.15,Specialty Average (Cardiology)
03UM0KZ,"Supplement Right External Carotid Artery with Nonautologous Tissue Substitute, Open Approach",None,17613.82,Specialty Average (General Surgery)
04FH3ZZ,"Fragmentation of Right External Iliac Artery, Percutaneous Approach",Peripheral Angioplasty,34500.0,PMJAY Dataset Match
05753ZZ,"Dilation of Right Subclavian Vein, Percutaneous Approach",Peripheral Angioplasty,34500.0,PMJAY Dataset Match
0B938ZZ,"Drainage of Right Main Bronchus, Via Natural or Artificial Opening Endoscopic",None,26297.38,Global PMJAY Average
0BCB8ZZ,"Extirpation of Matter from Left Lower Lobe Bronchus, Via Natural or Artificial Opening Endoscopic",None,26297.38,Global PMJAY Average
400,Incision of lymphatic structures,None,1865.31,Specialty Average (General Medicine)
0CTX0Z0,"Resection of Lower Tooth, Single, Open Approach",Extraction of impacted tooth under LA,500.0,PMJAY Dataset Match
0D9670Z,"Drainage of Stomach with Drainage Device, Via Natural or Artificial Opening",None,26297.38,Global PMJAY Average
0DDE8ZX,"Extraction of Large Intestine, Via Natural or Artificial Opening Endoscopic, Diagnostic",None,26297.38,Global PMJAY Average
0FBG3ZX,"Excision of Pancreas, Percutaneous Approach, Diagnostic",None,1865.31,Specialty Average (General Medicine)
0KR307Z,"Replacement of Left Neck Muscle with Autologous Tissue Substitute, Open Approach",Tissue Reconstruction Flap,25000.0,PMJAY Dataset Match
027137Z,"Dilation of Coronary Artery, Two Arteries with Four or More Drug-eluting Intraluminal Devices, Percutaneous Approach","PTCA, inclusive of diagnostic angiogram",40600.0,PMJAY Dataset Match
0UJ34ZZ,"Inspection of Ovary, Percutaneous Endoscopic Approach",None,12640.26,Specialty Average (Obstetrics & Gynecology)
0W3D0ZZ,"Control Bleeding in Pericardial Cavity, Open Approach",None,17613.82,Specialty Average (General Surgery)
0WJ80ZZ,"Inspection of Chest Wall, Open Approach",None,1865.31,Specialty Average (General Medicine)
3E033XZ,"Introduction of Vasopressor into Peripheral Vein, Percutaneous Approach",None,1865.31,Specialty Average (General Medicine)
3E0U3BZ,"Introduction of Anesthetic Agent into Joints, Percutaneous Approach",None,17509.09,Specialty Average (Orthopedics)
027136Z,"Dilation of Coronary Artery, Two Arteries with Three Drug-eluting Intraluminal Devices, Percutaneous Approach","PTCA, inclusive of diagnostic angiogram",40600.0,PMJAY Dataset Match
6A551Z3,"Pheresis of Plasma, Multiple",Plasmapheresis,2000.0,PMJAY Dataset Match
B41D1ZZ,Fluoroscopy of Aorta and Bilateral Lower Extremity Arteries using Low Osmolar Contrast,None,88933.33,Specialty Average (Interventional Neuroradiology)
B5161ZZ,Fluoroscopy of Right Subclavian Vein using Low Osmolar Contrast,None,88933.33,Specialty Average (Interventional Neuroradiology)
222,Intranasal antrotomy,Functional Endoscopic Sinus (FESS),11000.0,PMJAY Dataset Match
3326,Closed [percutaneous] [needle] biopsy of lung,None,26297.38,Global PMJAY Average
3328,Open biopsy of lung,None,17613.82,Specialty Average (General Surgery)
3379,Endoscopic insertion of other bronchial device or substances,Endobronchial,3500.0,PMJAY Dataset Match
7807,"Bone graft, tibia and fibula",None,17509.09,Specialty Average (Orthopedics)
7815,"Application of external fixator device, femur",Ilizarov Fixation,15000.0,PMJAY Dataset Match
9789,Removal of other therapeutic device,None,26297.38,Global PMJAY Average
02703ZZ,"Dilation of Coronary Artery, One Artery, Percutaneous Approach",None,27506.15,Specialty Average (Cardiology)
025S0ZZ,"Destruction of Right Pulmonary Vein, Open Approach",None,17613.82,Specialty Average (General Surgery)
02UP0JZ,"Supplement Pulmonary Trunk with Synthetic Substitute, Open Approach",None,27506.15,Specialty Average (Cardiology)
047L3DZ,"Dilation of Left Femoral Artery with Intraluminal Device, Percutaneous Approach",Peripheral Angioplasty,34500.0,PMJAY Dataset Match
04LF3DZ,"Occlusion of Left Internal Iliac Artery with Intraluminal Device, Percutaneous Approach",Coil embolization for aneurysms (includes cost of first 3 coils + balloon and / or stent if used),100000.0,PMJAY Dataset Match
02703D6,"Dilation of Coronary Artery, One Artery, Bifurcation, with Intraluminal Device, Percutaneous Approach","PTCA, inclusive of diagnostic angiogram",40600.0,PMJAY Dataset Match
06PY03Z,"Removal of Infusion Device from Lower Vein, Open Approach",None,17613.82,Specialty Average (General Surgery)
8543,Unilateral extended simple mastectomy,Simple Mastectomy,20000.0,PMJAY Dataset Match
8662,Other skin graft to hand,Free Grafts - Wolfe Grafts,14000.0,PMJAY Dataset Match
0BC88ZZ,"Extirpation of Matter from Left Upper Lobe Bronchus, Via Natural or Artificial Opening Endoscopic",None,26297.38,Global PMJAY Average
02110AW,"Bypass Coronary Artery, Two Arteries from Aorta with Autologous Arterial Tissue, Open Approach","Coronary artery bypass grafting (CABG), including intra operative balloon pump (if required)",118100.0,PMJAY Dataset Match
0HQ5XZZ,"Repair Chest Skin, External Approach",None,17613.82,Specialty Average (General Surgery)
0KBR0ZZ,"Excision of Left Upper Leg Muscle, Open Approach",None,17509.09,Specialty Average (Orthopedics)
0KCT0ZZ,"Extirpation of Matter from Left Lower Leg Muscle, Open Approach",Foreign Body Removal,5000.0,PMJAY Dataset Match
0SPB0EZ,"Removal of Articulating Spacer from Left Hip Joint, Open Approach",Revision - Total Hip Replacement,140000.0,PMJAY Dataset Match
0T7C3ZZ,"Dilation of Bladder Neck, Percutaneous Approach",Bladder Neck incision - Endoscopic,15000.0,PMJAY Dataset Match
0UJD4ZZ,"Inspection of Uterus and Cervix, Percutaneous Endoscopic Approach",None,12640.26,Specialty Average (Obstetrics & Gynecology)
0W9C00Z,"Drainage of Mediastinum with Drainage Device, Open Approach",None,17613.82,Specialty Average (General Surgery)
B41G1ZZ,Fluoroscopy of Left Lower Extremity Arteries using Low Osmolar Contrast,None,88933.33,Specialty Average (Interventional Neuroradiology)
B51M1ZZ,Fluoroscopy of Right Upper Extremity Veins using Low Osmolar Contrast,None,88933.33,Specialty Average (Interventional Neuroradiology)
2100,"Control of epistaxis, not otherwise specified",Epistaxis treatment - packing,1800.0,PMJAY Dataset Match
2121,Rhinoscopy,None,26297.38,Global PMJAY Average
4682,Intra-abdominal manipulation of large intestine,Operative Management of Volvulus of Large Bowel,25000.0,PMJAY Dataset Match
8471,"Application of external fixator device, monoplanar system",None,17509.09,Specialty Average (Orthopedics)
009Y30Z,"Drainage of Lumbar Spinal Cord with Drainage Device, Percutaneous Approach",LD,6000.0,PMJAY Dataset Match
02PA0RS,"Removal of Biventricular Short-term External Heart Assist System from Heart, Open Approach",None,17613.82,Specialty Average (General Surgery)
02UX0JZ,"Supplement Thoracic Aorta, Ascending/Arch with Synthetic Substitute, Open Approach",Aortic Arch Replacement using bypass,150000.0,PMJAY Dataset Match
05H633Z,"Insertion of Infusion Device into Left Subclavian Vein, Percutaneous Approach",None,1865.31,Specialty Average (General Medicine)
06HT33Z,"Insertion of Infusion Device into Right Foot Vein, Percutaneous Approach",None,17613.82,Specialty Average (General Surgery)
06QN0ZZ,"Repair Left Femoral Vein, Open Approach",Vascular reconstruction,57600.0,PMJAY Dataset Match
0KR207Z,"Replacement of Right Neck Muscle with Autologous Tissue Substitute, Open Approach",None,17613.82,Specialty Average (General Surgery)
0T9B70Z,"Drainage of Bladder with Drainage Device, Via Natural or Artificial Opening",Suprapubic Drainage - Closed / Trocar,5000.0,PMJAY Dataset Match
B210YZZ,Fluoroscopy of Single Coronary Artery using Other Contrast,Left Heart Catheterization,5000.0,PMJAY Dataset Match
B24BZZZ,Ultrasonography of Heart with Aorta,None,27506.15,Specialty Average (Cardiology)
4511,Transabdominal endoscopy of small intestine,Diagnostic / Staging laparoscopy,9700.0,PMJAY Dataset Match
02PA0QZ,"Removal of Implantable Heart Assist System from Heart, Open Approach",None,17613.82,Specialty Average (General Surgery)
0QPLX5Z,"Removal of External Fixation Device from Right Tarsal, External Approach",None,17509.09,Specialty Average (Orthopedics)
0R9P3ZX,"Drainage of Left Wrist Joint, Percutaneous Approach, Diagnostic",None,17509.09,Specialty Average (Orthopedics)
0XQ4XZZ,"Repair Right Axilla, External Approach",None,1865.31,Specialty Average (General Medicine)
8893,Magnetic resonance imaging of spinal canal,"High end radiological diagnostic (CT, MRI, Imaging including nuclear imaging)",5000.0,PMJAY Dataset Match
B212YZZ,Fluoroscopy of Single Coronary Artery Bypass Graft using Other Contrast,None,27506.15,Specialty Average (Cardiology)
B246ZZZ,Ultrasonography of Right and Left Heart,None,27506.15,Specialty Average (Cardiology)
B44LZZ3,"Ultrasonography of Femoral Artery, Intravascular",None,17613.82,Specialty Average (General Surgery)
B518ZZA,"Fluoroscopy of Superior Vena Cava, Guidance",None,88933.33,Specialty Average (Interventional Neuroradiology)
B547ZZA,"Ultrasonography of Left Subclavian Vein, Guidance",None,88933.33,Specialty Average (Interventional Neuroradiology)
3792,Injection of therapeutic substance into heart,None,27506.15,Specialty Average (Cardiology)
4462,Closure of gastrostomy,Closure of stoma,14500.0,PMJAY Dataset Match
04WY3DZ,"Revision of Intraluminal Device in Lower Artery, Percutaneous Approach",Peripheral Angioplasty,34500.0,PMJAY Dataset Match
06H033Z,"Insertion of Infusion Device into Inferior Vena Cava, Percutaneous Approach",Chemo Port Insertion,18000.0,PMJAY Dataset Match
8962,Central venous pressure monitoring,None,1865.31,Specialty Average (General Medicine)
00NY0ZZ,"Release Lumbar Spinal Cord, Open Approach",None,35731.71,Specialty Average (Neurosurgery)
0BC98ZZ,"Extirpation of Matter from Lingula Bronchus, Via Natural or Artificial Opening Endoscopic",Foreign Body Removal with scope,20000.0,PMJAY Dataset Match
0HX4XZZ,"Transfer Neck Skin, External Approach",Skin Flaps - Rotation Flaps,11400.0,PMJAY Dataset Match
0QPGX5Z,"Removal of External Fixation Device from Right Tibia, External Approach",None,17509.09,Specialty Average (Orthopedics)
0W9B40Z,"Drainage of Left Pleural Cavity with Drainage Device, Percutaneous Endoscopic Approach",VATS,30000.0,PMJAY Dataset Match
0X340ZZ,"Control Bleeding in Right Axilla, Open Approach",None,1865.31,Specialty Average (General Medicine)
B54CZZA,"Ultrasonography of Left Lower Extremity Veins, Guidance",None,88933.33,Specialty Average (Interventional Neuroradiology)
XW043F5,"Introduction of Other New Technology Therapeutic Substance into Central Vein, Percutaneous Approach, New Technology Group 5",None,26297.38,Global PMJAY Average
0881,Linear repair of laceration of eyelid or eyebrow,Lid Tear Repair,5000.0,PMJAY Dataset Match
00C40ZZ,"Extirpation of Matter from Intracranial Subdural Space, Open Approach",Burr hole surgery with chronic Sub Dural Haematoma,20000.0,PMJAY Dataset Match
8389,Other plastic operations on fascia,None,17509.09,Specialty Average (Orthopedics)
02VA0ZZ,"Restriction of Heart, Open Approach",None,17613.82,Specialty Average (General Surgery)
03L13DZ,"Occlusion of Left Internal Mammary Artery with Intraluminal Device, Percutaneous Approach",None,27506.15,Specialty Average (Cardiology)
0B998ZZ,"Drainage of Lingula Bronchus, Via Natural or Artificial Opening Endoscopic",None,26297.38,Global PMJAY Average
0DBL8ZZ,"Excision of Transverse Colon, Via Natural or Artificial Opening Endoscopic",Polypectomy,1500.0,PMJAY Dataset Match
0W9940Z,"Drainage of Right Pleural Cavity with Drainage Device, Percutaneous Endoscopic Approach",Intercostal drainage Only,4800.0,PMJAY Dataset Match
9465,Drug detoxification,None,1865.31,Specialty Average (General Medicine)
9638,Removal of impacted feces,None,26297.38,Global PMJAY Average
B2171ZZ,Fluoroscopy of Right Internal Mammary Bypass Graft using Low Osmolar Contrast,None,27506.15,Specialty Average (Cardiology)
B519ZZA,"Fluoroscopy of Inferior Vena Cava, Guidance",None,88933.33,Specialty Average (Interventional Neuroradiology)
3371,"Endoscopic insertion or replacement of bronchial valve(s), single lobe",None,26297.38,Global PMJAY Average
02UF0JZ,"Supplement Aortic Valve with Synthetic Substitute, Open Approach",Aortic Valve,119000.0,PMJAY Dataset Match
03L03DZ,"Occlusion of Right Internal Mammary Artery with Intraluminal Device, Percutaneous Approach",None,27506.15,Specialty Average (Cardiology)
04CK0ZZ,"Extirpation of Matter from Right Femoral Artery, Open Approach",Thromboembolectomy,28000.0,PMJAY Dataset Match
06PYX3Z,"Removal of Infusion Device from Lower Vein, External Approach",None,17613.82,Specialty Average (General Surgery)
9657,Irrigation of vascular catheter,None,17613.82,Specialty Average (General Surgery)
0WCCXZZ,"Extirpation of Matter from Mediastinum, External Approach",None,17613.82,Specialty Average (General Surgery)
4413,Other gastroscopy,Endocopic as an independent procedure,5000.0,PMJAY Dataset Match
02HR32Z,"Insertion of Monitoring Device into Left Pulmonary Artery, Percutaneous Approach",Right Heart Catheterization,5000.0,PMJAY Dataset Match
0F903ZX,"Drainage of Liver, Percutaneous Approach, Diagnostic",None,88933.33,Specialty Average (Interventional Neuroradiology)
2W1MX6Z,Compression of Left Lower Extremity using Pressure Dressing,None,26297.38,Global PMJAY Average
05793ZZ,"Dilation of Right Brachial Vein, Percutaneous Approach",None,17613.82,Specialty Average (General Surgery)
0WPB00Z,"Removal of Drainage Device from Left Pleural Cavity, Open Approach",None,17613.82,Specialty Average (General Surgery)
2W0MX6Z,Change Pressure Dressing on Left Lower Extremity,None,26297.38,Global PMJAY Average
9704,Replacement of tube or enterostomy device of large intestine,Stoma Management follow up of Colostomy,4500.0,PMJAY Dataset Match
0B978ZX,"Drainage of Left Main Bronchus, Via Natural or Artificial Opening Endoscopic, Diagnostic",None,26297.38,Global PMJAY Average
0F943ZX,"Drainage of Gallbladder, Percutaneous Approach, Diagnostic",None,1865.31,Specialty Average (General Medicine)
0WQ80ZZ,"Repair Chest Wall, Open Approach",None,17613.82,Specialty Average (General Surgery)
7905,"Closed reduction of fracture without internal fixation, femur",None,17509.09,Specialty Average (Orthopedics)
02BM3ZX,"Excision of Ventricular Septum, Percutaneous Approach, Diagnostic",None,27506.15,Specialty Average (Cardiology)
02WY33Z,"Revision of Infusion Device in Great Vessel, Percutaneous Approach",None,27506.15,Specialty Average (Cardiology)
0B938ZX,"Drainage of Right Main Bronchus, Via Natural or Artificial Opening Endoscopic, Diagnostic",Rigid bronchoscopy - Diagnostic + / - biopsy,7000.0,PMJAY Dataset Match
0CDXXZ2,"Extraction of Lower Tooth, All, External Approach",Extraction of impacted tooth under LA,500.0,PMJAY Dataset Match
0QB10ZX,"Excision of Sacrum, Open Approach, Diagnostic",None,17509.09,Specialty Average (Orthopedics)
2Y40X5Z,Packing of Mouth and Pharynx using Packing Material,None,26297.38,Global PMJAY Average
0CDWXZ2,"Extraction of Upper Tooth, All, External Approach",Extraction of impacted tooth under LA,500.0,PMJAY Dataset Match
0DH68UZ,"Insertion of Feeding Device into Stomach, Via Natural or Artificial Opening Endoscopic",None,26297.38,Global PMJAY Average
9715,Replacement of wound catheter,None,1865.31,Specialty Average (General Medicine)
0D568ZZ,"Destruction of Stomach, Via Natural or Artificial Opening Endoscopic",None,26297.38,Global PMJAY Average
02BD0ZX,"Excision of Papillary Muscle, Open Approach, Diagnostic",None,17613.82,Specialty Average (General Surgery)
0B9J8ZZ,"Drainage of Left Lower Lung Lobe, Via Natural or Artificial Opening Endoscopic",Other simple lung procedure excluding lung resection,45000.0,PMJAY Dataset Match
0B958ZZ,"Drainage of Right Middle Lobe Bronchus, Via Natural or Artificial Opening Endoscopic",None,26297.38,Global PMJAY Average
0B9F8ZZ,"Drainage of Right Lower Lung Lobe, Via Natural or Artificial Opening Endoscopic",None,26297.38,Global PMJAY Average
0DP6XUZ,"Removal of Feeding Device from Stomach, External Approach",None,26297.38,Global PMJAY Average
04PYX3Z,"Removal of Infusion Device from Lower Artery, External Approach",None,17613.82,Specialty Average (General Surgery)
0BBF4ZZ,"Excision of Right Lower Lung Lobe, Percutaneous Endoscopic Approach",Pulmonary Resection,70000.0,PMJAY Dataset Match
